pdb_id	n_protein_chains_ge128	min_msa_depth	median_msa_depth	max_msa_depth
9CCE	2	1	1	1
9DIR	2	1	25341	25341
9FAP	21	1	14702	16009
9NNF	2	1	8533	8533
8YKY	4	1	6246	45103
9K7Z	60	1	1	1
9LM8	1	1	1	1
9NHH	7	1	2634	3951
9R2R	4	1	1	1
9HCJ	92	1	1437	48168
9WJH	1	1	1	1
9R2K	1	1	1	1
9E78	489	1	4533	36508
9DEF	3	1	1	1
8VEA	3	1	1	1
9CC5	3	1	1	1
9VZI	3	1	1	1
9K8K	2	1	1	1
9K8C	2	1	1	1
9CWR	6	1	201	201
9FAM	21	1	2423	14706
8Y6V	41	1	105	296
9K87	60	1	1	1
8VX7	2	1	1	1
9K8F	1	1	1	1
9BEI	4	1	8736	9677
9VVN	3	1	1	1
9K8E	12	1	1	1
9LM7	2	1	1	1
9CCF	2	1	1	1
9NZH	3	1	1	1
9YNW	14	1	869	2522
8XB2	1	1	1	1
9DIV	8	1	1	1
9IHC	3	1	8736	9677
9R2L	8	1	1	1
9DM3	1	1	1	1
9YOL	6	1	869	1780
9EXZ	3	1	1	1
9F0L	1	1	1	1
9K82	12	1	1	1
8XQS	4	1	6312	45103
9MG8	2	1	1	1
9K89	60	1	1	1
8XQL	4	1	11954	45103
8ZKK	6	1	3004	6559
9CYX	6	1	37	37
9FGA	18	1	14523	15074
8YL8	12	1	1	1
9DEE	3	1	1	1
8XB4	1	1	1	1
9R7F	3	1	1	1
8XQN	4	1	6312	45103
9FWA	4	1	1	1
9EDT	6	1	4513	31566
9R2O	2	1	1	1
9B4H	3	1	1	1
9K8J	1	1	1	1
9DN6	4	1	1	1
9HYU	18	1	2008	16633
9KHH	6	1	2210	2210
8XB3	1	1	1	1
9FGD	18	1	14523	15074
9HAC	2	1	1	1
9DL1	4	1	8494	8494
8XQW	60	1	27	20801
8XQO	4	1	6314	45103
9DKK	4	1	100	100
9FAQ	21	1	14702	16009
9WJI	1	1	1	1
9DNI	4	1	1	1
8VEJ	2	1	1	1
9YNU	11	1	869	2043
9CYY	29	1	1	40
9K8A	12	1	1	1
9K8B	1	1	1	1
8S89	1	1	1	1
8XQR	4	1	11954	45103
9RPD	8	1	4510	4513
9K83	21	1	1	1
9K8H	2	1	1	1
9R2V	8	1	1	1
9QDP	3	1	1	1
8XQP	4	1	6280	45103
9EDR	7	1	4510	37317
9Y0I	4	1	1	1
8XFP	4	1	272	272
9K7Y	60	1	1	1
8XFT	4	1	272	14689
9D01	1	1	1	1
8XQT	4	1	6312	45103
9MIN	8	1	8480	8480
9FW5	1	1	1	1
9FAJ	24	1	2423	14706
9FW7	1	1	1	1
8ZMS	1	1	1	1
8VC8	1	1	1	1
9EXK	1	1	1	1
8ZKM	6	1	3004	5258
9LM9	2	1	1	1
8XQX	60	1	27	20801
8YL4	2	1	1	1
9K8G	3	1	1	1
9Y6S	997	1	4533	51545
9K80	16	1	1	1
9DEH	5	1	1	1
9K84	21	1	1	1
9EDS	7	1	4510	37317
9VYH	6	1	819	819
9N6E	7	1	8586	10022
9EEB	6	1	4513	31566
9K81	25	1	1	1
9CWP	2	1	295	295
9DEG	4	1	1	1
9MXI	21	1	8736	9677
9HNH	1	1	1	1
9PZI	15	1	8736	9677
9UOK	4	1	2210	2210
8Y69	6	1	10615	16613
9FGB	6	1	14523	15074
9K8D	3	1	1	1
9GBT	4	1	1	1
9FPM	3	1	1	1
9LP2	4	1	1	1
9CC6	1	1	1	1
9LNI	3	1	1	1
9K86	21	1	1	1
9K85	21	1	1	1
9YOQ	11	1	869	2043
9FAT	21	1	2423	14706
9FGC	6	1	14523	15074
9COD	15	1	1	1
9K3A	2	1	2476	2476
8ZMR	1	1	1	1
9K8L	3	1	1	1
9Y59	8	1	1	1
9LX4	6	1	1	1
9FAK	24	1	2423	14706
9MRB	1	1	1	1
9K8I	12	1	1	1
9VEL	20	2	11860	11860
9HZ8	52	2	81	2563
9VND	7	2	12622	12622
9RCV	7	2	7626	38499
9JDH	1	2	2	2
9K2V	30	2	11	6461
9E3J	6	2	13	2111
9I09	3	2	2	2
9E3K	8	2	77	25106
9OCH	3	2	38332	38777
9E3L	12	2	8858	9986
9OAB	60	2	5	3082
9IVK	9	2	8596	9188
9HU4	12	2	2	3
9J7X	3	2	2	2
9FED	1	2	2	2
9E3H	8	2	77	28054
8YNX	1	2	2	2
9VFJ	18	2	1886	11566
9LGW	2	3	5584	5584
9DD3	3	3	3	3
9RKV	13	3	3470	3665
9FPA	3	3	3	5447
9HU5	2	3	3	3
9H5B	4	3	3	24
9I5C	4	3	3	3
9HU6	2	3	3	3
9YA2	99	3	4545	46801
9HD7	42	3	4298	15627
8XB8	60	3	3	3
9FN4	6	3	5447	5447
9D0Y	6	3	320	320
9FEI	3	3	3	3
9HAR	180	3	3	3
9YA1	96	3	4545	46801
9YA3	108	3	4545	47043
9B45	42	3	3701	9854
9G9T	48	3	5814	41059
9I4X	16	3	5823	41059
8VSJ	5	3	8680	11819
9E5C	1103	4	4473	43101
9DD4	2	4	4	4
9DD0	4	4	13	13
9QZF	54	4	2306	49588
9NO1	24	4	77	102
9CCV	6	4	598	598
9DCZ	4	4	13	13
9YA0	117	4	31	21229
9Y9Z	378	4	1483	4985
9MT4	12	4	2866	21014
9DKR	6	4	4	4
9D45	9	4	3985	20313
8ZNI	2	4	5568	5568
9IO5	23	4	18982	20952
9QZC	9	4	2306	49588
9PF9	3	4	8303	9900
9DKS	6	4	4	4
8ZQE	4	5	6464	47452
9NW3	97	5	4458	7917
9XZY	1	5	5	5
8YH6	5	5	4796	39966
9N0I	8	5	5	5
9CTE	1	5	5	5
9DBD	3	5	5	5
9OCI	3	5	38332	38777
8YH5	5	5	4796	39966
9C39	10	5	2607	21565
8YH3	5	5	4796	39966
8YH0	5	5	4796	39966
9DBF	3	5	5	5
9DRL	24	5	1066	1066
8YH2	5	5	4796	39966
9BE7	6	6	6	6
9O0H	1	6	6	6
9XPS	15	6	6	14833
9BDS	6	6	6	6
9BE8	6	6	6	6
9M67	10	7	7	7
9F5Y	35	7	8640	38901
9F62	126	7	8057	41154
9F5X	57	7	8189	41154
9H19	5	7	2228	11094
9H22	5	7	2228	11245
8XH7	6	8	8	8
9R6H	2	8	8	8
8XH6	2	8	8	8
8ROR	9	8	9281	9841
8ZEO	4	8	4148	4148
8XKS	19	8	27	20801
9NXP	3	8	8	8
9E2G	415	8	4473	33593
8ZEP	4	8	4148	4148
8ZEN	4	8	4148	4148
9N9E	4	8	4520	4520
9EVD	5	8	16	10931
9MN2	2	9	9	9
9BRD	30	9	3737	20862
9BDQ	5	9	9	821
9IV9	15	9	9	923
9B8P	13	9	5214	20862
8Y3U	3	9	9	9
9CGI	5	9	9	839
9COK	7	9	9	831
8ZPV	5	9	9	844
9DLO	3	9	9	9
9IVA	15	9	9	839
9KNZ	5	9	9	839
9MZH	7	9	9	831
9FUX	15	9	9	845
9IR3	6	9	9	839
9MUW	7	9	9	902
9CWO	5	9	9	949
9HDI	1	9	9	9
9IR4	6	9	9	841
9BRC	30	9	3737	20862
9DD1	1	9	9	9
9BRB	30	9	3737	20862
9GJT	5	9	9	827
9BSU	5	10	10	15073
9BSV	6	10	15098	15098
9EUL	1	10	10	10
9E0H	7	10	10	10
9DZW	6	10	10	10
9NXO	12	10	10	10
9H9S	1	10	10	10
9RP3	2	10	10	10
9QUP	2	10	10	10
9DZ2	8	10	2660	3403
9DIX	6	11	14	121
9QUO	1	11	11	11
9QC8	5	11	11	47
9QCO	4	11	11	47
9QUI	1	11	11	11
9QCM	14	11	3416	18140
9GEI	4	11	5812	5812
8Y9K	4	11	11	11
9QUL	1	11	11	11
9QCE	6	11	3416	18140
9UG5	3	11	11	11
9QUD	1	11	11	11
8YK9	4	11	11	11
9EA9	9	11	11	29660
9UG6	3	11	11	11
9GEH	3	11	11	11
9GED	3	11	11	11
9DIY	3	11	14	121
9QUC	1	11	11	11
9QCN	3	11	11	11
9GEE	3	11	11	11
9GEG	3	11	11	11
9EIE	6	12	12	12
8RXO	2	12	12	12
9JQK	4	12	12	12
9E7T	3	12	1639	5183
9E7U	3	12	1639	4995
9KZO	15	12	12	12
9KZB	12	12	12	12
9L2S	27	12	12	12
9GJG	3	13	23	5362
9YC3	2	13	11266	11266
9NJL	12	13	8096	9936
9NNU	6	13	2613	2613
9DCX	1	13	13	13
9F90	6	13	8490	9665
9NPT	9	13	2535	8143
9NPS	12	13	2554	2554
9MR7	9	13	9174	9583
9EUH	15	13	504	8470
9M38	1	13	13	13
9EUG	27	13	2016	8470
9NPR	9	13	2535	3403
9EUF	63	13	3876	8470
9FCH	2	14	14	14
9F8Y	4	14	14	14
9EQP	8	14	14	14
9N0R	5	15	15	1076
9N0U	5	15	15	1076
8RWU	2	15	15	15
9BYK	21	15	5989	26211
9CMH	2	15	7238	7238
9BXU	21	15	5989	26211
9BOP	16	15	31446	43713
9CMI	4	15	8615	9083
9BYM	17	15	4406	14045
9LC0	24	15	15	20514
9QX1	4	15	375	375
9YF5	84	15	249	20514
9N0T	5	15	15	1076
9Q3A	5	15	15	1069
9N0Q	5	15	15	1076
9N0S	5	15	15	1076
9N36	5	16	16	738
9ECV	5	16	16	738
9ED2	5	16	16	738
9H1Y	5	16	16	1056
9H1G	5	16	16	1056
9H1Q	5	16	16	1056
9C7Y	5	16	16	738
9FKB	87	17	2281	3313
9H8B	154	17	17	17
9BAB	1	17	17	17
9BAC	1	17	17	17
9H4P	108	17	2281	5491
9FTD	1	17	17	17
8RM1	6	18	33	33
9MHA	6	18	2591	2591
9JA6	4	18	18	18
8VXQ	18	18	103	103
9EFK	48	18	2107	2647
9UX0	3	18	3190	3190
9QA6	4	18	18	18
9BGO	12	18	18	18
9S3S	3	19	19	19
9LPT	4	19	19	19
9P6X	9	19	13944	15073
9F3F	3	20	28	5455
9LCW	4	20	20	20
9DUT	21	20	95	907
9DCY	2	20	20	20
9OCE	21	20	95	907
9EUJ	14	21	3876	8470
9H7V	27	21	45	5491
9EUK	7	21	3950	8470
9EUI	25	21	3876	8470
9OLQ	5	22	22	22
9C1L	11	22	22	145
9C1J	43	22	132	172
9C1G	28	22	35	172
9C1K	40	22	35	172
8VBX	24	22	22	2033
9C1H	43	22	132	172
9YDA	4	22	13328	46778
9GJL	2	23	42	42
9GJH	2	23	42	42
9GJB	2	23	42	42
9GJE	2	23	42	42
9GJK	2	23	42	42
9GJC	2	23	30	30
9EAU	12	23	46	54
9GJJ	2	23	30	30
9GJI	2	23	42	42
9GJA	2	23	42	42
9GJM	2	23	30	30
9GJF	2	23	30	30
9GJD	2	23	42	42
8Y0E	7	24	3398	7949
9QNT	12	24	24	24
8YQX	3	24	50	3384
8XX5	7	24	3460	7949
9MX1	3	24	9394	10352
8XXT	7	24	3460	8385
9CYT	10	24	35	37
8YQU	7	24	3398	7949
9QND	12	24	24	24
8YQY	7	24	3398	7949
9QNF	12	24	24	24
8YQW	7	24	3398	7949
8YQT	7	24	3398	7949
9N8F	12	25	8634	9931
9N8E	2	25	2686	2686
9L0K	57	26	2686	5345
9CXU	6	26	326	326
8S5T	1	26	26	26
8XY6	7	26	5379	13213
9CXT	6	26	326	326
9KZ9	69	26	2651	5345
9H9Q	12	27	3932	4714
9N10	2	27	28638	28638
9P1I	24	27	19900	19900
9H9R	42	27	3932	4714
9GOS	1	27	27	27
9C9Z	10	28	6890	10695
8RM0	3	28	28	28
9CCD	10	28	6890	10695
9CAT	10	28	6890	10695
9WYP	23	29	2375	5749
9JVU	1	29	29	29
9LR9	30	30	89	151
8V9V	1	30	30	30
9THJ	3	30	30	30
9JIG	2	31	31	31
9GVG	12	31	9030	9185
9N4H	2	31	31	31
9EX9	21	31	41	3064
9BIW	2	31	31	31
9JII	6	31	31	31
9I2O	3	31	31	31
9JIK	6	31	31	31
9JIM	12	31	24683	24683
8S5R	4	31	31	31
9EXN	21	31	41	3064
9N4I	2	32	32	32
9N4G	4	32	32	32
9JIJ	2	33	33	33
9IY2	10	33	9160	10189
9GNP	3	33	33	33
9JIF	2	33	33	33
9DD2	3	33	33	33
9JIO	4	33	26151	26151
9RKS	24	34	5210	5452
9GG2	13	34	34	34
9HZ7	24	34	5210	5210
9EFI	4	34	34	34
8VVL	3	34	8285	9792
8VVK	6	34	9963	10573
9RKU	60	34	5210	19819
8VWW	5	34	9086	9790
8RD2	2	35	35	35
9JIE	6	36	36	36
9ZDG	1	36	36	36
9JIL	6	36	36	36
9AVF	2	37	37	37
8XYP	4	37	9697	11043
8XYX	4	37	9697	11043
9IRK	3	37	6554	6554
9LB2	6	37	37	37
8XYQ	4	37	9697	11043
8XYL	4	37	9697	11043
9U92	4	37	5786	9697
9JIN	12	37	27701	27701
8Y2Y	1	38	38	38
9B8J	6	38	4690	9086
9IMX	8	38	16179	16179
9GK2	18	38	38	38
8Y2Z	2	38	34476	34476
9NY6	3	38	38	38
9HPN	6	38	38	38
9D2F	28	38	10062	43884
8ZE4	2	38	34476	34476
9LB5	12	39	40	40
9JLB	3	39	39	39
8VFM	12	39	19551	19551
9ITF	3	39	39	39
9GQN	2	40	40	40
9L9Y	6	40	9298	9921
9MY8	3	40	8623	8996
9Z3Q	2	40	115	115
9EVW	8	41	41	41
9LB4	6	41	41	41
8XA0	9	41	87	87
9LB3	6	41	41	41
9OM8	4	42	42	42
9YI3	2	42	42	42
9O6K	4	42	7896	10915
9RVE	4	42	95	344
9GSQ	6	42	42	42
9OR6	2	42	42	42
9ZM0	1	42	42	42
9YL4	12	42	42	42
9OSX	3	42	8395	12217
9ISH	8	43	23847	23847
9ISF	2	43	25877	25877
9MOG	201	43	2737	9144
8RBS	85	43	2790	2790
8RBT	19	43	2790	2790
9F4B	147	43	675	11341
9OFT	1	43	43	43
9MKB	512	43	2742	9430
9K0A	6	44	44	44
9UZP	10	44	50	275
9BFR	2	44	44	44
9ARL	3	44	47	234
9BFQ	2	44	5656	5656
9K0B	2	44	44	44
9YUP	4	44	44	44
9UZO	9	44	50	275
9OP5	24	45	84	84
9OP4	24	45	84	84
9GSO	3	45	45	45
9F2B	2	46	22991	22991
9E9Y	12	46	50	2193
9NRZ	6	46	54	54
9ARK	3	46	50	240
9RYC	4	46	95	344
8W12	6	46	46	61
9F3C	2	46	22991	22991
9F2Y	2	46	22991	22991
9L3V	6	46	53	53
9F25	1	46	46	46
9NRX	24	46	54	54
9GKQ	1	46	46	46
9DQX	12	46	52	26582
8W1I	10	46	46	46
9QC7	2	46	47	47
9L1N	12	46	52	19917
9DQZ	12	46	52	20287
9L41	6	46	53	53
9UIH	6	46	53	53
9E9Z	12	46	49	2193
8W1R	11	46	46	169
8W1C	15	46	46	120
9AY1	10	46	51	9533
8VSV	16	46	51	9533
8W19	15	46	46	120
9L9A	4	46	51	51
9OGQ	1	46	46	46
9ARJ	3	46	50	240
9UIO	6	46	53	53
9E96	12	46	49	2193
9WSL	6	46	53	53
8W1S	11	46	46	169
9F2J	2	46	22991	22991
9NRY	6	46	54	54
9L99	4	46	51	51
9IYI	20	47	8184	26748
9BBN	20	47	8290	26748
9J6D	12	47	56	26748
9IXA	4	47	8184	9106
9IW2	4	47	8608	9414
9IXI	12	47	51	26748
9IZ9	20	47	8608	26748
8Y2N	4	47	4735	4735
8ZB1	4	47	4735	4735
8Y2M	4	47	4735	4735
9DQV	12	48	53	26582
8XI5	12	48	52	1575
8YW1	24	48	50	18357
8YS4	12	48	52	1575
8YVZ	12	48	50	18357
8YVY	12	48	50	18357
9KQR	12	48	54	1907
8XI4	12	48	52	1575
9BHH	20	48	8189	26748
8YS2	12	48	52	1575
9DQY	6	48	53	53
8YW0	12	48	50	18357
9RBQ	10	48	54	3586
8YW2	49	48	50	18357
9RBR	9	48	54	1907
9N5I	6	49	8637	9945
9N5K	2	49	274	274
9MVV	2	49	278	278
9MVT	1	49	49	49
9N5O	3	49	8375	9681
9N5H	7	49	9617	10082
8YQV	6	50	4408	7949
9R78	28	50	95	154
9R8U	6	51	162	162
8VB0	9	51	4533	4533
9FYA	6	52	192	192
9FYG	18	52	192	192
9MT6	6	52	202	202
9MIY	3	52	52	52
9NSC	6	52	52	52
9N0D	6	52	210	210
9MT2	6	52	176	176
9MJ1	36	52	8186	8384
8VGT	2	52	2709	2709
9FGM	1	52	52	52
9FYE	18	52	192	192
9MEW	12	52	7904	9490
9NST	6	52	52	52
9NSS	6	52	52	52
9MIV	12	52	8186	8384
9MHE	36	52	8186	8384
9NS6	6	52	52	52
9FGJ	1	52	52	52
9MJ2	6	52	184	184
9JZQ	5	52	9839	10162
9NSU	6	52	52	52
9UZB	3	54	9492	9812
8YQQ	2	54	2845	2845
9UZC	3	55	9492	9812
9UZI	3	55	9492	9812
9GHJ	4	55	9103	9288
9UZG	3	55	9492	9812
9UZE	3	55	9492	9812
9UZD	3	55	9492	9812
9JCY	9	55	8384	9706
9UZF	3	55	9492	9812
9JCX	9	55	2243	32813
9IHR	30	55	9323	37551
9IHO	27	55	7397	37551
9IHQ	28	55	9323	37551
9UZH	3	55	9492	9812
9IHP	29	55	7397	37551
9FZK	6	57	117	117
9FWO	6	57	117	117
9FWM	6	57	117	117
9FWS	6	57	117	117
9FWH	6	57	117	117
9H0B	4	57	15282	15282
9FWL	6	57	117	117
9FWJ	6	57	117	117
9FWU	6	57	117	117
9FWP	6	57	117	117
9FW2	6	57	117	117
9FWR	6	57	117	117
9FWI	6	57	117	117
9C6O	2	57	2605	2605
9FWQ	6	57	117	117
9FWT	6	57	117	117
9FZ4	6	57	117	117
9FWK	6	57	117	117
9FWN	6	57	117	117
9GHI	12	58	9252	10710
9F21	1	58	58	58
8ZUF	2	58	26565	26565
9N7E	2	58	2403	2403
9F1V	1	58	58	58
9UZA	6	59	8804	9589
9N7D	2	60	2539	2539
9E0I	2	60	2560	2560
8RZD	2	60	4209	4209
8RV7	6	60	4209	4209
8RV9	6	60	4209	4209
9D32	2	60	2620	2620
8RV4	6	60	4209	4209
8RVA	6	60	4209	4209
8RV5	6	60	4209	4209
8RV6	6	60	4209	4209
8RZC	6	60	4209	4209
8RZE	6	60	4209	4209
8RVB	6	60	4209	4209
8RV8	6	60	4209	4209
9GWO	6	61	4277	4277
8XKL	7	61	4010	4840
8XR6	30	61	2559	42141
9D81	1	61	61	61
9GRQ	6	61	4277	4277
9EMV	12	61	4277	4277
9EUN	6	61	4277	4277
9GUE	8	61	4277	4277
9GUF	8	61	4277	4277
9D80	6	61	257	5872
9GUD	8	61	4277	4277
9GUY	8	61	4277	4277
9GRP	6	61	4277	4277
9EMJ	6	61	5119	5119
9Q8H	6	61	4277	4277
9GTF	8	61	4277	4277
9GNY	6	61	4277	4277
9EML	8	61	4277	4277
9F4A	192	62	2705	11341
9CUY	35	62	4747	10988
9MJN	1990	62	3560	18207
9BQW	9	63	8930	9790
9P3L	16	64	377	377
9P3I	8	64	377	377
9P3X	16	64	377	377
9P3M	16	64	377	377
8YDR	1	64	64	64
9P3Y	8	64	357	357
8YDT	2	64	64	64
9F7I	1	64	64	64
9XPE	24	65	226	226
9B6M	2	65	166	166
8YG8	3	66	66	66
8YG6	3	66	66	66
9I81	3	66	66	392
9KPF	4	67	6322	45103
9KPD	4	67	11954	45103
9K6L	4	67	6226	45103
9KPE	4	67	6347	45103
9E03	6	67	18223	18223
9QB8	1	68	68	68
9QHH	1	68	68	68
9QBB	1	68	68	68
9D93	36	69	2547	45633
9EUW	1	69	69	69
9V2P	3	69	24898	24898
9EUV	1	69	69	69
9L5V	66	71	2551	4052
8XLP	22	71	2525	5018
9F8E	4	71	9077	9077
8ZGU	3	71	9597	9847
8ZE6	4	71	26819	26819
8ZDX	4	71	22551	22551
9JPT	8	71	71	71
9K9N	3	71	21483	21483
9B3H	2	71	4420	4420
9X6Q	2	72	72	72
9H2J	16	72	76	3492
8VWJ	36	72	76	116
8VWI	36	72	76	116
9H2B	14	72	76	116
9H2A	32	72	76	116
9H2C	4	72	78	78
9QT3	12	73	9009	9634
9GN0	1	73	73	73
9OG2	3	73	28741	31322
9SHD	9	73	8301	10248
9OG1	1	73	73	73
9GNH	3	73	73	73
9EN4	2	74	74	74
9UMS	5	74	76	18965
9IRO	2	74	13238	13238
9JPS	8	75	75	75
9JPR	8	75	75	75
8X9X	12	76	85	85
8VWH	8	76	76	76
9O4P	4	76	76	76
9UK5	3	76	9704	9723
8X9Z	14	76	85	86
8XA3	12	76	87	87
8X9Y	12	76	85	85
9O4O	4	76	76	76
9LRY	3	76	79	29403
9XPH	12	76	131	12601
9EJE	4	76	76	76
9X80	23	76	79	29403
9O4N	4	76	76	76
9KRQ	2	76	76	76
9LS0	2	76	29403	29403
9CYE	12	76	8729	9557
9O4Q	4	76	76	76
9BTC	1	76	76	76
9NEI	5	76	76	76
9H1S	2	76	76	76
8XA2	8	76	87	87
9VP0	3	76	9704	9723
9X7V	18	76	29403	29403
9X7S	24	76	79	29403
8YVK	4	77	77	77
8X9W	6	77	85	87
8XA1	8	77	83	87
9OSR	4	77	77	77
9CYG	4	78	78	78
9KOD	4	78	78	78
9CYF	12	78	8729	9557
9L44	4	78	78	78
9CYI	12	78	8348	10044
9CYJ	6	78	78	10192
8Z4E	5	78	9730	9987
9H2K	4	78	78	78
9EWQ	4	78	78	78
9SXC	2	79	6899	6899
9EIT	4	79	79	79
9NAZ	3	80	80	80
9HLH	4	80	80	80
9NFP	3	80	80	80
9R5T	4	80	80	80
9HLI	4	80	80	80
9NIO	3	80	80	80
9NHA	3	80	80	80
9S2V	2	80	80	80
9NHU	3	80	80	80
9HLG	4	80	80	80
9NJG	1	80	80	80
9FQR	4488	81	4509	47928
9AY5	78	81	4890	7910
9VZK	12	81	3534	17927
8ROQ	16	81	147	147
9GQX	2	81	81	81
9PNQ	1	81	81	81
9PNT	1	82	82	82
8VY9	4	82	5223	6466
9FM2	4	82	82	82
9PNR	1	82	82	82
9BYF	9	82	8184	9927
8ZR4	24	82	17979	17979
8RN0	5	83	94	6246
9MQW	1	83	83	83
9IJV	4	83	83	83
9S0M	2	83	83	83
8RMP	3	83	94	417
9SAL	2	83	83	83
8YVM	4	83	83	83
8RMS	3	83	94	417
8RMQ	3	83	94	417
9SAM	2	83	83	83
9KRA	2	83	28387	28387
9SAJ	6	83	83	83
8ZYX	4	83	83	83
9SAK	4	83	83	83
8YVN	4	83	83	83
9KRB	2	83	2493	2493
9MQV	3	83	9454	9805
8RMR	7	83	94	6246
9SAN	2	83	83	83
9OPV	10	84	84	84
8YVL	4	84	84	84
9NEE	2	84	101	101
9O9V	4	84	84	84
9OP8	12	84	84	84
8Y7M	6	84	102	353
8Y7O	18	84	102	353
9OPC	12	84	84	84
9OPB	10	84	84	84
9EJF	4	84	84	84
9DGO	6	85	85	85
8RNB	5	85	97	6246
9V2L	3	85	24898	24898
8RN8	6	85	97	448
8RN4	5	85	97	448
8RN7	5	85	97	448
8RN9	5	85	97	448
8RN3	5	85	97	448
9TH6	2	85	23019	23019
8RNC	9	85	97	6246
9NDT	2	85	101	101
9NE0	2	85	101	101
8RN5	5	85	97	448
9HH5	6	85	164	164
8RNA	10	85	97	6246
8RN6	3	85	97	448
9O5U	4	85	85	85
8RN2	3	85	97	448
8YSH	1	86	86	86
9HPA	8	86	8124	8335
9R0J	3	86	103	8124
9MD4	4	86	86	86
9HLS	10	86	7799	8196
9MD2	4	86	86	86
9MD6	4	86	86	86
9MD5	4	86	86	86
9GQT	6	86	86	86
9NEL	2	86	101	101
9MD3	4	86	86	86
9R09	3	86	103	8124
9HNG	3	86	101	8124
9R0B	3	86	103	8124
8ZU9	3	87	8590	9818
8YDL	6	87	87	87
8ZUA	12	87	8506	9755
9JJ6	6	87	24620	24620
9GQQ	2	87	87	87
8YSF	2	87	87	87
8V7W	6	87	87	87
8V8E	6	88	88	88
9KMC	6	88	9340	10215
8XWG	1	88	88	88
9PMP	3	88	88	88
9XQS	28	88	128	246
9NGY	15	88	415	1261
9CDS	18	88	9257	9367
9NH0	69	88	924	1261
9PN3	1	88	88	88
9PNM	1	88	88	88
9VHZ	3	88	8859	9717
9JSA	2	88	88	88
9LF8	12	88	8182	9686
9PO6	1	89	89	89
9J7Y	1	89	89	89
9GY5	1	89	89	89
9PNL	1	90	90	90
9PN2	1	90	90	90
9RDH	4	90	18382	49872
9HBK	4	90	18382	49872
9PMR	3	90	90	90
9OC7	4	91	8484	8484
9LZW	6	91	91	91
9OC6	2	91	8484	8484
9LZL	6	91	91	91
8V7T	6	92	92	92
9V85	2	92	92	92
9KNQ	5	93	93	922
9I44	3	93	93	93
9NDA	2	93	100	100
9UUS	4	93	2007	2249
9EJW	6	93	4409	4409
9KNT	4	93	93	922
9VKW	4	93	2007	2249
9NDQ	2	93	100	100
9UUO	4	93	2007	2249
8VGZ	3	93	93	93
9KNV	4	93	93	922
8Y8V	1	94	94	94
8V8G	6	94	94	94
9EXA	6	94	8934	9626
9DUS	15	95	95	907
9WYE	3	95	95	95
9OCF	5	95	95	907
9IVW	2	96	96	96
9R6R	1	96	96	96
9JMO	3	96	96	96
9R6Q	2	96	96	96
9R6O	2	96	96	96
9KYD	6	96	96	2289
9FTF	3	96	96	96
9IVX	9	96	96	150
9R6P	3	96	96	96
9KYC	5	96	96	39234
9JG9	5	97	4913	4913
9JMF	3	97	97	97
9WYD	6	97	8484	8484
9JG8	6	97	4913	4913
9H3J	3	97	97	97
8ZDO	39	97	5334	21236
8ZDQ	33	97	5334	21236
9JMP	3	98	98	98
9LIE	1	98	98	98
9D4T	3	98	98	98
9QAA	2	98	3645	3645
9CN2	2	98	5949	5949
9WYG	3	98	98	98
9OH5	2	98	98	98
9DOJ	6	99	99	99
9Q9V	2	99	3645	3645
9UEA	3	99	99	99
9VVR	36	100	2077	2106
9JMH	3	100	100	100
9FXX	1	100	100	100
8RT1	9	100	100	100
8Y88	5	100	100	2810
9CBN	24	100	8674	10461
8Y8G	3	100	100	100
8Y87	12	100	100	2810
9DBT	8	100	8435	8435
8Y8A	6	100	2810	2810
8Y89	5	100	100	2810
8Y8D	3	100	100	100
8Y8J	2	100	100	100
8Y8E	3	100	100	100
8Y8H	3	100	100	100
8Y8F	3	100	100	100
8S0M	6	100	2800	12563
9FXV	1	100	100	100
8Y8I	3	100	100	100
8RT0	1	100	100	100
8Y8B	4	100	2810	2810
8Y8C	3	100	100	100
9VUV	6	100	100	100
9NDZ	2	101	102	102
9LVT	6	101	101	101
9N9U	1	101	101	101
9NEB	2	101	102	102
9JUF	2	101	101	101
8S2F	2	101	101	101
8Y7X	18	101	2810	2810
9KGN	2	101	101	101
9KGS	2	101	101	101
9KGR	2	101	101	101
9KGQ	2	101	101	101
9L7B	2	101	101	101
9BOO	3	101	101	101
9N8P	12	101	323	323
9L6N	2	101	101	101
8ZQ8	3	101	101	101
9LVV	3	101	101	101
8Y7Y	3	101	101	2810
9PAC	4	101	101	101
9FEJ	1	101	101	101
9Y8W	8	101	101	101
9VS1	6	101	101	101
9L4S	2	101	101	101
9KZ3	2	101	101	101
9DW6	2	101	101	101
9KGJ	2	101	101	101
9KZF	2	101	101	101
9KZS	2	101	101	101
9KSH	3	102	102	102
8ZT9	8	102	102	102
9ASW	6	102	102	102
9NA0	1	102	102	102
9PKR	6	102	102	102
9VUT	6	102	102	102
9CJU	6	102	102	102
9J19	6	102	102	102
9KSI	3	102	102	102
9CPC	375	102	4330	35105
9ART	6	102	102	102
9AT6	6	102	102	102
9AT4	6	102	102	102
9F39	1	102	102	102
9X7D	6	102	102	102
9M6Q	2	102	102	102
8ZAI	2	102	102	102
8YOY	2	102	2845	2845
9AT7	6	102	102	102
9KX0	1	102	102	102
9MVO	4	102	102	102
9KR5	3	102	102	102
9AT5	6	102	102	102
9UOS	6	102	102	102
9ASY	6	102	102	102
8Z1H	2	102	102	102
9X7F	6	102	102	102
9ASV	6	102	102	102
9X7H	6	102	102	102
9WHE	3	102	102	102
9ASZ	6	102	102	102
9LV3	12	102	301	301
9MVQ	6	102	102	102
9H0F	6	102	102	102
9MVP	3	102	102	102
9XYZ	3	102	102	102
9D08	3	102	102	102
9AT1	6	102	102	102
9AT0	6	102	102	102
9X7G	6	102	102	102
9F3A	2	102	102	102
9VUU	8	102	102	102
9AT3	6	102	102	102
9EOX	14	103	103	103
9ARS	6	103	103	103
9SDM	6	103	103	103
9NWB	1	103	103	103
9ZNL	4	103	103	103
9BTT	1	103	103	103
7I1F	10	103	103	103
9N9B	3	103	103	103
9EXU	6	103	103	103
9GF7	1	103	103	103
9RIY	2	103	103	103
9EL4	6	103	103	103
9RHX	6	103	103	103
9RIZ	2	103	103	103
9EET	3	103	103	103
9EOR	10	103	103	103
9PYS	1	103	103	103
9BPF	6	103	103	103
9F2X	2	103	103	103
9RI1	6	103	103	103
9N99	6	103	103	103
9BST	1	103	103	103
9GHN	6	103	103	103
9UOQ	3	103	103	103
9CEK	6	103	103	103
9BC0	1	103	103	103
9O6F	6	103	103	103
9N9T	2	103	103	103
8VSG	2	103	103	103
9BO8	3	103	103	103
9BBS	1	103	103	103
8Z46	1	103	103	103
8RJV	3	103	103	103
9OJG	1	103	103	103
9BQT	1	103	103	103
9RHT	6	103	103	103
9BQQ	1	103	103	103
7I1C	10	103	103	103
9O6P	6	103	103	103
7HUE	4	103	103	103
9BNV	3	103	103	103
9RID	2	103	103	103
9XYX	3	103	103	103
9AUK	6	103	103	103
9OCK	3	103	103	103
9BQF	1	103	103	103
9ELV	6	103	103	103
7I1H	10	103	103	103
9H4B	1	103	103	103
9N6F	3	103	103	103
9BS7	1	103	103	103
9BTF	1	103	103	103
9Q7S	3	103	103	103
9CED	1	103	103	103
9NZ4	6	103	8845	9459
9BSR	1	103	103	103
7I1A	10	103	103	103
9XYM	3	103	103	103
9N5Q	3	103	103	103
9BBR	1	103	103	103
9Z74	3	103	103	103
9BQL	1	103	103	103
9BBW	1	103	103	103
9DDG	1	103	103	103
9CMS	6	103	103	103
9BBV	1	103	103	103
9BVW	1	103	103	103
9OJT	2	103	103	103
9GMQ	2	103	103	103
9BO5	6	103	103	103
9CF9	2	103	103	103
9VUW	4	103	103	103
9FQA	3	103	103	103
9RJ5	3	103	103	103
9BSG	1	103	103	103
9N17	1	103	103	103
9EZ6	6	103	103	103
9BSA	1	103	103	103
9BVZ	1	103	103	103
9FQ9	3	103	103	103
9GV2	6	103	103	103
9CEC	1	103	103	103
7I1G	10	103	103	103
9F2V	2	103	103	103
9CFB	6	103	103	103
9CMN	3	103	103	103
9AUL	1	103	103	103
9BO9	6	103	103	103
8RI4	3	103	103	103
9BQY	1	103	103	103
9OIX	3	103	103	103
9AUM	3	103	103	103
9PJG	6	103	103	103
7I15	10	103	103	103
9GIL	6	103	103	103
8Y7U	3	103	103	103
9BBX	1	103	103	103
9AUJ	3	103	103	103
9BSO	1	103	103	103
7I1D	10	103	103	103
8Y42	4	103	103	103
7I19	10	103	103	103
9MDQ	3	103	103	103
9HDN	12	103	103	103
9HAJ	6	103	103	103
9BSI	1	103	103	103
8W1U	2	103	103	103
9E8R	3	103	103	103
9RJ8	6	103	103	103
8Y7T	1	103	103	103
9BBY	1	103	103	103
9N18	3	103	103	103
9EYA	3	103	103	103
9XZ6	3	103	103	103
9RHS	2	103	103	103
7HUC	4	103	103	103
9RI0	6	103	103	103
9BBP	1	103	103	103
9BR1	1	103	103	103
9ARQ	1	103	103	103
9PYT	1	103	103	103
8ZBP	3	103	103	103
9BQP	1	103	103	103
9N6R	3	103	103	103
9BR0	1	103	103	103
9FHQ	2	103	103	103
8Y44	2	103	103	103
9HJH	6	103	103	103
9EEV	1	103	103	103
9RJ3	6	103	103	103
9PFH	6	103	103	103
9BVX	1	103	103	103
9BBQ	1	103	103	103
9BQG	1	103	103	103
9NNW	3	103	103	103
9NSL	3	103	103	103
9BO4	6	103	103	103
9BNT	3	103	103	103
9LGQ	3	103	103	103
9HC1	6	103	103	103
7I18	10	103	103	103
9BSF	1	103	103	103
9BS8	1	103	103	103
9NZ3	6	103	8845	9459
9BTE	1	103	103	103
9BQN	1	103	103	103
9NWA	3	103	103	103
7I16	10	103	103	103
9GLV	6	103	103	103
8Z94	3	103	103	103
7I1J	10	103	103	103
7I1E	10	103	103	103
9C8Q	3	103	103	103
9NNG	3	103	103	103
9C80	6	103	103	103
9GHO	3	103	103	103
9EZ4	6	103	103	103
9FX7	6	103	103	103
9PBC	3	103	103	103
9O6E	8	103	103	103
9HDJ	6	103	103	103
9O6D	6	103	103	103
9BQO	1	103	103	103
9NSK	3	103	103	103
9OPN	6	103	103	103
9HBQ	3	103	103	103
9RJ0	2	103	103	103
9BBU	2	103	103	103
9OPM	8	103	103	103
7I1I	10	103	103	103
9CDK	3	103	103	103
9RI4	6	103	103	103
9BBT	1	103	103	103
9EEI	3	103	103	103
9BQZ	1	103	103	103
9RI8	2	103	103	103
9N16	3	103	103	103
9BBZ	2	103	103	103
9EO6	18	103	103	103
7I13	10	103	103	103
9RJR	6	103	103	103
9HDC	3	103	103	103
9E7S	3	103	103	103
9BQM	1	103	103	103
9GIJ	3	103	103	103
8VD7	1	103	103	103
9DDF	1	103	103	103
9AVQ	1	103	103	103
8RJY	3	103	103	103
8YSA	3	103	103	103
9BSE	1	103	103	103
9BO1	6	103	103	103
9N19	1	103	103	103
9G0I	6	103	103	103
8YWZ	2	103	103	103
9J8T	1	103	103	103
9O6Q	6	103	103	103
9BSQ	1	103	103	103
9HFX	3	103	103	103
9LIF	1	103	103	103
9NU6	6	103	103	103
9OIZ	1	103	103	103
9BSP	1	103	103	103
9IK2	3	103	103	103
9NWC	2	103	103	103
9EX8	3	103	103	103
9BC1	6	103	103	103
8YLS	1	103	103	103
7I14	10	103	103	103
9AUN	2	103	103	103
9BNZ	1	103	103	103
9BO3	3	103	103	103
9BTK	1	103	103	103
9HFY	6	103	103	103
9GI6	6	103	103	103
9G0H	6	103	103	103
9E7B	3	103	103	103
9RJF	2	103	103	103
9MLJ	4	103	103	103
9J8U	3	103	103	103
9RJ7	6	103	103	103
9RIX	6	103	103	103
9RI3	2	103	103	103
9RI5	2	103	103	103
9ZO3	3	103	103	103
9IR9	1	103	103	103
9JJ7	3	103	103	103
8RJZ	6	103	103	103
9PFI	6	103	103	103
9IZB	1	103	103	103
7I17	10	103	103	103
9BNU	3	103	103	103
9HD8	3	103	103	103
9BO0	2	103	103	103
7HUD	4	103	103	103
8Y4F	2	103	103	103
9HAK	6	103	103	103
9BOE	6	103	103	103
8VDJ	6	103	103	103
9O74	6	103	103	103
9CJV	3	103	103	103
9FX6	6	103	103	103
8W1T	6	103	103	103
9BOA	3	103	103	103
9BTR	1	103	103	103
9LLL	3	103	103	103
9BNX	2	104	104	104
9BNW	3	104	104	104
9JZ0	54	104	2080	5124
9MVK	12	104	104	104
9AUO	2	104	104	104
9CJP	6	104	104	104
8YKQ	1	104	104	104
9K2O	8	104	104	104
9X7I	8	104	104	104
9MEI	6	104	104	104
8YKJ	2	104	104	104
9JYZ	48	104	2080	5124
9MW4	3	104	104	104
8Y4E	2	104	104	104
9BO6	3	104	104	104
8XWR	1	104	104	104
9BOD	3	104	104	104
9CDL	3	104	104	104
9M6U	2	104	104	104
9BO7	3	104	104	104
9BO2	3	104	104	104
9X7E	8	104	104	104
9C7W	12	104	104	104
8YKM	2	104	104	104
9CJO	1	104	104	104
9BOC	3	104	104	104
9N9V	6	104	104	104
9BNY	3	104	104	104
9CJQ	8	104	104	104
8YKP	1	104	104	104
8YRH	2	104	104	104
9VUX	6	104	104	104
9LV1	6	104	292	292
9CDM	1	104	104	104
8Y4G	2	104	104	104
8Y4H	2	104	104	104
9M6V	2	104	104	104
8Y4D	2	104	104	104
9PW4	5	104	8939	9644
9IR8	4	104	104	104
9CMU	3	104	104	104
9UOP	12	104	104	104
9M2V	3	104	104	104
9CMJ	1	104	104	104
9LUG	2	104	104	104
8ZCC	2	104	104	104
9BOB	3	104	104	104
9M6T	2	104	104	104
8YKK	1	104	104	104
9CJT	3	104	104	104
9PQG	12	104	104	104
8XWT	1	104	104	104
9N3M	3	104	104	104
9M6R	2	104	104	104
8YKO	2	104	104	104
9MVL	3	104	104	104
9EWO	1	105	105	105
9LUF	2	105	105	105
9XQD	23	105	118	356
9INM	4	105	105	105
9N6N	3	105	105	105
9L7N	2	105	105	105
9BJL	4	105	105	105
9N6J	3	105	105	105
9LVR	6	105	105	105
9OO1	6	105	318	318
9N6P	3	105	105	105
9ONZ	6	105	312	312
9EPM	1	105	105	105
9PAA	6	105	105	105
9EWN	1	105	105	105
9MBV	6	105	105	105
9N6M	3	105	105	105
8ZHP	30	105	9866	10024
8ZHO	5	105	9866	10024
9EUR	1	105	105	105
9EWM	1	105	105	105
9EPL	3	105	105	105
8VUE	12	105	8060	10100
9N6L	1	105	105	105
9I59	6	105	8689	10427
9PA9	3	106	106	106
9N98	6	106	106	106
8YA5	1	106	106	106
8YKA	27	106	6102	6102
8YKL	2	106	106	106
9Y8X	3	106	106	106
8ZUC	6	106	106	106
9KSK	6	106	106	106
9KSJ	3	106	106	106
9PAE	12	106	106	106
9MA3	1	106	106	106
9L13	1	106	106	106
9MVM	3	106	106	106
8ZUB	6	106	106	106
9EUS	2	106	106	106
8Z4T	5	106	106	22662
9LV2	6	106	292	292
9M9N	1	106	106	106
9M6S	2	106	106	106
9IPP	2	106	106	106
8VQX	3	106	106	106
9M9R	1	106	106	106
9CU7	6	106	303	303
9MA6	2	106	106	106
9CJR	6	107	107	107
9INL	2	107	107	107
8YWY	1	107	107	107
9DTZ	2	107	107	107
9PHT	2	107	303	303
9IZN	2	107	2818	2818
8W2E	18	107	8845	9459
9CJS	1	107	107	107
9DU3	1	107	107	107
9U96	2	107	107	107
8YKN	1	107	107	107
9DU2	6	107	107	107
9CYH	12	107	8729	9557
9DU4	2	107	107	107
9ATD	3	108	108	108
9ATJ	4	108	108	108
9UEB	3	108	108	108
9ATH	6	108	108	108
9CTW	6	108	8866	8965
9ATS	3	108	108	108
9CTU	6	108	8867	8934
9ATA	6	108	108	108
9ATG	3	108	108	108
9QQN	4	108	9103	9288
9ATI	3	108	108	108
9ATT	6	108	108	108
9ATF	3	108	108	108
9ATE	6	108	108	108
8ZAE	2	109	109	109
9N12	3	109	109	109
9N15	1	109	109	109
8ZAD	3	109	109	109
8VIA	12	109	9151	9527
9BTD	3	110	110	110
8ZAG	1	110	110	110
8RUY	30	110	4267	33089
9IRA	2	110	110	110
8ZAF	3	110	110	110
9N14	3	110	110	110
8ZY2	3	110	110	110
9N13	1	110	110	110
9BTA	1	110	110	110
9BT1	3	110	110	110
8ZAC	6	110	110	110
9BT2	1	110	110	110
9BSZ	3	110	110	110
9JBQ	3	110	8106	9848
9BSY	3	110	110	110
9BSW	3	110	110	110
9BT0	3	110	110	110
9BT9	1	110	110	110
9BSX	3	110	110	110
9UOR	2	110	110	110
9BTB	1	110	110	110
8S2P	2	110	110	110
9MTK	9	111	293	24419
9DRQ	1	111	111	111
9DIO	18	111	314	314
9GXG	9	111	111	111
9DIP	6	111	305	305
9DS1	4	111	8397	10025
9GXE	3	111	111	111
9PHQ	2	111	305	305
8RV3	2	111	111	111
9N5Z	6	111	286	286
9L2K	3	111	8523	9990
9DS2	6	111	314	314
9MTL	9	111	293	27797
8W3P	3	111	111	111
9E55	2	111	283	283
9DRU	4	111	8540	9685
9DIQ	12	111	305	305
9NZ5	18	111	8845	9459
9PHS	18	111	305	305
9PHD	6	111	305	305
9ZE4	16	111	222	2418
9MTG	6	111	293	293
9DXX	6	111	294	294
9MTM	9	111	293	27633
8Y1C	3	112	112	112
8Y1D	5	112	112	2853
8Y1E	6	112	2853	2853
9PAD	6	112	112	112
9UB6	1	112	112	112
8Y1A	3	112	112	112
8Y19	3	112	112	112
8Y1B	3	112	112	112
8Y1F	3	112	112	112
8Y1G	3	112	112	112
8Y1H	3	112	112	112
8XK5	15	113	8287	9346
8ZYK	12	113	320	320
9VDY	6	113	8855	9503
8XK6	3	113	8909	9440
9L9T	2	113	113	113
9C0X	2	113	295	295
9VE0	3	113	8867	9503
9CPB	393	113	4425	34810
8W3G	3	113	113	113
8XK8	6	113	8729	9508
9VDZ	6	113	8849	9503
9CD6	31	114	4505	36408
9BUH	49	114	6365	41668
9BWD	31	114	4505	36408
9FM0	18	114	8209	9947
9CDN	43	114	6365	41668
9DBX	6	114	299	299
9CE2	49	114	6347	41668
9BXV	43	114	6365	41668
9O5W	6	115	370	370
8YDK	9	115	115	115
9JS6	6	115	165	165
8XNH	9	115	22614	25920
9LOF	3	116	8323	8688
9MKN	15	116	9482	9998
9EPC	63	116	4970	38077
8W3H	3	116	116	116
9LOG	3	116	9547	9891
8XLV	3	116	116	116
9NRU	6	116	308	308
8W3R	6	116	4507	4507
8XKV	11	116	2968	15239
9NRR	6	116	308	308
9NRS	6	116	308	308
8W3J	1	116	116	116
9OS5	6	116	116	116
9LOE	3	116	9825	9851
9NRT	6	116	308	308
8RVN	5	116	116	11208
8W3L	3	116	116	116
8XKU	11	116	2968	15239
9NRV	6	116	308	308
8XNF	12	116	116	25419
9UEV	1	116	116	116
9OTW	2	117	117	117
9OUC	2	117	117	117
9UBW	24	117	3706	23328
9UBX	36	117	3706	23328
8XEA	3	117	117	117
8W3O	3	117	117	117
9OUG	2	117	117	117
9NR5	6	117	299	299
9CWQ	1	117	117	117
8XZV	57	117	9526	38559
8V62	3	117	117	117
9NR2	6	117	294	294
8VYM	11	117	9573	9695
9DD7	3	118	118	118
9O8Q	6	118	335	335
9DD6	9	118	9197	9473
9UAA	9	118	118	118
9COF	3	118	118	118
9EFG	4	118	118	118
9DDB	3	118	118	118
9COE	3	118	118	118
9DDA	3	118	118	118
9DD9	3	118	118	118
9DPC	4	118	118	118
9O8S	9	118	335	24403
9EI9	6	118	326	326
9IH8	3	118	118	118
9COG	3	118	118	118
9Q9N	3	118	118	118
9B7H	6	118	334	334
8VYN	15	118	9573	9695
9DD8	9	118	8743	9359
9DDC	3	118	118	118
9Q9L	3	118	118	118
9M7X	3	118	118	118
9Q9S	3	118	118	118
9MVU	6	119	16779	16779
9NRB	6	119	303	303
9DOG	144	119	163	163
9MW5	6	119	15826	15826
9F8F	4	119	10357	10357
9ZRU	6	119	323	323
9DOF	6	119	163	163
9LWO	3	119	10814	27184
8W3K	3	119	119	119
9AT8	4	119	4460	8391
9UA9	9	119	119	119
9XGO	2	119	304	304
9ELG	2	120	308	308
9JQU	3	120	9083	9420
9CIN	3	120	120	120
9IVJ	2	120	30417	30417
8YXI	3	120	9128	9774
9JMI	3	120	120	120
9JMN	3	120	120	120
8RGZ	9	120	4777	8881
8W3Q	1	120	120	120
9B9E	3	120	120	120
9B7I	12	120	329	329
8RH0	9	120	4925	9498
8YE3	3	120	120	120
8ZHQ	5	120	9771	9874
9JQV	12	120	8343	9668
9N7S	6	120	298	298
9LNG	9	120	8494	10180
8YB5	4	121	184	184
9BU8	6	121	332	332
8YB7	8	121	184	184
9B2X	9	121	121	121
9JME	3	121	4626	8797
9CSH	2	121	121	121
9BU6	9	121	332	24238
8YAX	4	121	184	184
8Z9Y	5	122	256	2424
9MQ8	6	122	304	304
9MQD	6	122	304	304
9EI8	6	122	327	327
9MQA	6	122	304	304
9MQ9	6	122	304	304
9MQ7	6	122	304	304
9LU3	6	122	8315	9839
9DCT	4	123	123	123
9JMR	3	123	4626	8797
9QD0	2	123	123	123
8W3F	3	123	123	123
9PDY	3	123	123	123
8RH1	9	123	4777	8881
9O8T	9	123	309	24403
9O8R	6	123	309	309
8RH2	9	123	4925	9498
9EVN	3	124	124	124
8XN9	9	124	9629	9821
8W3E	3	124	124	124
8W3I	3	124	124	124
9B2Z	2	124	19900	19900
9PDX	1	124	124	124
9JMB	3	124	4626	8797
8VQM	2	125	295	295
9N7V	6	125	309	309
8VB2	20	125	693	6637
8VQL	2	125	299	299
8XC4	6	125	8668	9522
8VQN	2	125	295	295
9LEO	5	125	9759	10038
9N7Q	6	125	309	309
8VQQ	2	125	311	311
9DCR	6	125	125	125
9J5L	6	125	8518	9723
9ORE	3	125	125	125
9DM0	6	126	290	290
8W3N	3	126	126	126
9V0P	3	126	126	126
8VF1	2	126	126	126
9DX6	3	126	8609	9441
9V0Q	3	126	126	126
8RYT	48	126	126	126
9MQN	6	126	126	126
9MQ1	6	126	301	301
9V0S	3	126	126	126
8VT3	3	126	126	126
9MNH	3	126	126	126
9UTM	2	126	126	126
9MQ3	6	126	301	301
9V0N	3	126	126	126
9N7T	6	126	301	301
9V2O	1	126	126	126
9MQ2	18	126	301	301
9V2R	3	126	126	126
9V2Q	2	126	126	126
9LUE	1	127	127	127
8ZQ7	6	127	127	127
8ZPY	6	127	127	127
8ZQ6	6	127	127	127
9DVD	2	127	2254	2254
8REK	3	128	8877	9670
9GRX	30	128	9415	32764
8ZDV	6	128	291	291
8ZDW	12	128	9023	9771
9BJM	1	128	128	128
8VT2	3	128	128	128
9MNO	12	128	128	128
9CAF	2	128	1467	1467
9MTF	6	129	299	299
9BJH	6	129	9469	9676
9NEK	1	129	129	129
9MTH	9	129	307	21739
9EVO	4	129	129	129
9LWV	4	129	129	129
9BJG	3	129	8529	8896
9LLY	6	129	28965	28965
9OI2	8	129	307	20112
9MTJ	6	129	307	307
9OI3	9	129	307	22599
8VWP	4	130	130	130
9EA0	3	130	130	130
9IXV	9	130	8326	10127
8YGU	3	130	130	180
8ZYM	3	130	130	130
9D1U	3	130	130	130
9D2M	3	130	130	130
9EH8	3	130	130	130
9NH7	8	131	305	21267
9QD1	2	131	131	131
9CB1	9	131	8293	10119
9B2M	12	132	9368	9750
9CJZ	6	132	299	299
9CJY	6	132	299	299
10ID	3	132	132	132
9C1I	2	132	132	132
9IHS	6	133	133	133
8YRD	6	133	5408	18943
9SOB	65	133	1884	53384
9L2I	6	133	5408	18943
9EHU	1	133	133	133
9JG6	48	133	4273	7888
8XIW	7	133	5408	18943
9V0T	1	134	134	134
9C2H	4	134	3610	3610
9F5L	4	135	135	135
9EXB	4	135	135	135
8YBF	2	135	135	135
8XQ3	4	136	136	136
9R1R	3	136	136	136
9WDP	9	136	8490	9665
9HH6	6	136	160	160
9LM5	6	136	20387	20387
8XPS	1	136	136	136
9LM6	6	136	18041	18041
9HQO	3	137	137	137
8YE0	8	137	137	137
9JDI	2	138	804	804
9R1Q	3	138	138	138
9U74	9	138	138	138
9B3E	2	139	139	139
9MPT	2	139	5422	5422
9MPR	9	139	5422	5422
9MQ6	3	139	5239	5239
9DIL	3	139	5239	5239
8ZBA	4	139	139	139
8ZB9	2	139	139	139
9MPS	4	139	5422	5422
9MPV	9	139	5422	5422
9KCI	3	140	2201	28272
9KCG	3	140	2201	28272
8ZFV	12	140	140	140
9BTO	6	140	302	302
9KCJ	3	140	2201	28208
9F83	4	141	141	141
9DZQ	10	141	9705	10276
9B2W	6	141	8741	10303
9BLK	3	142	142	142
9GE3	4	142	6231	45547
9GE2	4	142	6231	45547
9LKI	4	143	143	143
9JMG	3	143	143	143
8XPY	1	144	144	144
9F7A	1	145	145	145
9QWI	1	145	145	145
9FBG	18	145	145	145
9EWH	4	145	145	145
9EZB	4	145	145	145
9DB1	1	146	146	146
8XY4	3	146	146	146
9EVY	4	147	147	147
9DBZ	3	147	147	147
9DB3	3	147	147	147
9DBE	1	147	147	147
9F7C	1	147	147	147
9CM9	4	150	150	2052
9CMO	4	150	150	5902
9CLI	4	150	150	2052
9IW0	3	150	150	150
9CLN	4	150	150	5902
9CLS	4	151	151	5902
9CM2	4	151	151	2052
9LNA	3	151	151	151
9KN1	1	151	151	151
9UE3	1	151	151	151
9XPG	4	152	152	152
9MR1	1	153	153	153
9MR2	1	153	153	153
8V5V	3	154	154	154
8XY1	14	156	156	156
9KKM	2	156	156	156
8XY2	8	156	156	156
8VAO	3	156	156	156
9NXY	3	157	157	157
8XY3	4	157	157	157
9NQZ	3	158	158	158
9F5J	2	159	159	159
8Z4O	3	159	159	159
9D84	2	159	509	509
9MRY	6	160	160	160
9MRU	6	160	160	160
9MRW	2	160	160	160
8Y3G	3	162	162	162
8Y3J	3	162	162	162
8Y3H	6	162	30901	30901
8VCV	6	162	8794	8794
9CJ8	6	162	8794	8794
8Y3I	3	162	162	162
8Y3K	6	162	30901	30901
8VE8	6	162	8794	8794
9CJ7	8	162	7308	9753
9CK7	6	162	7308	7308
8Y3L	3	162	162	162
9CK8	6	162	7308	7308
8Y9C	1	166	166	166
8VQA	3	166	166	166
9BTQ	1	166	166	166
9HBP	4	166	166	166
9JS7	3	167	167	167
9CP0	4	167	167	167
9MPW	3	168	9110	9513
8VCR	9	168	8289	9434
8VQB	3	168	168	168
9ETT	20	168	168	168
9FOJ	3	169	169	169
8VQ9	3	169	169	169
9J6K	2	169	3305	3305
9PM6	6	169	9272	10007
8ZES	10	170	13614	13614
9LBW	4	170	4188	9013
9FGR	2	171	5144	5144
9FGS	2	171	5068	5068
9BNG	6	171	3519	3519
9C44	3	171	171	171
9BND	24	171	14942	14942
9ECZ	3	171	9752	9861
9BNF	6	171	5866	5866
9C45	1	171	171	171
9BJ2	3	171	9554	9577
9BNE	6	171	11973	11973
9BJ4	9	171	9624	10148
8ZC3	9	172	9452	10003
9H28	3	172	172	172
8Y9B	1	172	172	172
8ZC0	9	172	9452	10003
8ZBZ	9	172	9452	10003
9FK0	3	172	172	172
8ZC2	18	172	9452	10003
9MF4	1	172	172	172
9K6Z	3	172	172	172
8XI6	9	172	9862	9940
8ZC4	9	172	9452	10003
8ZC6	18	172	9452	10003
9CAS	3	173	173	173
9B6X	3	173	173	173
9BJ3	9	173	9461	9492
9RDT	3	173	173	173
8YZC	6	173	2963	2963
8YZB	6	173	2963	2963
8ZY1	3	173	173	173
8ZHE	9	174	9391	9700
9K75	3	174	174	174
8ZHL	11	174	9866	10024
8ZHJ	18	174	9763	9932
8ZHF	18	174	9391	9700
9AYX	3	174	174	174
9FR4	4	174	12749	12749
9AYW	3	174	174	174
8ZHH	7	174	9763	9932
8ZHM	15	174	9866	10024
8ZHK	18	174	9763	9932
8ZHI	9	174	9763	9932
9FR3	12	174	12749	12749
9RM2	45	174	8370	9726
9H6U	3	174	9499	9531
8ZY4	3	174	174	174
9CXE	3	174	174	174
8ZHG	2	174	38383	38383
8XM5	3	174	174	174
8ZHN	15	174	9866	10024
9AYY	3	174	174	174
8ZHD	7	174	9391	9700
8XUY	5	175	175	24159
9CA9	10	175	6879	17882
9CO9	4	175	11261	11261
9KFJ	4	175	6285	47641
8Z6R	9	175	4497	9722
8XUZ	12	175	175	24159
8Y18	6	175	25419	25419
9IU1	2	175	24159	24159
9KFI	4	175	6287	47641
8Z6S	9	175	4497	9722
8XYH	3	175	175	175
8YZD	2	175	2963	2963
8Z6Q	18	175	4497	9722
8XV1	2	175	24159	24159
8XVM	2	175	24159	24159
8YDX	3	175	175	175
8Y16	18	175	25419	25419
8Y5J	3	175	175	175
8XYO	6	175	25419	25419
8XUX	3	175	175	175
9PL9	2	175	175	175
8XV0	2	175	24159	24159
8Z6T	3	175	4497	9722
8YZE	6	175	2963	2963
9CO8	6	175	11261	11261
8XYM	3	175	175	175
9B6Y	3	175	175	175
9L05	3	176	4797	9951
9KT3	9	176	9546	10438
8ZY7	3	176	176	176
9KZE	3	176	2036	9775
8YKH	2	176	5393	5393
9DHY	3	176	176	176
9OD2	2	176	176	176
8YZ6	3	176	176	176
9CCI	3	176	8742	10104
9L15	9	176	5115	9951
9BLL	2	176	28703	28703
9L2L	18	176	4797	9951
9CCJ	3	176	9431	9710
8YDZ	3	176	176	176
9KZD	3	176	4563	8725
9ML5	7	176	8422	10046
9ML6	9	176	8436	9735
9ML7	5	176	176	9603
9KZZ	9	176	4563	8725
8YDY	3	176	176	176
8Z6X	3	176	4497	9546
8Z6W	9	176	9546	10438
8Z6U	18	176	9546	10438
9CO6	6	176	11261	11261
8YKG	5	176	176	5393
9ML4	9	176	8882	10008
9L07	3	176	5115	9951
8YRO	3	177	177	177
8YRP	3	177	177	177
9ATR	6	177	11217	11217
9LS3	9	177	8905	9585
9RPL	6	177	177	177
9CO7	4	177	11261	11261
9UEL	1	177	177	177
8XKI	3	177	177	177
9ATQ	3	177	177	177
9ATP	6	177	19673	19673
9B6W	3	177	177	177
8YZ5	3	177	177	177
9B6V	3	177	177	177
9ATO	6	177	19673	19673
8ZY0	3	177	177	177
8Z6A	6	178	19844	19844
9UXE	9	178	8078	9669
9UXD	9	178	8078	9669
8Z7G	3	178	178	178
8YGS	3	178	180	180
9M3F	2	178	25810	25810
8Z7B	3	178	178	19844
8YGR	3	178	180	180
8Z4X	5	178	178	19844
9GDX	3	178	178	178
8YGT	2	178	178	178
8Z3W	4	178	178	19844
9H6H	6	178	178	178
8Z7L	3	178	178	178
8Z7P	6	178	19844	19844
8Z64	3	178	178	19844
8ZMP	3	179	179	179
9W76	3	179	179	179
8VKK	3	179	179	179
8XUR	3	179	179	179
8VKO	6	179	24973	24973
8XLN	2	179	24159	24159
8XLM	4	179	179	24159
8XUU	1	179	179	179
9ELM	3	179	179	179
8ZBY	9	179	9452	10003
8VPF	9	179	9766	9969
8VKL	5	179	179	26136
9VG7	3	179	179	179
9CM5	1	179	179	179
8VKM	4	179	179	26136
8XZ8	4	179	179	25955
8XSD	3	179	179	179
9F9Y	3	179	179	179
9LOY	3	179	179	179
8XZA	2	179	25955	25955
9UE7	6	179	19844	19844
9NFU	2	179	4992	4992
8Y4C	3	179	179	179
8XUS	3	179	179	179
8Y4A	3	179	179	179
9B6U	3	179	179	179
9FGT	2	179	5099	5099
9W75	3	179	179	179
9FGU	2	179	5144	5144
9J6G	3	179	179	179
9JS4	3	180	9032	9213
8VYG	1	180	180	180
8XMG	3	180	180	180
8VYF	1	180	180	180
9B40	19	180	10655	10655
8XNK	12	180	180	25419
8XMT	3	180	180	180
9UG3	4	180	180	13863
8VYE	3	180	180	180
8XN5	12	180	180	25419
9CB0	3	180	180	180
8VIF	2	180	26875	26875
8VKE	6	180	9745	9993
8ZY5	3	180	180	180
9B0Y	3	181	181	181
9CT2	3	181	181	181
8ZY6	3	181	181	181
9T38	12	181	2925	17045
9CSS	3	181	181	181
9ELK	3	181	181	181
8YWX	3	181	4303	8429
9ELN	3	181	181	181
9ELO	3	181	181	181
9J5U	3	181	181	181
9CVH	3	181	181	181
9B2V	3	181	181	181
9ELJ	3	181	181	181
8YWW	8	182	8535	9658
8XZ9	5	182	182	26058
9MI3	9	182	9752	9861
9LP0	3	183	183	183
8ZY3	3	183	183	183
8YDW	1	183	183	183
9ELQ	3	183	183	183
9ELF	5	183	183	25419
9H6G	2	183	183	183
9H6F	6	183	183	183
9ELP	3	183	183	183
9ELI	3	183	183	183
8RZ2	3	184	9606	9874
9ELL	3	184	184	184
9E41	3	184	184	184
9EXD	6	185	185	185
9DAZ	4	186	12684	12684
9DVA	8	187	19527	19527
9FLA	1	188	188	188
9ARV	11	188	2576	2576
9UEP	2	188	10690	10690
8RK3	45	188	1076	5577
8RK4	1	188	188	188
9DZD	3	189	189	189
8Z27	2	189	10609	10609
8YZI	4	190	10574	10574
9DZC	6	191	191	191
8VBB	3	192	4759	8364
9BOF	24	192	8907	10045
8VBA	3	192	4500	8632
9OT1	19	193	23851	23851
9OFQ	5	194	194	9308
9EDQ	6	194	194	194
9OFP	7	194	8970	9308
9OFO	9	194	8970	9308
9OLU	8	194	194	194
8VRU	2	197	197	197
8VRV	6	197	197	197
8Y4L	1	198	198	198
9CUL	26	199	3560	3560
9KBO	12	199	199	199
8VJH	6	200	3131	3343
9ELH	3	200	200	200
9AU2	7	201	9252	9809
9G7M	1	201	201	201
9K1G	2	201	201	201
9ASD	1	201	201	201
9DB0	3	201	201	201
8RSN	6	202	202	202
8XAL	5	202	202	22001
8XBF	3	202	202	202
8ZPP	1	202	202	202
9G7P	3	203	203	203
9CRI	3	203	203	203
8YBS	7	203	9155	9467
9CRD	3	203	203	203
9CRC	3	203	203	203
8YBY	5	204	204	9511
8YBZ	9	204	9480	9511
8XSL	21	204	8256	9801
9EDM	8	204	204	204
9HQN	3	204	204	204
9B9U	3	205	205	205
9B8F	3	205	205	205
9BEA	3	205	205	205
9BBK	3	205	205	205
9BD9	3	205	205	205
9B4X	3	205	205	205
9B2C	4	205	9846	15769
9CRE	3	206	206	206
9CRF	3	206	206	206
9EDN	10	206	206	206
9KR8	3	207	207	207
9OG5	3	207	207	207
9LYO	9	207	9134	9300
9CRH	3	207	207	207
9CRG	3	207	207	207
9MV0	4	207	28387	28387
8Y5V	1	207	207	207
9OG4	3	207	207	207
8XUT	3	207	207	207
9G7N	3	207	207	207
9OG6	9	207	207	207
9ARU	6	207	27687	27687
9OG7	9	207	207	207
9D8H	9	208	208	208
9D8I	9	208	208	208
9KR9	3	208	208	208
9FMW	5	209	209	26510
9FJK	5	209	209	26510
8ZLB	3	210	210	210
8ZRE	4	210	210	210
8ZRR	2	210	210	210
8ZRH	4	210	210	210
9LHM	3	210	210	210
8ZLL	3	210	210	210
9LI2	3	210	210	210
9D8K	9	211	211	211
9OLT	8	211	211	211
9EDO	8	211	211	211
9G7O	8	211	211	211
8Y6D	6	211	211	211
8Y6C	6	211	211	211
8V7O	3	211	211	211
9D8J	9	211	211	211
9D8L	9	211	211	211
9MDO	3	211	211	211
8VKX	3	212	9694	10045
9DEZ	3	213	213	213
9C9V	18	213	213	213
9EDP	5	213	213	213
9MDM	3	213	213	213
9DF0	1	213	213	213
8S7X	10	214	315	2115
8S7V	11	214	315	28519
9H1L	11	214	315	28519
9DWE	3	214	214	214
9MDK	3	215	215	215
9ARC	3	215	215	215
8XVI	4	215	11954	46785
9QM5	36	217	301	314
9QTS	18	217	3317	10937
9QR3	72	217	301	314
9LH7	7	217	217	217
9QTQ	12	217	373	3317
8VNZ	6	217	897	61283
9LH3	7	218	218	218
9QQT	36	218	299	311
9Q1F	6	219	219	219
9N5Y	12	220	9180	9325
8VEF	9	220	8614	9725
9ECN	18	220	282	305
8VED	9	220	9536	9962
8VEB	9	220	8583	9788
9UE9	7	221	221	221
8XRC	3	222	222	222
9BGM	108	222	5913	6967
9N3H	2	222	222	222
9ZDW	36	222	5913	6967
9W44	3	222	222	222
8XRB	3	222	222	222
9PR3	3	222	222	222
9G8R	5	223	7383	61105
9EKF	9	224	8293	10016
9KFK	4	224	6287	47641
9QR1	24	225	300	308
8VEE	9	229	8583	9788
9C0V	4	231	8247	9800
9DO2	3	233	233	233
9JMZ	3	233	233	233
9B7G	9	233	9689	9705
9DN2	3	233	233	233
9JN0	3	233	233	233
9FAH	9	234	234	234
9BBF	8	234	234	754
9C0U	4	235	9463	10505
9FAF	9	235	235	235
9FAG	9	235	235	235
9FAE	9	235	235	235
9UBQ	6	236	8529	9992
9K0L	4	236	236	236
9U9B	4	236	8761	9693
9LEQ	2	236	30530	30530
8VCC	3	236	236	236
9K1U	2	236	236	236
9K1P	24	236	236	236
8XG1	3	239	239	239
8XR7	3	239	239	239
9MDN	4	240	240	513
9MDR	21	240	240	240
9MDL	3	240	240	240
9MDI	2	240	240	240
9MDP	4	240	240	240
9C22	24	240	8247	9800
9MDJ	3	240	240	513
9GSP	3	240	240	240
8XR8	3	242	242	242
9N8I	9	242	8706	9557
8ZW5	3	242	242	242
9E6J	9	242	8547	9505
8XRD	3	242	242	242
9V2N	5	243	6351	43099
9UY3	4	243	12095	43099
9LHO	12	243	3716	3716
8XHG	3	244	244	244
8XRA	3	244	244	244
8XR9	3	244	244	244
8XHF	3	244	244	244
8XHH	3	244	244	244
8RKG	8	244	244	244
8XHE	3	244	244	244
9QVM	41	245	4180	19900
9QVN	38	245	4180	19900
9FQ7	48	246	4302	40391
9XPF	24	246	14833	14833
9OQ8	15	246	246	246
8ZW7	3	247	247	247
9C5W	5	248	248	248
9FM1	3	248	248	248
9B4O	10	250	250	250
9PGO	12	250	250	250
9B4N	10	250	250	250
9B4L	12	250	250	250
8VQP	1	250	250	250
9DA8	8	250	4513	4520
9B4M	10	250	250	250
9NND	6	250	3138	3138
8ZUK	42	252	2871	2871
9MLA	6	253	1079	1079
9O4F	6	253	1079	1079
9HNW	2	254	254	254
8ZW6	3	254	254	254
8ZFZ	4	255	6267	45103
9J31	4	255	6017	45103
9DAK	2	255	20247	20247
8ZFJ	4	255	6267	45103
9QGO	6	258	1747	1747
9BDF	9	259	8287	9588
9EG4	14	259	5070	5070
9BDG	9	259	8564	9868
8S6M	15	262	9809	10528
9FLG	1	262	262	262
9CJF	5	262	5633	9601
9E0S	3	262	262	262
9VA7	8	263	263	263
8Y3V	4	265	265	265
9H5K	30	266	1359	44146
9K6J	3	266	8808	9237
9Q1D	3	267	267	267
9N40	3	267	267	267
9Q1B	3	267	267	267
8Y3T	2	267	267	267
9N41	3	267	267	267
8Y3N	4	268	268	268
8XYZ	2	268	25985	25985
9AU1	15	269	9467	9809
8YDV	2	270	270	270
8Y32	2	271	26158	26158
9JAA	1	271	271	271
8YDQ	1	271	271	271
9ES8	30	271	9599	11488
8YDU	1	271	271	271
9ES9	30	271	9599	11488
9ES7	30	271	9599	11488
9IQP	6	272	11447	11447
8ZER	22	272	13614	13614
9JAK	1	273	273	273
8ZHZ	6	273	273	273
9N6A	1	273	273	273
8YDS	1	275	275	275
9GFQ	3	275	275	275
8YDP	2	275	275	275
9KED	3	276	276	276
8ZHW	3	278	278	278
9B8E	6	279	279	279
8XZB	2	279	25985	25985
9SSM	6	279	8585	10283
9B8D	3	279	279	279
9KEF	3	281	8562	9594
9I8Q	3	281	281	281
9HH9	27	281	9524	9720
9HHR	9	281	9524	9720
9HGN	9	281	281	281
9O5T	8	282	25572	25572
8VQR	4	282	25761	25761
9UA5	3	283	283	283
9J4P	2	283	5257	5257
9NSM	3	283	283	283
8Y6A	12	283	9738	25419
8XN3	6	283	25419	25419
9K6Y	1	284	284	284
9ML8	36	284	8574	9585
9ML9	3	284	8436	9735
9N2L	3	284	284	284
9LAE	1	284	284	284
9CPX	5	285	8831	10231
9CPT	5	285	8782	10141
9CPV	5	285	8775	10410
9CPP	5	285	8755	10131
9O5V	8	285	25572	25572
9CPQ	5	285	8775	10497
9CPU	5	285	8855	10143
9CPS	5	285	8871	10346
9CPW	5	285	8775	10390
9B82	18	285	8898	9553
9KEP	1	285	285	285
9CPY	5	285	8814	10019
9CPR	5	285	8738	10130
9KUD	4	287	26059	26059
8VJB	6	288	288	288
9D83	6	288	509	16584
8VJC	5	288	288	288
8ZD3	4	288	5151	5151
8XSJ	12	288	9539	26315
8YF2	2	288	25609	25609
8XN2	6	288	25419	25419
8YSZ	4	288	288	288
9KFB	6	288	4882	4882
8RJ7	5	288	288	288
8RBY	3	288	288	288
8XZD	2	288	25985	25985
9JTD	2	289	26108	26108
8XK2	4	290	290	290
8YZJ	2	290	26315	26315
9E21	1	290	290	290
8YUB	6	290	9614	9849
8YFT	2	290	25609	25609
9JR7	2	291	26096	26096
8YWE	3	292	4679	5467
9JEB	4	292	5658	5658
8Z9L	8	292	25968	25968
9CFF	1	292	292	292
9CFG	1	292	292	292
9CDG	2	292	292	292
9KVQ	1	292	292	292
9KOW	2	292	26058	26058
9LOZ	1	292	292	292
8ZWE	2	292	25862	25862
9CFH	1	292	292	292
8ZPQ	6	292	9705	9805
9B7S	7	293	293	20575
9LH2	4	293	12859	12859
9B7W	6	293	293	293
9B7V	6	293	293	293
9W78	2	293	3020	3020
9B7T	6	293	293	293
9J66	4	293	8656	9479
9CFE	1	293	293	293
9B7U	3	293	293	293
9JTE	4	293	26108	26108
9BIZ	1	293	293	293
9B7X	7	293	293	28114
8Z86	1	293	293	293
9W77	4	293	3020	3020
9KVD	1	294	294	294
9JT1	6	294	8761	10255
9KVE	2	294	27163	27163
9L6C	1	294	294	294
9IYX	2	294	294	294
9IUU	2	294	25919	25919
9LYP	3	294	9134	9300
9IYY	4	294	8948	10415
8YXO	4	294	294	294
8YXR	4	294	294	294
9KOS	2	294	25765	25765
8YXM	3	294	294	957
9ATM	15	294	9809	10528
9JH4	3	294	294	294
8ZC1	3	294	9452	10003
8Z2E	3	295	8153	9557
9CDH	6	295	295	295
8XRQ	1	295	295	295
9IJJ	449	295	4509	36512
9CDF	6	295	295	295
9BJ0	2	295	295	295
9ELE	2	296	25419	25419
8RRN	6	296	9588	9816
8YMJ	80	296	296	296
9KVJ	1	296	296	296
8YMK	2	296	296	296
9IUP	2	296	25943	25943
9J62	2	296	25168	25168
9UE6	2	297	19844	19844
8ZY9	4	297	2950	2950
8ZC5	2	297	297	297
8RHZ	2	297	297	297
9KVK	1	297	297	297
9KVT	1	297	297	297
9FC2	3	297	297	297
8ZYA	2	297	26325	26325
9JR4	2	297	25884	25884
8VKP	2	298	24973	24973
8VKN	2	298	26136	26136
8YUC	5	298	9348	9884
8XYG	12	298	25926	25926
9Q5U	1	298	298	298
8Y0Y	3	299	5530	5530
8XSF	12	299	9165	26315
8XSE	5	299	8492	9801
8XYE	12	299	25793	25793
9LP1	1	299	299	299
8XSI	9	299	4808	9165
8Z9I	4	300	26319	26319
9MLK	9	300	4732	8318
9PUO	6	300	9673	10041
9UMB	60	300	300	300
9Y5Y	4	300	300	300
8XE9	1	300	300	300
8XJS	5	301	301	301
8XKR	6	301	301	301
9IUQ	2	301	25943	25943
9FMX	14	301	301	301
8XY9	12	301	25919	25919
8XKM	6	301	301	301
8YK4	2	301	5326	5326
8S80	4	301	301	301
8XK1	6	301	301	301
8XEF	1	302	302	302
9BIY	1	303	303	303
9M6H	20	303	11201	11201
9C6Y	6	303	9645	9922
9DC7	60	303	303	303
9RRS	2	304	5661	5661
9J7K	60	304	304	304
8ZYF	6	304	9485	9822
9J7L	7	304	304	3322
9JRC	2	304	25987	25987
9J6Z	7	304	304	3322
9RWG	20	304	304	5661
9NCX	4	305	305	305
9ME0	60	305	305	305
8ZDP	3	305	305	305
9FML	7	305	305	305
9LGJ	60	308	308	308
9GXJ	7	309	309	309
9IGN	14	309	309	309
9N8J	9	310	9617	9840
9C7S	1	310	310	310
8ZBQ	2	310	25919	25919
9LTI	4	311	2856	3467
9LBS	1	312	312	312
9KVF	2	312	27163	27163
13PS	1	313	313	313
13MJ	3	313	313	313
13MS	1	313	313	313
13OY	1	313	313	313
13QJ	3	313	313	313
13NW	1	313	313	313
13NT	3	313	313	313
13QK	1	313	313	313
13ML	3	313	313	313
13OF	3	313	313	313
13MP	1	313	313	313
13MU	1	313	313	313
13NX	1	313	313	313
13QG	3	313	313	313
13NV	1	313	313	313
13PM	1	313	313	313
13QN	1	313	313	313
13NH	1	313	313	313
13NN	3	313	313	313
13NC	1	313	313	313
13PL	1	313	313	313
13NU	1	313	313	313
13MK	1	313	313	313
13PG	3	313	313	313
13OV	1	313	313	313
13MV	1	313	313	313
13OK	3	313	313	313
13MR	1	313	313	313
9FNQ	7	313	313	313
13NP	1	313	313	313
13QR	1	313	313	313
13OB	1	313	313	313
13QO	1	313	313	313
13NY	1	313	313	313
13QH	1	313	313	313
13PF	1	313	313	313
9JR5	2	313	26091	26091
13PZ	1	313	313	313
13MT	1	313	313	313
13QQ	1	313	313	313
13OI	1	313	313	313
13NB	1	313	313	313
13OD	3	313	313	313
13OE	3	313	313	313
13MQ	3	313	313	313
13PA	1	313	313	313
13QP	1	313	313	313
13NI	1	313	313	313
13MX	3	313	313	313
13OZ	1	313	313	313
13OC	1	313	313	313
13NR	1	313	313	313
13MN	1	313	313	313
13NK	1	313	313	313
13PH	1	313	313	313
13PJ	1	313	313	313
13NL	1	313	313	313
13PB	1	313	313	313
13RC	1	313	313	313
13OJ	1	313	313	313
13PQ	3	313	313	313
13RH	3	313	313	313
13OL	1	313	313	313
8ZRD	4	313	16104	16104
13OT	3	313	313	313
13PC	1	313	313	313
13QU	1	313	313	313
13RD	1	313	313	313
13NG	1	313	313	313
13PO	1	313	313	313
13OH	1	313	313	313
13QT	3	313	313	313
13MI	1	313	313	313
13PI	3	313	313	313
13OW	1	313	313	313
13QS	1	313	313	313
13MZ	1	313	313	313
13QV	1	313	313	313
13QA	3	313	313	313
13PU	3	313	313	313
13NA	1	313	313	313
13OS	1	313	313	313
13NE	1	313	313	313
13QC	1	313	313	313
13OX	1	313	313	313
13PN	1	313	313	313
13NF	1	313	313	313
13NJ	1	313	313	313
13OU	1	313	313	313
13NS	1	313	313	313
13QF	1	313	313	313
13MW	1	313	313	313
13PY	1	313	313	313
13QY	1	313	313	313
13QI	1	313	313	313
13PT	1	313	313	313
13QB	1	313	313	313
13PD	3	313	313	313
13OP	1	313	313	313
13RE	1	313	313	313
13NZ	3	313	313	313
13OQ	1	313	313	313
13PR	1	313	313	313
13MY	3	313	313	313
13PW	1	313	313	313
13PE	1	313	313	313
13PX	1	313	313	313
13MM	1	313	313	313
13PV	1	313	313	313
13QM	1	313	313	313
13OM	1	313	313	313
13OO	1	313	313	313
13QZ	1	313	313	313
13QW	3	313	313	313
13RA	1	313	313	313
8XXW	6	313	26181	26181
13ND	3	313	313	313
13MO	3	313	313	313
13RB	3	313	313	313
13PP	1	313	313	313
13NQ	3	313	313	313
13QD	1	313	313	313
13QL	1	313	313	313
13RG	3	313	313	313
13QE	3	313	313	313
13OG	1	313	313	313
13RF	1	313	313	313
13OA	3	313	313	313
13OR	1	313	313	313
13NM	3	313	313	313
13NO	1	313	313	313
13ON	1	313	313	313
9FM6	7	314	314	314
9RN6	2	314	21870	21870
9Q3I	1	315	315	315
9NAU	3	316	316	316
9NAV	8	316	326	8442
9FNP	7	317	317	317
9K3E	1	317	317	317
9JXW	2	317	317	317
8XVE	4	319	11954	46785
9JDD	2	319	17957	17957
8XVH	4	319	11954	46785
8RZL	5	320	320	320
9VVP	20	326	1249	2280
9JSN	7	328	328	328
9JSH	7	328	328	328
9JSO	1	328	328	328
9H9P	7	328	697	4614
9JSL	7	328	328	328
9JSI	7	328	328	328
8RX1	43	328	4196	22610
9K2H	1	328	328	328
9JSG	1	328	328	328
9JSK	7	328	328	328
9VMQ	8	329	329	329
9G3Z	31	329	4183	4703
9G40	5	329	718	4703
9G3Y	42	329	3804	4856
9BRX	1	330	330	330
9OG0	6	331	2027	10991
8RC5	36	332	24349	24349
9FCI	1	332	332	332
9FCJ	1	332	332	332
13QX	1	332	332	332
9BRW	8	333	333	333
9PUJ	1	334	334	334
9PUH	3	334	334	334
8VML	6	334	897	61283
9C8U	5	334	2644	44515
8VMI	7	334	897	61283
9RTN	5	335	1305	3330
9RZD	5	335	1305	3330
9BRV	6	336	336	336
9DI1	2	337	4935	4935
9DI2	2	337	4935	4935
9GB5	30	339	3758	6303
9GB7	30	339	3731	6303
9Z0D	12	340	340	340
8YX5	2	341	341	341
8ZSE	6	341	341	341
9QE7	1	341	341	341
8YX3	2	341	341	341
9EBS	2	341	341	341
8YX4	1	341	341	341
8YX2	2	341	341	341
9Z6C	2	343	343	343
9VAO	3	343	343	343
9Z6B	1	343	343	343
9F7T	1	344	344	344
9PUY	6	344	344	344
9PV6	3	344	344	344
9Z0C	3	344	344	344
9PVK	3	344	344	344
9PVI	3	344	344	344
9PV9	3	344	344	344
9F7S	3	344	344	344
8VEC	1	345	345	345
9IRC	2	345	11864	11864
9AU6	22	346	346	346
9BF8	3	347	347	347
9VWY	4	347	347	347
9F7R	3	349	349	349
8XTD	1	351	351	351
9BF7	3	351	351	351
9U7D	3	352	352	352
9HB2	3	352	352	352
9GLC	10	353	353	1701
9HB1	3	353	353	353
8Z4W	4	353	353	353
9GLD	10	353	353	1701
9GNI	32	353	1701	1701
9L4D	4	355	3952	3952
9HHI	2	355	355	355
9HHG	6	355	355	355
9F7Q	1	355	355	355
9F7P	3	355	355	355
9DO5	3	356	356	356
9DNV	3	356	356	356
9DNU	3	356	356	356
9D2K	6	356	356	356
9DO3	3	356	356	356
9DO1	3	356	356	356
9DOI	3	356	356	356
9B62	6	356	8022	14484
9F7Y	3	357	357	357
9F7U	1	357	357	357
8RBZ	17	358	700	26960
9JYY	20	358	1233	2777
8RC4	15	358	677	26928
8YJB	11	359	744	26736
9QX0	5	360	622	19795
9QWZ	2	360	622	622
9QWX	2	360	360	360
9QWS	6	360	622	19795
9QWU	6	360	622	19795
9HHH	6	361	361	361
9NWE	6	361	631	20158
9D9Z	6	361	631	20158
9NWD	2	363	363	363
9DHZ	5	363	4513	4520
9CEH	1	364	364	364
9HXW	6	364	638	19795
9C1S	6	365	9398	9607
9BIF	24	365	8433	9790
9CSY	3	366	366	366
9CYC	2	366	366	366
9CYD	1	366	366	366
9CYK	2	366	366	366
9CYB	2	366	366	366
9C24	6	368	9398	9607
8ZEH	19	369	3222	5434
8ZET	11	369	2722	5434
9C65	3	371	371	371
9C6Z	1	371	371	371
9PMW	2	372	15987	15987
9BAX	8	373	1238	2446
9QX5	1	375	375	375
8YAO	28	375	19527	19527
9XFV	25	375	375	375
9QX2	2	375	375	375
8YAE	14	375	19527	19527
9HFR	6	376	376	376
9HFS	6	376	376	376
9V6N	2	376	376	376
9HFQ	3	376	376	376
9AZR	3	376	9622	9758
9OLH	6	376	4520	4521
9D2B	6	376	4520	4521
9HFT	6	376	376	376
9V6R	24	376	8647	9539
9BV3	39	377	9223	21738
9AZT	3	377	8342	9749
9AZV	3	377	8342	9749
9L9D	6	377	377	377
9FFR	18	378	6310	6310
9FFS	18	378	6310	6310
9FAU	27	378	12840	14702
9FFU	18	378	6310	6310
9FFO	18	378	6310	6310
9FFM	18	378	6310	6310
9FFQ	18	378	6310	6310
9FAX	24	378	12840	14702
9FFP	18	378	6310	6310
8YKT	9	378	9396	9533
9HNT	6	378	5338	5338
9FAW	27	378	12746	14673
9HUM	6	378	5338	5338
9FFT	18	378	6310	6310
9HNQ	6	378	5338	5338
9HNS	6	378	5338	5338
9FFN	18	378	6310	6310
9HNR	8	378	5338	5338
9FFL	18	378	6310	6310
9FAV	27	378	12772	14702
9I2B	20	378	9644	41341
9PN0	2	379	15987	15987
9YR6	2	379	15987	15987
8VA6	3	380	380	380
9EI0	12	381	381	381
9EEF	4	381	381	381
8VA5	4	382	382	382
8VIE	2	382	382	382
9C4Z	3	382	382	382
9VSR	2	382	382	382
9C4W	4	382	382	382
9Q9U	3	382	382	382
9VSQ	2	382	382	382
9C4S	3	382	382	382
8VIC	2	382	382	382
9C4V	3	382	382	382
9VSP	2	382	382	382
9C4T	3	383	383	383
8YBL	2	383	27781	27781
9C4X	3	383	383	383
8YBP	1	383	383	383
8YBM	4	383	26148	26148
9CLV	12	383	383	383
8YBO	4	383	27911	27911
8YBN	2	383	23583	23583
9BQV	2	385	385	385
9BF1	2	385	385	385
9MEV	9	385	8619	9768
9HJ9	9	385	8357	9607
9C4U	3	385	385	385
9C4Y	4	385	385	385
9EZX	2	386	386	386
9OW2	6	387	387	387
9N8N	5	388	8706	9840
8RJ8	7	388	388	388
9CLA	4	389	389	389
9L4C	4	389	3940	3940
9CTY	4	389	389	389
9L45	4	389	3940	3940
9L4F	4	389	3940	3940
9CON	4	389	389	389
9L43	4	389	3940	3940
9L46	4	389	3940	3940
9MER	9	390	8619	9768
9NNZ	2	390	18335	18335
9NOZ	4	390	18335	18335
9IB7	9	391	391	391
9IB8	9	391	391	391
9IB6	3	391	391	391
9IB9	18	391	391	391
9DJ8	1	392	392	392
9BAN	18	392	9610	10058
9BT5	6	392	8910	9706
9BAO	18	392	9610	10058
9FRX	1	392	392	392
9C94	6	394	394	394
9C92	6	394	394	394
9C93	6	394	394	394
9FNT	6	397	8594	9869
9CAD	2	397	1477	1477
9CAC	13	397	6879	19900
9C62	14	397	6879	19900
9F43	2	397	1554	1554
9FQ3	10	397	9575	9740
9C47	2	397	1477	1477
9FNS	6	397	8504	9907
9C6N	5	397	2114	19900
9C57	13	397	6879	19900
9OQQ	7	397	397	397
9F45	8	397	2890	58038
9G5I	3	400	4831	4831
9BV2	39	401	9223	21738
9OQP	7	401	401	401
9BV1	39	401	9223	21738
9BUI	40	401	9223	21738
9M4A	7	402	402	402
9KRE	21	402	402	402
9MBX	7	402	402	402
9KG0	7	402	402	402
9VFW	7	402	402	402
9H0Q	30	402	402	402
9UFA	7	402	402	402
9KG6	7	402	402	402
9KRF	21	402	402	402
9KTO	7	402	402	402
9M4P	7	402	402	402
9KG3	21	402	402	402
9KG1	7	402	402	402
9KTM	7	402	402	402
8Y40	8	404	19946	19946
8XLH	8	404	19946	19946
9PWO	4	405	405	405
9E1G	12	406	406	406
9E1F	12	406	406	406
9E17	24	406	20273	20273
9E18	12	406	406	406
9HEO	12	406	406	406
9E1B	12	406	406	406
8RS0	24	406	12117	12117
9OL6	4	406	406	406
9E1I	12	406	406	406
9OL5	4	406	406	406
9CGQ	4	406	406	406
9EPF	2	406	406	406
9E1D	12	406	406	406
9CGP	4	406	406	406
9R8O	4	406	406	406
8RRU	24	406	12117	12117
9E1E	12	406	406	406
9E1A	12	406	406	406
8RRT	24	406	12117	12117
9EQW	2	406	406	406
9E19	12	406	406	406
9OL4	4	406	406	406
9E1C	12	406	406	406
9E1H	12	406	406	406
8RRV	24	406	12117	12117
8RRW	24	406	12117	12117
8RRX	24	406	12117	12117
9HEQ	4	406	406	406
9RCW	4	406	406	406
9N38	2	408	421	421
9QED	4	409	4552	4882
9RT4	2	412	18648	18648
9C1E	4	412	412	412
9RSU	8	412	412	412
9RT2	12	412	412	18648
9C1F	4	412	412	412
8XI3	15	412	2395	28110
9RSM	9	412	412	412
9NGV	54	415	924	1184
9JHT	2	415	415	415
9PYM	2	415	35831	35831
9YP2	6	416	416	416
9DR0	6	416	416	416
9NKG	46	417	11052	21738
9NKI	46	417	11052	21738
9CVC	5	417	1866	1866
9Z4X	4	417	417	417
9M2W	46	418	11052	21738
9UF8	46	418	11052	21738
9UG9	46	418	11052	21738
8XVV	6	419	1477	1477
9NMQ	4	419	419	419
9NMO	4	419	419	419
9NMN	4	419	419	419
9NMP	4	419	419	419
8VJJ	12	419	419	419
8XVG	42	419	6879	19900
8VK3	12	419	419	419
8VJK	4	419	419	419
8VK4	4	419	419	419
8XVT	13	419	6879	19900
9NMR	12	419	419	419
9NGW	16	420	420	420
9NSD	6	420	1305	1305
9J9B	5	420	7124	9659
9JNO	3	420	8549	9956
9DMZ	5	422	422	422
9DMY	5	422	422	422
9LUU	26	424	2299	5296
9LUT	13	424	2299	5296
9L8Z	2	425	425	425
8RRS	8	425	12117	12117
9G4T	1	425	425	425
9XSX	3	425	9903	10450
9XTH	3	425	8549	9956
9NBG	60	426	426	426
9NAW	180	426	426	426
9QT9	6	427	1301	18502
9NAI	180	428	428	428
9NAJ	180	428	428	428
9IMZ	5	428	2858	2858
9GMD	4	428	5842	5842
9GMB	4	428	5842	5842
9BGF	2	429	429	429
9DK8	6	431	431	431
9BW6	4	431	3940	3940
9BW7	4	431	3940	3940
9DQC	2	432	432	432
9GM7	6	433	2852	5906
9JJG	3	433	433	433
9GM6	5	433	2852	5906
9GM8	6	433	2852	5906
9JJJ	3	433	433	433
9XBP	5	434	434	434
9XBO	5	434	434	434
9XBL	5	434	434	434
9XBN	5	434	434	434
9C2T	7	434	434	19941
9XBK	5	434	434	434
9XBM	5	434	434	434
8VMK	6	435	435	435
8XRP	16	436	7163	7738
9QTB	1	436	436	436
8YI7	4	436	7163	7738
9JMS	5	437	437	8797
8XLF	8	437	19932	19932
8XKH	8	437	19946	19946
8XJI	24	437	19932	19932
9I90	3	438	438	438
8YRM	7	438	438	438
9I8R	3	438	438	438
9I9D	3	438	438	438
8RLM	6	439	439	439
9JSF	1	439	439	439
9C4F	6	440	440	7727
9C27	1	440	440	440
9JSM	7	441	441	442
9L4K	3	441	2193	12795
9L4L	4	441	10845	12795
8ZWQ	4	441	441	441
9RA0	24	442	442	442
9RA1	27	442	442	442
9RA2	27	442	442	442
9I8J	2	443	443	443
9N4E	18	443	443	443
9N4F	6	443	443	443
9MTI	9	443	443	443
8YAB	5	443	486	5624
8YAH	5	443	707	5624
9KA3	6	445	445	445
9NZZ	1	445	445	445
9EUU	18	447	447	447
9CX6	2	447	447	447
9KC2	6	447	447	447
9HC8	10	447	447	447
8Y2P	6	447	447	447
9E8Y	10	447	447	447
8RQM	6	447	447	447
9LK5	22	447	4184	13350
9QYL	24	447	447	447
9HGS	1	447	447	447
9JO6	1	447	447	447
9E8X	10	447	447	447
9FYP	10	447	447	447
9E9X	6	447	447	447
9HC7	15	447	447	447
9C5R	10	447	447	447
9CD9	22	447	447	447
9E8U	10	447	447	447
9CDA	18	447	447	447
9E8W	10	447	447	447
9E8V	10	447	447	447
9HC6	15	447	447	447
8ZWI	6	447	447	447
9CK3	12	447	447	447
8RI9	5	447	447	447
8RRR	10	447	447	447
9HCB	10	447	447	447
9KCP	6	447	447	447
9OBP	10	447	447	447
9HC9	15	447	447	447
8XWD	6	447	447	447
9HGR	2	447	447	447
9IJP	6	447	447	447
9O4B	12	447	447	447
9Y0S	10	447	447	447
8Y2Q	6	447	447	447
9JE7	3	447	447	447
9IC7	14	447	447	447
9LK4	22	447	4184	12482
9HCA	15	447	447	447
9JE6	6	449	449	449
9CKL	8	449	449	449
8ZWH	6	449	449	449
9JC3	6	449	449	449
9JC5	6	449	449	449
9JC4	6	449	449	449
9CKK	8	449	449	449
9JD8	9	449	449	449
9HXA	2	449	449	449
9JD7	6	449	449	449
9KCO	12	449	449	449
9JE8	6	449	449	449
9QYN	10	449	449	449
9VNP	3	450	9658	9661
9KAL	3	450	450	450
9O0F	1	450	450	450
9JE4	3	450	450	450
9J1L	15	450	531	1384
9MR0	3	451	451	451
8Z9D	64	451	4556	15410
8Y2L	3	452	452	452
9G7L	6	452	452	452
9B6N	3	452	452	452
8RJ3	10	453	453	453
9NRP	60	453	453	453
8RIL	11	453	453	453
9KA4	6	453	453	453
9DC3	60	454	454	454
9B53	1	454	454	454
9QXQ	3	454	454	454
9DC2	60	454	454	454
9UKM	9	455	3277	3277
9IZH	4	455	6372	29057
9IZF	4	455	6449	29057
9B52	1	455	455	455
9IZG	4	455	6372	29057
9VZ0	2	455	457	457
9O0E	1	456	456	456
9FA4	4	456	533	677
9EOF	4	456	533	571
9FA7	4	456	533	677
9EOC	3	456	514	677
9EP1	4	456	548	711
9JE2	6	457	457	457
8YC0	8	457	5760	9839
9H99	3	457	457	457
8XEG	1	458	458	458
9K24	6	459	459	459
9K23	6	459	459	459
9E7Z	1	459	459	459
9EWV	12	459	459	459
9E7X	6	459	459	459
9LON	6	459	459	459
9E60	1	459	459	459
9E7W	6	459	459	459
9R7U	24	460	460	460
8W15	2	461	15987	15987
9AT9	1	461	461	461
8VLX	2	461	15987	15987
8V7Q	4	461	461	461
9Q1V	4	462	462	462
9B7M	6	463	463	463
9B7K	7	463	463	24270
9JJH	1	463	463	463
9B6S	7	463	463	463
9YNV	4	463	1780	2522
9B7R	7	463	463	27356
9B7O	7	463	463	27394
9JJI	4	463	463	463
9YZY	3	463	1693	2522
9B7L	6	463	463	463
9B6R	7	463	463	27559
9B6Q	7	463	463	26044
9B7P	6	463	463	463
9B6O	6	463	463	463
9B6T	6	463	463	463
9B6P	7	463	463	23115
9B7Q	10	463	22122	22122
9B7N	6	463	463	463
9I3H	3	464	467	467
9KQP	19	466	4111	16345
8V7S	2	467	467	467
9N5X	60	467	467	467
9CV0	60	467	467	467
9CUZ	180	467	467	467
9CV9	180	467	467	467
9CWS	60	467	467	467
8V9A	2	469	469	469
9BUV	1	469	469	469
9EAQ	3	470	470	470
8V99	2	470	470	470
9EAP	3	470	470	470
9EAO	3	470	470	470
8YZ3	1	470	470	470
9F6Y	6	471	1198	1198
9F76	1	471	471	471
9BON	2	472	472	472
8V95	2	473	473	473
9O5A	7	474	2219	14178
8YF8	3	475	475	475
8YF7	3	475	475	475
8YF9	3	475	475	475
9UNV	4	475	3265	3265
9UO2	4	475	3272	3272
8YF6	3	475	475	475
9UO1	4	475	3265	3265
9EAN	3	476	476	476
8ROX	2	477	2764	2764
8ROY	2	477	2764	2764
9NA8	4	478	1167	1535
9NA9	4	478	1167	1535
8V96	6	478	478	478
9E8D	7	480	480	23412
9E89	2	480	22237	22237
9N5M	60	480	480	480
9DX7	6	480	480	480
9E80	1	480	480	480
9DXA	6	480	480	480
9N5L	60	481	481	481
9V86	4	482	5656	15683
9V9N	4	482	5656	15683
9V6E	4	482	5656	15683
9VAN	4	482	5656	15683
9HN0	2	483	483	483
9HN4	2	483	483	483
8ZU3	6	483	1188	1188
9HMS	3	483	1668	1668
9HMV	2	483	1668	1668
8V98	8	483	483	483
8YFC	6	483	1188	1188
8YFG	6	483	1185	1185
9VMX	6	483	1188	1188
9TKJ	4	484	484	484
9TKI	4	484	484	484
9TKE	5	484	484	484
9THM	5	484	484	484
9TKF	4	484	484	484
9TKH	3	484	484	484
9TKG	5	484	484	484
9TL2	4	484	484	484
9THP	6	484	484	484
9TKL	8	484	484	484
9THN	5	484	484	484
9TKK	4	484	484	484
9UTU	2	484	1891	1891
8V97	6	485	485	485
8W33	6	487	487	487
8VRJ	174	489	4433	19900
8VRD	96	489	4180	19900
9CSE	1	489	489	489
8VRK	174	489	4433	19900
9OBN	12	489	16251	16251
9I8H	31	490	4180	19057
9I8G	93	490	4180	19057
8XLS	33	492	2692	3292
9KD6	2	494	494	494
9KKL	2	494	494	494
9LWG	2	494	494	494
9KGI	2	494	494	494
9E1T	2	496	496	496
9I1R	48	497	2832	2905
9UPF	4	498	10842	10842
9UPG	5	498	10842	20158
9OA6	2	499	2074	2074
8ZRA	18	500	500	500
9HC5	3	500	500	500
8VG6	3	500	500	500
9N9F	4	501	4520	4520
9MGW	18	502	4408	13300
9LJG	4	502	2277	2277
9LJH	4	502	2277	2277
9EO9	6	504	504	504
9EOE	3	504	504	504
9EO7	3	504	504	504
9EOH	6	504	504	504
8XAI	12	505	505	505
9H1Z	2	506	506	506
9LKL	10	507	10406	10406
9I8N	38	507	4183	19562
9I8M	21	507	3034	4739
9EOJ	28	507	4183	4739
9LKM	5	507	10406	10406
9R9W	24	507	507	507
9C3E	8	510	5760	9752
9R9Y	27	511	511	511
8ZWL	6	512	512	512
9ERM	5	512	512	512
9O5D	5	512	2219	2781
9ERO	30	512	512	512
9ERN	6	512	512	512
8ZX6	6	512	512	512
8ZWM	6	512	512	512
9AXZ	18	512	512	512
9EOG	6	512	512	512
9E7P	2	515	14640	14640
9E7O	3	515	515	515
9E7N	12	515	17712	17712
9B3T	8	515	515	515
9M7N	3	517	517	517
9CRW	8	518	518	518
9QF0	2	519	3493	3493
9YP1	6	519	519	519
9QEJ	3	519	3493	5067
9BBM	6	520	520	520
9RS9	3	520	2058	22919
9BBL	9	520	520	520
9RS8	2	520	2058	2058
8VJR	3	523	523	523
8VJS	3	523	523	523
9CVF	3	523	523	523
9H4Q	8	523	1359	17297
9CVE	3	523	523	523
9CVG	3	523	523	523
8VGR	3	523	523	523
9CAE	12	524	4286	19900
9EP4	3	530	533	571
9JN9	2	533	533	533
9GCS	22	534	6292	6292
9GCT	30	534	6292	6292
9WNO	2	534	5317	5317
8YHV	3	535	535	535
9CQ4	12	536	8087	11120
8ZA6	8	536	5760	10087
9IRS	12	536	8726	10553
8V7X	60	536	536	536
9IRU	10	536	6974	10553
9WY8	6	538	538	538
9PZM	7	540	1167	53290
9IP2	5	543	6775	6775
9ERD	1	545	545	545
9H5J	6	549	549	549
9H5G	6	549	549	549
8VHF	4	550	11985	42996
9OAL	3	551	551	551
9JR9	2	552	552	552
9RPT	3	555	4763	10944
9RPW	5	555	4763	10944
9RQI	3	555	4763	10944
9GAW	45	559	5170	38201
8S4G	45	559	5170	38201
9NBB	6	561	1054	1740
9NBI	7	561	1054	25181
9NBD	8	561	1167	1535
9NBA	6	561	1054	1740
9WYV	6	561	561	561
8VU5	3	561	4805	4805
9CGX	6	564	564	564
9CGZ	6	564	564	564
9WYX	6	565	565	565
9WZ3	18	568	568	568
9X0F	18	568	568	568
9ETL	6	572	572	572
9ETJ	8	572	23263	23263
9ERT	2	572	23343	23343
9ERW	6	572	27980	27980
9ERU	4	572	572	572
8ZWC	2	573	2583	2583
9CHT	9	573	621	3242
9AYR	3	573	1315	18747
9WC1	4	574	9519	19900
9BPV	3	576	4763	4797
9LGH	1	576	576	576
8VY7	4	580	5223	6450
9V80	3	580	5656	15683
9UGJ	8	580	580	580
9L2G	8	580	580	580
9V0J	4	580	2278	2811
9JY1	20	583	6974	10342
9JXZ	8	583	5760	9354
9JY0	10	583	6974	10342
9O5E	8	583	2219	2781
9B4W	1	584	584	584
9B4V	1	584	584	584
8YEF	5	587	587	587
9E2I	6	588	588	588
9E2K	6	588	588	588
9E2H	6	588	588	588
9E2J	6	588	588	588
9E2L	6	588	588	588
9E2M	6	588	588	588
9IF9	2	590	590	590
8YEI	5	595	595	595
8YGO	4	596	3087	3087
9J8V	1	596	596	596
9H9A	1	599	599	599
9O58	4	599	9787	9788
9H9B	3	599	599	599
9YKA	9	600	8601	24183
9VZ8	3	600	600	600
9VWZ	5	600	600	600
8YGK	4	602	3087	3087
9ZWE	15	602	9265	10126
9I0H	2	603	603	603
9I0G	2	603	603	603
8YAD	2	604	707	707
9D5N	449	605	4470	39596
8RGH	4	606	4358	20040
8RGG	3	606	4358	20040
9UAT	2	608	6489	6489
9BPU	3	613	4763	4797
9BBC	8	616	5760	11042
8Z8Z	2	616	616	616
9KBF	2	618	3458	3458
9KBD	3	618	3458	3920
9B7D	12	619	11552	11552
9D03	6	619	619	619
9D02	6	619	619	619
9D04	6	619	619	619
9QU1	4	622	21579	21579
9UY9	9	626	8090	9826
9E76	17	628	3876	15009
9E7L	21	628	3876	22825
9MJ4	14	628	3876	18327
9EKB	9	630	2664	9275
9BJZ	3	632	2800	19272
9HFA	3	634	634	634
9HFC	3	634	634	634
9HCQ	3	634	634	634
9HCV	3	634	634	634
9HCX	3	634	634	634
9HD2	3	634	634	634
9HF7	3	634	634	634
9HF9	3	634	634	634
9HLU	3	634	634	634
9HCM	3	634	634	634
9HCN	3	634	634	634
9HFE	3	634	634	634
9HD0	3	634	634	634
9HCY	3	634	634	634
9HFH	3	634	634	634
9HFF	3	634	634	634
9HDA	3	634	634	634
9HFB	3	634	634	634
9HLP	3	634	634	634
9HCT	3	634	634	634
9HCP	3	634	634	634
9HCZ	3	634	634	634
9HLR	3	634	634	634
9HF6	3	634	634	634
9HCW	3	634	634	634
9HCL	3	634	634	634
9HCR	3	634	634	634
9HFD	3	634	634	634
9HLQ	3	634	634	634
9HFG	3	634	634	634
9HD9	3	634	634	634
9HF8	3	634	634	634
9HD3	3	634	634	634
9HF4	3	634	634	634
9HLT	3	634	634	634
9HCS	3	634	634	634
9HFI	3	634	634	634
9HHK	3	634	634	634
9HD1	3	634	634	634
9HCU	3	634	634	634
8VWY	18	636	9110	9110
9XZI	2	637	2560	2560
9FQV	2	638	5796	5796
9FQT	2	638	5796	5796
9FQU	2	638	5796	5796
9FQW	2	638	5796	5796
8VH5	4	639	19814	19814
8VH4	2	639	19814	19814
8RCQ	2	642	16420	16420
9N0Y	4	650	12010	50280
9AUQ	6	656	656	656
9DHD	2	658	3306	3306
9T3P	9	660	660	660
8YY6	9	662	8090	9826
9LUL	14	663	3320	17407
9COH	3	665	665	665
9NTM	89	666	4520	4530
9LQ9	1	669	669	669
9LQC	6	670	670	670
9K1S	4	671	36802	36802
9LQB	1	672	672	672
9LQA	1	672	672	672
9LTZ	3	673	3320	21026
9LTR	8	673	3320	20970
9LTW	2	673	3320	3320
9W90	8	673	3320	20970
9M0Y	14	673	3320	20970
9LTL	2	673	3320	3320
9LU1	5	673	3320	21026
9LTO	3	673	3320	20970
9LTJ	2	673	3320	3320
9O12	4	677	677	677
9O11	4	677	677	677
9O13	4	677	677	677
9O10	4	677	677	677
8YLN	4	684	3087	3087
8YKF	4	684	684	684
8Z18	8	684	3087	3087
8ZTR	4	684	3087	3087
8Y3Y	4	684	684	684
8YL5	4	684	684	684
8Y3W	4	684	684	684
8YLT	4	684	684	684
8Y3M	2	684	684	684
8YGA	4	687	687	687
8Y13	4	687	687	687
8YGP	8	687	3087	3087
8XFE	4	687	687	687
8YGC	6	687	687	3087
8Y34	2	687	687	687
8YGN	6	687	687	3087
8YG1	4	687	687	687
8XEW	4	687	687	687
8ZC9	6	687	687	3087
8YGF	8	687	3087	3087
8XFF	5	687	687	3087
9HS7	3	691	691	691
9V7J	84	700	2839	2852
9V7K	15	700	2820	2852
9K9W	268	700	2855	5959
9M3J	96	700	2820	2865
9EA7	1	701	701	701
9BD8	2	701	4097	4097
9EAG	1	701	701	701
9BDE	6	701	9882	22737
9COO	6	701	9882	22737
9BDT	7	701	8131	22737
9BD1	1	701	701	701
9E9R	1	701	701	701
9MH1	13	703	3187	5074
9F5W	6	704	19940	22515
8VRW	9	704	2718	5672
9T2Z	3	704	704	704
8VSP	9	704	5839	11090
9MH0	13	709	3179	13300
9TQB	6	713	1093	1414
9T31	4	713	713	713
8S71	6	714	714	714
8Z9M	4	719	5648	5648
8XFB	3	719	5648	5648
9G6C	4	724	2191	2191
9G6D	12	724	2191	2191
9G6E	12	724	2191	2191
9HN5	2	730	730	730
9LLD	9	731	9633	10179
8Y48	3	731	731	731
9UV4	9	732	8090	9826
9UVC	3	732	732	732
9BCF	3	735	735	735
9PRW	4	737	792	792
8XEP	2	738	738	738
8ZVD	3	740	740	740
8ZVC	3	740	740	740
8ZVB	3	740	740	740
9Q0X	2	743	743	743
9Q05	1	743	743	743
9Q15	2	743	743	743
9Q0Y	2	743	743	743
9Q06	2	743	743	743
9M64	24	744	11139	33326
9M5E	12	744	9644	33326
8S3R	6	746	3285	3285
9JLI	3	746	746	746
9CU4	3	747	747	747
9GDI	2	749	3259	3259
9GCF	6	749	3259	3259
9L3R	6	751	3259	3259
9U7F	12	753	1630	20158
9C3C	9	755	1436	7423
9DDN	9	755	25541	38426
9DDM	9	755	25541	38426
8S6S	6	756	756	756
9G09	2	757	2379	2379
9K49	8	757	25541	37431
9QUQ	8	757	25541	38426
9G08	2	757	2271	2271
9QVD	10	757	25541	38426
9KCH	8	757	25541	37431
9VEC	12	758	1721	20158
9VEI	12	758	1721	20158
8S24	1	759	759	759
9MNE	2	759	759	759
9FQ8	11	760	1147	24597
9FZL	46	760	4302	40391
9I1I	1	761	761	761
9LHV	2	763	763	763
9LHQ	1	763	763	763
9LHX	2	763	763	763
9B8V	10	764	2566	5048
9YGY	14	766	3491	31988
9VQM	4	771	773	773
9QE4	8	772	15282	15282
9Q5E	3	772	772	772
9QE5	8	772	15282	15282
9MPO	6	773	773	773
9E0F	4	773	834	834
9MP0	10	773	773	784
9E0G	4	773	834	834
9JBF	2	777	777	777
9JBG	2	777	777	777
9JBI	2	777	777	777
9JBE	2	777	777	777
9JBJ	2	778	778	778
9EI2	2	779	6836	6836
9CI3	3	779	2342	2342
9M8O	33	782	782	5448
9JTL	1	783	783	783
9JTN	1	783	783	783
9VQL	2	783	783	783
9J3Z	2	785	785	785
9J40	2	785	785	785
9FNN	11	786	2589	31104
9FMV	5	786	786	4577
9FMZ	5	786	786	4577
9FP0	9	786	1414	31104
9CSD	2	788	909	909
9V8I	3	788	788	788
8VYB	2	789	932	932
8Y56	1	789	789	789
9J3X	2	790	790	790
9JPB	5	791	1939	3444
8YY9	5	791	1939	3444
9KM0	5	791	1939	3444
8YZ2	5	791	1939	3444
9JTO	1	794	794	794
9OHS	1	797	797	797
9MNT	3	798	9375	10005
9MNU	18	798	9683	10074
9OCC	13	802	1375	6456
8RQT	1	804	804	804
9V7I	27	805	2865	5959
9V7H	27	805	2865	5959
9V7L	27	805	2865	5959
9IUE	54	807	24208	43098
9VG4	1	809	809	809
9JK7	6	810	810	810
9JKA	6	810	810	810
9MNQ	3	811	9489	10385
9KNH	1	813	813	813
9KNI	3	813	813	813
9JK8	6	814	814	814
9JK6	6	814	814	814
9JK9	6	814	814	814
8ZXD	6	815	815	815
9BJA	6	824	824	824
9F5H	2	825	825	825
8Z3I	1	825	825	825
8Z11	84	830	3187	21317
9F4C	1	831	831	831
8XPG	2	833	833	833
9CC7	10	833	5566	18207
9WUF	1	835	835	835
9UEN	126	844	4205	5512
9JJ8	46	844	4343	5140
9FDY	1	851	851	851
8ZW9	3	854	873	3358
8ZWA	3	854	873	3358
9JBN	3	854	873	2567
8ZF0	3	855	880	33665
9FKP	1	856	856	856
8Z4F	2	856	856	856
9FK5	1	856	856	856
9B9F	2	856	856	856
9LQ1	2	864	864	864
8YN1	3	870	897	14203
8YN0	12	870	898	12737
8YQH	3	872	872	872
8YL7	3	873	899	12737
8YL6	3	873	899	2334
9NE4	1	874	874	874
9NE5	1	874	874	874
9NE2	2	874	874	874
9IKB	2	876	12877	12877
9E8G	33	877	5310	21738
8ZOH	13	877	2462	5397
9Y2Z	3	877	877	877
8ZOG	15	877	2462	5397
9Y31	3	877	877	877
9QVG	3	877	877	877
9QVH	3	877	877	877
9QVF	3	877	877	877
8ZOA	14	877	2462	5397
8ZO9	15	877	2462	5397
9E8J	26	877	5009	17418
9E8L	26	877	5009	17418
9E8H	78	877	5009	17418
8ZOE	10	877	2462	5397
8ZOC	15	877	2462	5397
9E8I	78	877	5009	17418
9R3W	1	880	880	880
9LPK	6	881	1634	16858
9HVY	1	882	882	882
9B9G	30	883	2446	21878
9OT6	8	883	2446	17144
8YWB	2	883	883	883
9RSX	4	885	9441	56755
9EJK	3	886	886	886
9EJM	3	886	886	886
9EJL	3	886	886	886
9LEG	9	888	981	1185
9NWT	2	890	2725	2725
9DUR	2	890	2191	2191
9NWS	2	890	2725	2725
9H41	1	893	893	893
8XP5	2	894	894	894
9DTU	3	894	894	894
9SNV	6	901	3908	3908
9VOR	4	906	12038	12038
9L0D	4	907	2705	19231
9H30	3	911	911	911
9K1L	1	916	916	916
8RK6	3	916	3126	5577
8RK7	3	916	3126	5577
9GOX	9	919	8508	9721
9T4Q	4	919	919	919
9GOY	9	920	8508	10150
9T4N	4	924	924	924
9T47	4	924	924	924
9NGU	104	924	4777	16749
9QEN	2	925	925	925
9OTI	18	926	14430	24509
9LWF	20	926	11175	54444
9LVK	18	926	11175	54444
8RXP	4	929	929	929
9FNB	4	929	929	929
8RXQ	2	929	929	929
8RYC	6	929	929	929
8RXV	6	929	929	929
8RXL	4	929	929	929
9T4O	3	931	931	931
8YDM	3	935	2495	3829
9IP3	15	938	15746	15746
9K09	48	939	2984	6461
9DHK	20	943	2597	3687
8YDN	3	944	944	944
9IP4	5	945	13617	13617
9CL6	9	949	989	1176
9IIC	4	953	9691	9691
9Q1M	2	954	954	954
9Q1N	2	954	954	954
9Q1O	2	954	954	954
9PFD	6	955	3488	3488
9DI4	2	955	3488	3488
9LWR	6	955	3247	3247
9LWQ	2	955	3238	3238
9LWS	2	955	3247	3247
8YXL	1	957	957	957
8YXP	1	957	957	957
9R7Y	27	958	958	958
9PXF	9	958	989	1172
9R7Z	30	958	958	958
9R80	30	958	958	958
8VAU	6	960	960	960
9CGY	1	961	961	961
9GSX	27	962	9076	11702
9CL5	9	966	998	1308
8RWF	3	968	968	968
8RX2	6	968	968	968
9JW1	1	972	972	972
9JTM	1	973	973	973
8YEH	5	973	973	973
8RW9	8	974	16360	16360
8YEG	5	974	974	974
9JWG	2	974	2244	2244
8YQG	6	975	975	975
9KBG	12	976	976	976
9ML2	15	978	9628	9696
9ML3	7	978	978	9689
8XGL	2	978	978	978
9ML1	15	978	9766	9852
9CL2	9	979	986	1359
9CL4	9	979	986	1359
9CL3	9	979	986	1359
9MNI	2	980	12291	12291
9BP3	5	980	5168	46440
9AUC	5	980	11062	46440
9BLW	5	980	5168	46440
9MM5	2	980	12291	12291
9SXI	3	980	980	980
9CL1	9	983	986	1339
9DDQ	8	984	24829	28990
9DDP	8	984	24829	28990
9DDO	8	984	24829	28990
9Q2D	2	991	2764	2764
9YA9	3	991	9615	9615
9DQD	2	991	2764	2764
9Q03	3	991	9615	9615
9I1J	2	992	14371	14371
9K7M	2	992	992	992
9BTW	5	993	5168	46440
9CT3	4	995	995	995
8Y6K	1	995	995	995
9EWY	1	995	995	995
9CT4	4	995	995	995
9CT6	12	995	995	995
9CT5	8	995	995	995
9N7F	4	995	995	995
9CMC	30	996	8862	10252
9OIN	8	996	996	996
9K7O	2	996	996	996
9OIM	4	996	996	996
9OIO	8	996	996	996
9OIQ	4	996	996	996
9PXU	4	1003	8962	16901
9PY2	3	1011	6452	45006
9PXW	3	1011	6452	45006
9PXY	3	1011	6452	45006
9PXX	3	1011	6452	45006
9PXV	4	1011	6452	45006
9PY4	3	1011	6452	45006
9PY3	3	1011	6452	45006
9E2U	24	1015	2731	4987
9EZC	7	1016	1016	1016
8ZBH	3	1018	1018	1018
8ZBG	3	1018	1018	1018
9PI9	18	1018	8242	9696
9IXT	9	1019	1019	1019
9IXS	3	1019	1019	1019
9BJU	8	1020	1020	1020
9GAX	6	1020	1020	1020
9FZA	2	1020	1020	1020
9S64	12	1020	1020	1020
9BOL	6	1020	1020	1020
9COP	11	1027	6281	20439
8RJJ	4	1029	1892	1892
9B7J	23	1029	7187	22340
8XVQ	4	1031	1031	1031
9YNC	30	1031	3682	4234
8XVP	4	1031	1031	1031
9YNG	31	1031	4234	22340
9D5S	2	1031	1031	1031
9CLX	2	1031	1031	1031
9DGT	35	1031	3307	22340
9HHL	37	1031	3317	22340
9D55	2	1031	1031	1031
9DGR	35	1031	3307	22340
9YND	27	1031	3682	4234
9DGV	33	1031	3307	22340
9DGU	37	1031	3307	22340
9YNE	8	1031	3682	4234
9D5M	2	1031	1031	1031
9YNH	36	1031	3682	4234
9DGS	31	1031	4437	22340
9EVE	2	1032	1032	1032
9DAN	4	1037	1037	1037
9DAT	4	1037	1037	1037
9DAW	4	1037	1037	1037
9DAV	4	1037	1037	1037
9BQ3	5	1039	5168	46440
9H59	3	1042	3320	22144
9QLU	5	1047	1047	1047
8S6Y	12	1048	1048	1048
9GU2	27	1055	6410	10180
9GU3	9	1055	6410	10180
9GU0	9	1055	6410	10180
9GU1	9	1055	6410	10180
9CE3	6	1059	1118	18804
9Y93	12	1061	1061	1061
9O2Z	4	1062	2514	17923
8RK5	6	1062	1076	1076
8ZYE	2	1062	7020	7020
8W22	3	1071	2265	6094
8W20	11	1071	2265	6094
9JW6	4	1074	1074	1074
9CAP	3	1075	1196	1227
9GAD	18	1077	1077	1077
8YJC	1	1079	1079	1079
8YCM	6	1081	1081	1081
9HYN	4	1085	8272	8272
9GAB	18	1089	1089	1089
9E0J	15	1098	2350	2689
8RXB	6	1101	1101	1101
9M8M	4	1104	2860	3480
9UOX	3	1106	1106	1106
9ZIT	3	1106	1106	1106
9LWU	18	1106	2027	11006
9I65	9	1107	1107	1107
9KQQ	45	1114	4111	5225
9B8O	16	1114	3737	5214
9LVJ	18	1116	11175	54444
9FEF	5	1124	20036	20036
9BRZ	15	1125	3737	4729
9BRT	27	1125	3737	20862
9RS7	3	1125	1841	19867
9BRQ	27	1125	3737	20862
9BRU	26	1125	4522	20862
9BRY	14	1125	3737	4729
9BRR	26	1125	4522	20862
9RS6	6	1125	1841	1841
9BRA	27	1125	3737	20862
9BRS	26	1125	4522	20862
9SMA	2	1127	1127	1127
9QWP	4	1128	1428	1428
9CF8	25	1130	3758	20642
9DET	16	1130	3758	21394
9CFC	25	1130	3758	20642
9AXA	6	1132	2487	18017
9AXC	4	1132	18017	18017
9Y02	2	1138	2451	2451
9Y01	2	1138	2451	2451
9I9L	15	1139	2366	3089
9EYS	15	1139	2366	3089
9RP9	3	1140	1140	1140
9L6F	8	1141	21512	21512
9ZIS	3	1141	1141	1141
9UOY	3	1141	1141	1141
9QVT	1	1144	1144	1144
9OOX	23	1144	2458	2458
8RKH	2	1146	1146	1146
9GBI	9	1146	2771	4734
9GC2	9	1146	2771	4818
9R7B	3	1149	1149	1149
8Y1L	5	1150	1150	2837
9LGO	10	1152	4058	4334
9DNZ	4	1153	13889	13889
9DNX	4	1153	13889	13889
9DNY	4	1153	13889	13889
9DUM	6	1155	1732	46690
8ZU8	3	1157	1157	1157
9E2V	10	1157	1157	1157
8RVL	34	1158	12398	21550
8Z30	9	1158	1158	1158
8RVP	34	1158	12398	21550
8RVO	34	1158	12398	21550
8Z36	3	1158	1158	1158
9MNS	6	1165	9065	10598
9ZPD	5	1165	1246	2025
9EQJ	2	1167	1167	1167
9HYP	3	1167	1167	1167
9HYB	4	1167	1167	1167
9RKE	8	1167	21471	21471
9RK8	12	1167	21524	21524
8ZV8	4	1167	1167	1167
9RKC	8	1167	21551	21551
9IPW	4	1167	1167	1167
8XVJ	4	1167	9006	24281
9RKN	12	1167	21471	21471
9EQM	3	1167	1167	1167
8ZVJ	4	1167	1167	1167
9HYO	1	1167	1167	1167
8XVK	4	1167	9006	24281
8XVL	4	1167	9006	24281
9RKJ	8	1167	21471	21471
9SV3	15	1167	2511	6538
8YJA	2	1169	1169	1169
9NIR	1	1170	1170	1170
8ZOI	10	1174	2462	4653
8ZOB	10	1174	2462	4653
8ZOD	10	1174	2462	4653
8ZOF	8	1174	2462	4653
8VLB	6	1178	4937	4937
8VL9	2	1178	4937	4937
9FTN	5	1180	1180	1180
9FXW	3	1180	1180	1180
9FXU	1	1180	1180	1180
9FXY	3	1180	1180	1180
9DTX	6	1184	4143	4143
9MR9	16	1184	1184	1184
9D4B	2	1184	1184	1184
9DTY	30	1184	1184	1184
9AU4	15	1185	2016	2510
8YMB	4	1185	8231	8231
8ZWB	3	1185	1215	2510
9HHM	6	1186	1186	1186
8YEZ	3	1188	1188	1188
9LZJ	58	1192	1912	2856
9LZK	17	1192	1912	2580
8VU3	15	1192	2020	2567
9KC5	12	1194	2991	3685
9EU5	3	1195	1195	1195
9VJS	19	1197	2636	4734
9ENT	3	1199	1199	1199
9IIT	2	1200	1200	1200
9M4F	18	1201	2877	4865
9KCM	4	1208	28208	39788
9BPB	28	1209	4570	42142
9MGZ	13	1209	4489	9402
9MJA	2	1210	2307	2307
9KZ7	3	1218	1218	1218
9KZ6	1	1218	1218	1218
9QNO	3	1222	1222	2813
9QOO	12	1222	11052	17304
9QON	11	1222	11052	17304
9QOP	3	1222	1222	2813
8RWZ	2	1223	3936	3936
8RX0	3	1223	3936	15721
9GIO	3	1223	1223	1223
9U9D	6	1225	20352	20352
9LX0	8	1236	18852	19143
9LXH	3	1236	2799	18852
8ZJ2	7	1236	2218	20776
8ZJI	6	1236	2218	20776
8ZJJ	6	1236	2218	20776
8ZJL	6	1236	2218	20776
8ZJM	6	1236	2218	20776
8ZJK	6	1236	2218	20776
8XM7	3	1236	2218	20748
9OUK	2	1242	2758	2758
8VPQ	4	1245	7259	28091
9FWG	2	1245	10090	10090
9ZPC	4	1246	2025	2425
8ZU1	1	1251	1251	1251
8ZEQ	1	1259	1259	1259
9LGG	4	1261	1261	1261
9P0A	3	1261	1261	1261
9C7U	3	1263	7388	16810
9C7V	11	1263	2981	22441
9K3M	120	1264	2108	2108
9O04	42	1267	7234	7234
9LTS	4	1278	2865	3514
9LTU	4	1278	2865	3514
9LTV	4	1278	2865	3514
9FS5	10	1279	1279	1279
9C8D	12	1282	1282	1282
9C8E	11	1282	1282	1282
9FSM	30	1284	1284	1284
9PHW	48	1287	4789	42959
9IKC	3	1296	1296	1296
9LY9	120	1298	1298	1298
9LY8	60	1298	1298	1298
9KI1	54	1305	3146	20147
8VVN	7	1306	1306	14177
8ZLH	6	1308	1308	1308
9IV7	2	1310	1310	1310
8YAR	6	1312	4498	4651
8YAL	6	1312	4498	4635
8YAJ	6	1312	4498	4656
8Y9F	6	1312	4498	4656
9IFM	24	1314	4035	6645
8ZK2	4	1314	2832	3406
9BAP	1	1315	1315	1315
9LE7	42	1316	4007	4882
9LE8	26	1316	4007	4882
9EH5	16	1317	4789	42959
9YIA	19	1318	1318	1318
9YI9	18	1318	1318	1318
9I4I	90	1319	4591	34720
9CWT	29	1319	4232	32967
8ZP8	41	1324	8270	42845
9CCQ	30	1325	1325	1325
9CCP	30	1325	1325	1325
8XSM	1	1327	1327	1327
9NU1	4	1330	1330	1330
9NU2	18	1330	1330	1330
9NU3	18	1330	1330	1330
9IUR	5	1333	1333	1333
9IV3	2	1333	1333	1333
9FQI	1	1334	1334	1334
9FQJ	2	1334	1334	1334
9FQH	1	1334	1334	1334
9FLU	7	1336	1336	1336
9FLV	7	1336	1336	1336
9FLX	7	1336	1336	1336
9FLS	7	1336	1336	1336
9FLP	7	1336	1336	1336
9FLY	7	1336	1336	1336
8RGP	30	1336	9841	33977
8RGT	30	1336	9841	33977
8RGQ	30	1336	9841	33977
8RGR	30	1336	9841	33977
9FLW	7	1336	1336	1336
9G8B	7	1336	1336	1336
8ZLZ	2	1342	1342	1342
9I8V	3	1350	1575	4303
8Y7F	2	1351	1351	1351
9GLK	3	1359	1359	1359
8XSN	1	1360	1360	1360
9I9O	3	1362	1362	1362
9I9P	1	1362	1362	1362
9GN8	3	1363	1363	1363
9GLJ	3	1365	1365	1365
9GLP	3	1365	1365	1365
9GLH	3	1365	1365	1365
9GMN	3	1366	1366	1366
9IA8	3	1366	1366	1366
9GMM	1	1366	1366	1366
9GLL	3	1366	1366	1366
9GLI	1	1366	1366	1366
9I9M	3	1367	1367	1367
9GLM	3	1369	1369	1369
9GLN	3	1369	1369	1369
9GLO	3	1370	1370	1370
9I9N	3	1370	1370	1370
9QVE	1	1370	1370	1370
9Z6W	8	1376	6605	7049
9Z6U	8	1376	6605	7049
9Z6V	8	1376	6605	7049
9HKU	6	1378	1378	1378
8XO1	8	1382	20158	20158
9XED	8	1382	20158	20158
9L8W	4	1382	1382	1382
9XB9	8	1382	20158	20158
9BP7	15	1384	2611	2611
9BOY	15	1384	2619	2619
9BOZ	15	1384	2619	2619
9BP0	15	1384	2611	2611
9B41	24	1385	3312	3312
9P11	6	1386	9337	9337
9V4O	1	1389	1389	1389
9IOZ	12	1390	2042	5951
9KP6	5	1392	1392	1392
9KCA	5	1392	1392	1392
9KC9	5	1392	1392	1392
9DO6	6	1394	4813	4813
9DO7	39	1394	4813	4813
9BPO	4	1400	1400	1400
9CZS	2	1400	1400	1400
9L0W	4	1402	1402	3226
9L0M	4	1402	1402	3226
8YGQ	2	1402	1402	1402
9J2F	4	1405	2828	4228
9ED4	14	1405	2985	58038
9ED6	4	1405	17473	58038
9OZV	2	1409	1409	1409
9KU9	2	1414	1414	1414
9FP2	4	1414	31104	31104
9FO7	2	1414	1414	1414
9OI8	4	1419	5884	6032
9O4K	4	1419	5884	6032
9M5X	1	1419	1419	1419
9C6L	6	1422	1422	1422
9C6M	6	1422	1422	1422
9PQZ	2	1422	1484	1484
9D49	12	1422	1490	1490
9P4W	12	1422	1490	1490
9P4V	12	1422	1490	1490
8XJK	4	1432	6021	39599
8XJL	4	1432	6021	39599
8XJM	4	1432	6021	39599
9KQB	22	1432	2544	4731
9F0A	2	1434	15377	15377
9BR3	6	1435	1435	1435
9BR4	6	1435	1435	1435
8ZVQ	2	1436	1436	1436
9LIM	6	1443	1443	1443
9LIL	1	1443	1443	1443
9HJP	2	1443	1443	1443
8YT8	8	1444	3279	13039
9K95	3	1444	2546	8230
9KR6	2	1446	1446	1446
9JAL	2	1446	1446	1446
9JAQ	2	1446	1446	1446
9JAN	2	1446	1446	1446
9JAM	2	1446	1446	1446
9KQV	2	1446	1446	1446
9PEB	1	1447	1447	1447
9LIK	2	1451	1451	1451
9KU2	1	1451	1451	1451
9PEC	1	1452	1452	1452
9NCN	2	1454	1454	1454
9BI5	4	1458	11311	11311
9G5H	6	1459	1459	1459
9G6T	6	1459	1459	1459
9G6U	7	1459	1459	1459
8RBC	6	1459	1459	1459
8RBB	6	1459	1459	1459
8RBA	6	1459	1459	1459
9CCA	24	1460	12465	12465
8Z83	4	1462	2735	3512
8Z82	5	1462	2735	4982
8Z5P	8	1471	13207	19539
8Z5T	48	1471	13207	19539
8Z5Q	16	1471	13207	19539
8XYA	4	1471	13207	20158
9QK2	18	1475	3797	5080
9QPY	12	1475	3797	3797
9QJ5	12	1477	3805	3805
9QJ4	12	1477	3805	3805
9U60	2	1477	3798	3798
9U5Z	6	1477	3798	3798
9F61	6	1478	5297	23480
9F60	6	1478	5297	23480
9NCO	2	1480	1480	1480
8XBS	2	1481	1481	1481
9QUF	1	1484	1484	1484
9L8N	1	1499	1499	1499
8ZKU	4	1500	1500	3242
8ZKS	4	1500	1500	3242
8Z6B	4	1500	1500	3226
8ZKH	4	1500	1500	3242
8Z6H	4	1500	1500	3226
8Z6F	4	1500	1500	3242
8ZKR	4	1500	1500	3242
8ZL8	4	1500	1500	3242
8ZKT	4	1500	1500	3242
9C82	5	1501	1589	2425
9E9A	1	1504	1504	1504
9D47	36	1514	1514	1514
9D48	12	1514	1514	1514
8XCE	12	1521	1521	1521
8XCB	12	1521	1521	1521
8XGR	4	1522	11949	41405
9HVF	12	1524	4585	6779
9J6W	23	1524	5468	42845
8ZSO	37	1524	7390	42845
8ZSL	23	1524	5468	42845
8ZXZ	23	1524	5468	42845
8ZOU	40	1524	9336	42845
8ZSN	37	1524	7390	42845
8ZO8	39	1524	7598	42845
8ZSK	23	1524	5468	42845
8ZSM	23	1524	5468	42845
9HVE	16	1524	7601	14151
8ZSQ	38	1524	8270	42845
9J6H	23	1524	5468	42845
8ZSR	23	1524	5468	42845
9DAS	2	1525	1525	1525
9EAD	3	1526	4333	4669
9DHC	2	1526	1526	1526
9TI4	69	1527	5535	43097
9FZB	3	1527	1527	1527
8RCI	3	1527	1527	1527
9IKK	16	1529	1529	1529
8Y6Z	1	1532	1532	1532
9DHF	2	1537	1537	1537
9DHU	2	1537	1537	1537
9F23	12	1538	33488	33488
9DGK	2	1540	1540	1540
8XE8	1	1544	1544	1544
9OP1	3	1546	9916	10107
9BAZ	3	1547	6722	6722
8XKY	4	1547	4278	4278
8XKW	4	1547	4278	4278
8XKX	4	1547	4278	4278
9MYM	3	1548	1548	1548
9IXY	8	1550	18781	18781
9N9S	15	1550	6290	46993
9N9R	15	1550	6290	46993
9V7G	13	1551	2786	2865
9N4K	4	1552	4246	4246
9MIR	4	1552	6746	6746
9DNS	3	1553	16532	16532
9NS5	6	1553	8923	27981
9DNT	1	1553	1553	1553
9F44	6	1554	2890	58038
9EAC	3	1554	4290	4669
9F42	1	1554	1554	1554
8XA4	2	1557	1557	1557
9W9I	4	1566	6525	11065
9EGK	1	1571	1571	1571
9ELD	1	1572	1572	1572
9IKJ	16	1574	1574	1574
9I7S	6	1575	2224	2304
9I6B	4	1575	2304	2304
9IXZ	8	1575	20158	20158
9I7P	4	1575	2304	2304
9MHP	1	1575	1575	1575
9I7T	6	1575	2224	2304
9B1R	3	1578	1578	1578
9P6B	4	1585	1585	1585
8RCN	2	1587	2890	2890
8RCH	6	1587	2890	58038
8RCK	3	1587	2890	58038
9CME	1	1588	1588	1588
9MHG	5	1589	2425	13150
9MHH	5	1589	2425	13150
9MHF	5	1589	2425	13150
8ZEE	4	1589	2337	2535
9J3F	1	1594	1594	1594
9EVX	42	1601	2706	42380
9LIZ	8	1601	18781	18781
9G6G	22	1601	2537	42380
9LJ5	8	1601	18781	18781
9LJ1	8	1601	18781	18781
9G6F	24	1601	2537	2562
9G6H	28	1601	2571	42380
9X2O	4	1605	1605	1605
9SOC	4	1608	2964	2964
9J38	8	1611	20158	20158
8VDQ	1	1612	1612	1612
8VDP	1	1612	1612	1612
8VDR	1	1612	1612	1612
8VDO	3	1612	1612	1612
9QPV	1	1620	1620	1620
9DO8	6	1623	4813	4813
8XY7	2	1625	13207	13207
8XYB	3	1625	13207	20158
8Z5R	3	1625	13207	19539
8Z5M	3	1625	13207	19539
9TPF	6	1629	2799	2799
9TPE	6	1629	2833	2833
9UC8	8	1630	20158	20158
8RHN	16	1632	2587	4089
9FMN	2	1634	1634	1634
8S61	1	1636	1636	1636
9DWV	2	1637	3320	3320
9DWW	3	1637	2762	2842
9EVL	2	1640	1640	1640
9EVJ	2	1640	1640	1640
9EVK	6	1640	1640	1640
9MUU	7	1642	1642	1642
9FGP	6	1646	1646	1646
9UJ0	36	1647	1647	1647
8VQD	3	1650	6798	8684
9HUJ	4	1651	1651	1651
9HUH	2	1651	1651	1651
9HUI	2	1651	1651	1651
9J99	4	1651	4278	4278
9J61	8	1653	1653	1653
9DPZ	1	1654	1654	1654
9DOP	1	1654	1654	1654
9B98	3	1657	1657	1657
9B96	3	1657	1657	1657
9DOL	3	1657	1657	1657
9B97	3	1657	1657	1657
9OVQ	3	1658	1658	1658
8VTJ	3	1659	2752	3195
9KLM	3	1659	2721	3103
9E40	1	1662	1662	1662
9E3T	4	1662	1662	1662
9E42	2	1662	1662	1662
9KAN	4	1671	11098	11098
9I08	2	1676	1676	1676
9K2W	2	1677	2450	2450
9K2X	2	1677	2450	2450
8VM4	4	1678	1678	1678
8VLZ	4	1678	1678	1678
9H02	3	1685	1685	1685
9FL8	12	1685	2282	2282
9H0K	6	1685	1685	1685
8VQE	2	1688	1688	1688
9G6V	20	1689	2926	11492
9QF3	1	1694	1694	1694
9I5M	6	1696	1696	1696
8XA8	6	1697	9686	10082
8XA6	5	1697	7489	10082
8XA7	6	1697	7489	10082
9WZC	12	1702	1702	1702
9LV4	1	1704	1704	1704
9Q33	2	1706	6496	6496
9NGT	2	1706	3320	3320
9NFR	2	1706	3320	3320
9NFQ	3	1706	3320	22185
9KX8	2	1707	3105	3105
8V85	1	1710	1710	1710
9WZB	12	1717	1717	1717
9HJ8	12	1720	1720	1720
9HJ6	4	1720	1720	1720
9HLA	12	1720	1720	1720
9HL3	12	1720	1720	1720
9HLB	12	1720	1720	1720
9HL8	12	1720	1720	1720
9HLD	12	1720	1720	1720
9HLC	12	1720	1720	1720
9HL4	4	1720	1720	1720
9HL6	12	1720	1720	1720
9SAF	2	1722	2764	2764
9SAI	2	1722	2764	2764
9MUT	7	1723	1723	1723
9MUV	6	1723	1723	1723
9WD8	8	1724	20158	20158
9VEO	8	1724	20158	20158
9VEN	8	1724	20158	20158
9MY4	8	1728	20158	20158
9WZ8	14	1730	1730	1730
9WZG	14	1730	1730	1730
9WZ4	14	1730	1730	1730
9WZH	12	1730	1730	1730
9WZ5	12	1730	1730	1730
9N0X	2	1732	1732	1732
9DUO	4	1732	46690	46690
9H25	4	1733	1733	1733
9H27	3	1733	1733	1733
9H26	3	1733	1733	1733
9WZD	14	1734	1734	1734
9FHP	3	1736	1736	1736
9Q8J	3	1736	1736	1736
9MY3	8	1738	20158	20158
9MUS	7	1743	1743	1743
8RBK	1	1744	1744	1744
9IIN	8	1746	8782	22988
8ZWO	8	1746	8782	22988
9QGL	54	1747	6115	7083
9I5R	1	1747	1747	1747
9DLP	3	1748	9425	22510
9DUN	4	1749	4557	4557
9F22	6	1752	35130	35130
9N2D	18	1762	12092	30961
9EKT	4	1762	1762	1762
9EKS	4	1762	1762	1762
9EKU	4	1762	1762	1762
8RMN	40	1764	13826	13826
8RML	11	1764	1769	1769
8RMM	18	1764	1769	28267
9B34	2	1766	1766	1766
9J1B	2	1766	1766	1766
9B33	2	1766	1766	1766
9J1F	4	1766	1766	1766
9J1D	2	1766	1766	1766
9B37	18	1766	6006	6006
9J1A	1	1766	1766	1766
8YYA	1	1766	1766	1766
8YJ9	1	1766	1766	1766
9J1C	4	1766	1766	1766
9B36	24	1766	6006	6006
9FEQ	3	1766	1766	1766
8ZE7	1	1766	1766	1766
8RMK	22	1769	11114	11114
9CC2	4	1770	1770	1770
9EBA	8	1771	13110	13110
9EKV	4	1771	1771	1771
9EB9	8	1771	14644	14644
9CBZ	4	1773	1773	1773
9EKW	4	1775	1775	1775
9EL1	4	1775	1775	1775
9EKZ	4	1775	1775	1775
9EKX	4	1775	1775	1775
9EKY	4	1775	1775	1775
9EL0	4	1775	1775	1775
9ZPO	8	1777	20238	20238
9FEL	6	1786	1786	1786
9CUA	6	1787	1787	1787
9CUD	6	1787	1787	1787
9CUC	18	1787	1787	1787
9CUB	6	1787	1787	1787
9B4F	2	1789	1789	1789
9CUE	6	1789	1789	1789
9WZT	1	1793	1793	1793
9X04	1	1793	1793	1793
9WZS	1	1793	1793	1793
8YGL	3	1794	2741	3170
8YGD	3	1794	2741	3170
9KQJ	2	1795	1795	1795
9KQI	2	1795	1795	1795
9KQF	2	1795	1795	1795
9DK1	6	1797	3542	3542
9DK3	6	1797	3542	3542
9DK2	2	1797	3542	3542
9E06	6	1802	17198	17198
9E04	6	1802	17198	17198
9E02	6	1802	17198	17198
9I2L	2	1805	1805	1805
8Y0Q	3	1807	2039	2134
9LMN	2	1809	1809	1809
9F24	3	1812	1812	1812
9LSC	2	1818	1818	1818
9HYT	9	1818	1818	1818
9LSF	2	1818	1818	1818
9LSA	2	1818	1818	1818
9LSW	10	1818	1818	1818
9FGI	4	1818	1818	1818
9E3B	16	1829	5128	36669
9E2P	2	1829	1829	1829
9E3A	3	1829	2009	36669
9AY9	12	1832	1832	1832
8YVE	1	1841	1841	1841
8YVD	2	1841	1841	1841
8YVI	2	1841	1841	1841
8YVC	2	1841	1841	1841
9F0H	2	1841	1841	1841
8YVF	8	1841	1841	1841
9B4E	2	1846	1846	1846
9C74	3	1846	1846	1846
9B4G	2	1846	1846	1846
9GQZ	4	1851	33876	33876
9GNW	6	1852	2511	4621
9R8T	1	1852	1852	1852
9R94	1	1852	1852	1852
9R85	1	1852	1852	1852
9D0T	12	1860	12737	20489
9GBK	87	1860	16934	23818
9D4C	9	1860	12398	16934
9HEI	7	1867	2454	4742
9IS4	15	1867	2484	5144
9G7Q	8	1868	1868	1868
8Y7V	1	1869	1869	1869
8RKF	2	1869	1869	1869
8Y0R	3	1870	3115	3182
9IOX	10	1872	2383	5475
9IIU	5	1872	2399	27647
9IMN	10	1872	2383	15970
9D9S	3	1874	4364	4654
9C8G	3	1877	4191	4692
9QJA	2	1878	1878	1878
9ZZ6	10	1883	13070	46938
8S2M	6	1884	2024	2024
8S2N	2	1884	2024	2024
9GCO	4	1884	2024	2024
9B85	19	1884	14720	22340
8RLE	1	1891	1891	1891
9WZX	1	1891	1891	1891
8RLB	1	1891	1891	1891
9WZU	1	1891	1891	1891
8RLC	2	1891	26989	26989
9WY1	1	1891	1891	1891
9WZV	1	1891	1891	1891
8RL9	2	1891	25218	25218
9OD7	1	1893	1893	1893
9ERZ	6	1895	1895	1895
9IRV	3	1898	4171	4171
9J48	48	1898	4171	4171
8XV7	4	1901	1901	1901
8XV4	2	1901	1901	1901
9MQ0	3	1904	2115	2143
9MPZ	3	1904	2115	2143
9LT9	3	1905	1905	1905
9QLS	1	1907	1907	1907
9JX2	4	1908	1908	1908
8ZUT	3	1909	1909	1909
8ZUQ	4	1912	1912	1912
9CXP	3	1915	1915	1915
9C26	3	1915	1915	1915
9FES	1	1921	1921	1921
9FER	6	1921	1921	1921
9FEN	4	1922	1922	1922
8Z0A	8	1923	13289	13289
9QLF	1	1923	1923	1923
9H6X	1	1923	1923	1923
9QKV	1	1923	1923	1923
9QLE	1	1923	1923	1923
9QLN	1	1923	1923	1923
8RQY	1	1926	1926	1926
9NGO	3	1934	8175	25772
9J0Q	4	1936	1936	1936
9AU7	3	1936	3548	22625
9J11	6	1936	1936	1936
9DOA	39	1937	4813	4813
9DOB	6	1937	4810	4810
9DO9	6	1937	4813	4813
9OXN	2	1940	2012	2012
9KUX	3	1940	22386	22386
9KUV	2	1940	22291	22291
9KUW	4	1940	22386	22386
9P2R	2	1940	2012	2012
9CT1	12	1941	34749	34749
9CSZ	8	1941	1941	1941
9GNU	18	1942	4521	11695
9GMY	18	1942	4521	11695
9IMO	18	1942	4520	11695
9IT5	6	1949	1949	1949
9OD9	1	1955	1955	1955
9HMU	3	1956	1956	1956
9B8L	2	1957	1957	1957
9B8K	1	1957	1957	1957
9FFI	3	1964	1964	1964
9N88	4	1966	2095	2095
9NTT	1	1968	1968	1968
8YQ4	6	1969	1969	1969
9QEC	3	1969	4552	4882
8YA2	3	1971	10592	13421
8YA0	3	1971	10658	13430
9LYL	3	1972	1972	1972
9KEN	1	1976	1976	1976
9F6Z	2	1978	1978	1978
8YBX	10	1979	2019	4065
8YNK	8	1979	1979	4065
8YNI	11	1979	2074	4065
8YNN	7	1979	1979	4065
8YNM	11	1979	1979	4065
8YNL	9	1979	1979	4065
9NWY	2	1981	37872	37872
9C10	2	1981	37872	37872
9MRE	2	1981	37872	37872
8RYK	2	1982	1982	1982
8RZB	4	1982	1982	1982
8RYS	3	1982	1982	1982
8Y47	1	1983	1983	1983
8RVG	6	1984	1984	1984
9UAJ	10	1984	2443	3106
9AST	5	1985	6450	46322
9UAQ	9	1986	3915	19269
9JVR	4	1987	1987	1987
8ZUS	4	1987	1987	1987
9UOL	60	1990	1990	1990
9MGQ	6	1993	38460	38460
8VEX	6	1993	38460	38460
9MGM	6	1993	38460	38460
8VEU	6	1993	38460	38460
9MGL	2	1993	38460	38460
9PY1	2	1993	38460	38460
9PY0	6	1993	38460	38460
8VEY	2	1993	38460	38460
8VET	2	1993	38460	38460
9PCA	6	1993	37751	37751
8VEW	2	1993	38460	38460
9N3N	6	1993	38460	38460
9MGN	2	1993	38460	38460
9N3Q	4	1993	38460	38460
8VEO	6	1993	38460	38460
9N3O	6	1993	38460	38460
9PXZ	2	1993	38460	38460
9MGR	6	1993	38460	38460
9N3R	12	1993	38460	38460
9MGP	6	1993	38460	38460
9N3P	6	1993	38460	38460
8S6P	1	1997	1997	1997
9GVF	3	1997	1997	1997
8YD7	10	1999	2178	2178
8YD8	10	1999	2178	2178
9K76	1	2001	2001	2001
9FEM	1	2002	2002	2002
8Z37	1	2002	2002	2002
9JXK	1	2002	2002	2002
9JXE	2	2002	2002	2002
9DN0	11	2003	2003	2003
9UMG	2	2004	2080	2080
8YWR	3	2004	9554	10104
9LMA	2	2004	2004	2004
9LKG	4	2005	2005	2005
9FEO	6	2005	2005	2005
9KUG	4	2005	6372	46440
8YFH	3	2005	2005	2005
9Z2L	4	2005	2005	2005
9UMX	4	2005	6372	46440
9UMR	4	2005	6372	46440
9MQ5	3	2007	2007	2007
9DOD	4	2007	37737	37737
8XZZ	4	2008	2008	2008
9MNG	2	2008	2008	2008
9B1B	3	2008	4320	4651
8XZY	4	2008	2008	2008
9MOS	6	2008	2008	2008
8Y00	4	2008	2008	2008
9B18	3	2008	4320	4651
9B19	3	2008	4320	4651
9B1A	3	2008	4320	4651
9MND	6	2008	2008	2008
9E3C	2	2009	5128	5128
9EYW	2	2009	37363	37363
9EYU	6	2009	37363	37363
9EYX	2	2009	37363	37363
9JXJ	1	2009	2009	2009
9EYV	6	2009	37363	37363
9GKN	1	2010	2010	2010
9FJD	3	2010	2265	4358
9GKM	1	2010	2010	2010
9FJE	3	2010	2265	4358
8YEK	1	2011	2011	2011
9M1J	4	2011	9731	19091
9SE5	1	2011	2011	2011
9SEG	1	2011	2011	2011
9SI1	1	2011	2011	2011
8YEJ	1	2011	2011	2011
9SFL	1	2011	2011	2011
8ZT1	3	2011	2011	2011
9QE2	1	2011	2011	2011
9SEA	1	2011	2011	2011
9D8W	3	2011	2494	4506
8ZT2	3	2011	2011	2011
9SH0	1	2011	2011	2011
9ZBL	10	2012	20373	20373
9F2D	16	2012	21184	21184
9ZBP	10	2012	19967	19967
8ZUR	3	2012	2012	2012
8ZUP	4	2012	2012	2012
8RBI	4	2013	2013	2013
9QIO	2	2015	2667	2667
9JXV	4	2015	4530	4530
9DSO	3	2015	2419	4140
9QIV	2	2015	2667	2667
9QGW	2	2015	2667	2667
9QIG	1	2015	2015	2015
9EII	7	2015	3360	4530
9QIM	2	2015	2667	2667
9QH5	2	2015	2667	2667
9QIC	1	2015	2015	2015
9EIJ	8	2015	3360	4530
9QIP	2	2015	2667	2667
9QII	1	2015	2015	2015
8XDN	4	2015	4530	4530
9KYA	3	2015	2015	2015
9QIA	2	2015	2667	2667
9QHI	2	2015	2667	2667
8XVA	5	2015	2561	4530
9EIH	14	2015	3360	4530
9F05	8	2016	2016	2016
9F04	8	2016	5148	5148
9DN1	11	2016	2016	2016
8YYN	6	2017	2017	2017
8YYO	4	2017	2017	2017
23AC	6	2017	2017	2017
8YPX	4	2017	2017	2017
8YEA	2	2017	2017	2017
9MFO	1	2018	2018	2018
9G6Z	3	2018	2018	2018
9MFT	1	2018	2018	2018
9QCD	1	2019	2019	2019
9EIS	6	2019	2019	2019
9EIR	4	2019	2019	2019
9IJY	2	2020	2020	2020
9CKZ	2	2020	2020	2020
9CL0	2	2020	2020	2020
9J3C	2	2020	2020	2020
8YFU	2	2022	2022	2022
8YFW	2	2022	2022	2022
9N1J	12	2022	2022	2022
8XZX	2	2023	2023	2023
9IAF	1	2024	2024	2024
9P6H	2	2025	15741	15741
9MYJ	2	2025	19234	19234
9HX5	1	2025	2025	2025
9MFR	1	2026	2026	2026
9MS8	1	2026	2026	2026
9MFP	3	2026	2026	2026
9MFS	3	2026	2026	2026
9MFQ	3	2026	2026	2026
9FYW	6	2027	2027	2027
8ZBM	16	2027	7686	19377
8ZJY	6	2027	2468	8187
9MO6	14	2028	20373	24602
9BLI	6	2028	2150	2150
9MO8	15	2028	20373	24602
9MO5	14	2028	20373	24602
9MO9	14	2028	20373	24602
9MOK	15	2028	20373	24602
9MOM	15	2028	20373	24602
9T3X	3	2028	5717	5717
9MOI	14	2028	20373	24602
9MON	15	2028	20373	24602
9MOL	15	2028	20373	24602
9MOW	15	2028	20373	24602
9MOU	15	2028	20373	24602
9E2E	16	2028	3755	20373
9MOP	14	2028	20373	24602
9MOD	15	2028	20373	24602
9MO7	14	2028	20373	24602
9MOO	14	2028	20373	24602
9MOA	14	2028	20373	24602
9MOB	15	2028	20373	24602
9MOX	14	2028	20373	24602
9C8V	4	2028	4646	7428
9MOC	15	2028	20373	24602
9MO4	14	2028	20373	24602
8VY3	4	2028	4646	7428
9MYG	1	2029	2029	2029
9BHB	1	2030	2030	2030
9FTZ	13	2030	3600	26573
9FU0	13	2030	3600	26573
9QEF	20	2030	8434	26573
8Z0P	1	2032	2032	2032
9B42	19	2033	2304	8448
8RQO	1	2033	2033	2033
9FGN	3	2033	4481	5014
9QHN	12	2034	2034	2034
9J4X	2	2035	2035	2035
9J51	2	2035	2035	2035
9J52	2	2035	2035	2035
9J53	2	2035	2035	2035
8Z73	4	2036	2036	2036
9GWJ	4	2037	2093	2093
8XEJ	4	2038	8854	9342
8XLI	13	2038	3726	4720
9B6E	4	2039	2039	2039
9B6J	4	2039	2039	2039
9B6D	4	2039	2039	2039
9B6G	4	2039	2039	2039
9B6H	4	2039	2039	2039
9B6K	4	2039	2039	2039
9B6F	4	2039	2039	2039
9QO5	11	2040	3920	15515
8ZYR	4	2040	2287	2476
9EG1	9	2040	3636	8893
9E5Z	8	2040	4273	8893
9QO6	8	2040	4306	8893
9E77	8	2040	4297	8893
9QO3	11	2040	3920	15515
9EG8	9	2040	3799	8893
9QO2	11	2040	3920	15515
9QO0	11	2040	3920	15515
9JXH	2	2040	2040	2040
9E81	8	2040	4297	8893
9EGL	9	2040	3898	8893
9QO1	9	2040	3920	8893
9EFM	9	2040	3920	8893
8YET	2	2040	2040	2040
9EFQ	9	2040	3936	8893
9PH4	8	2040	4297	8893
9QO4	11	2040	3920	15515
9EFV	9	2040	3920	8893
9IJN	1	2042	2042	2042
9INH	2	2043	2043	2043
9C58	5	2043	5503	21230
9IUC	2	2043	2043	2043
9INE	2	2043	2043	2043
9C59	12	2043	6958	21230
9INF	2	2043	2043	2043
9C5B	6	2043	6958	21230
9JV7	2	2045	2045	2045
9JEC	6	2047	21708	21708
9GP7	3	2048	2048	2048
9P96	2	2048	3532	3532
9H9E	4	2049	24842	24842
9BKK	3	2049	3653	47474
9H2D	6	2050	2050	2050
9GY6	18	2050	8434	26573
9C4K	17	2051	2262	24361
8YM7	2	2051	15532	15532
8Z5N	156	2051	4885	23128
9JXO	2	2051	2051	2051
9CBC	17	2051	2262	24361
8Z60	320	2051	9240	26143
9L6S	2	2052	3373	3373
9JXM	1	2053	2053	2053
9JXL	1	2053	2053	2053
9SG0	1	2054	2054	2054
8V68	3	2055	2055	2055
8V66	3	2055	2055	2055
8V69	3	2055	2055	2055
8V65	3	2055	2055	2055
8V67	3	2055	2055	2055
9X8S	4	2057	2057	2057
9QFL	6	2058	2058	2058
9QIU	6	2058	2058	2058
9QEO	6	2058	2058	2058
9QEM	6	2058	2058	2058
9QFI	6	2058	2058	2058
8Z7A	8	2058	2058	2058
9QEL	6	2058	2058	2058
9SG2	3	2059	8724	9183
9GKP	8	2059	2059	2059
9GKL	8	2059	2059	2059
9SFX	2	2059	13703	13703
9IRJ	1	2060	2060	2060
8RKE	3	2060	2060	2060
9JUB	3	2060	9474	10655
8RQN	1	2060	2060	2060
8YFR	10	2060	3305	6414
9X8U	4	2060	2060	2060
8ZTD	3	2061	2061	2061
8ZT5	3	2061	2061	2061
8ZT8	3	2061	2061	2061
8ZTA	3	2061	2061	2061
8ZTF	3	2061	2061	2061
9NJY	9	2062	8585	9811
9B6I	4	2062	2062	2062
9JXR	2	2062	2062	2062
9C38	3	2063	2063	2063
9JXN	2	2063	2063	2063
9EOT	4	2063	13871	13871
9KUM	24	2064	8190	23356
9IKG	24	2064	8190	23356
9IKF	24	2064	8190	23356
9IKI	24	2064	8190	23356
9KUL	24	2064	8190	23356
9IWS	2	2064	2064	2064
9L2E	8	2064	2064	2064
9KUK	24	2064	8190	23356
9L2D	8	2064	2064	2064
9M56	24	2064	8190	23356
8ZB7	16	2064	7569	19341
9C2A	3	2064	2064	2064
9B95	3	2064	2064	2064
9B73	3	2064	2064	2064
9C2C	3	2064	2064	2064
9C2B	3	2064	2064	2064
9L2F	8	2064	2064	2064
8V6Q	2	2064	2064	2064
9IKH	24	2064	8190	23356
8V6R	2	2064	2064	2064
9I2H	4	2065	3510	34506
9MOT	3	2065	3510	34754
9MOV	4	2065	3510	34754
9CTH	5	2065	3510	35090
9I3R	4	2065	2065	2065
9HS2	4	2066	2066	2066
9CGC	38	2067	4763	21550
9LOL	3	2067	2705	19347
9IWR	46	2067	8899	21550
9IM4	2	2067	2067	2067
9BA8	2	2068	2068	2068
8V88	15	2069	2069	2069
8V8D	15	2069	2069	2069
8V82	15	2069	2069	2069
8V89	15	2069	2069	2069
8V8C	15	2069	2069	2069
8RKA	2	2069	2589	2589
8V80	15	2069	2069	2069
8V86	15	2069	2069	2069
8RQE	451	2069	4125	4125
8RKB	2	2069	2589	2589
8V8A	15	2069	2069	2069
9EC0	6	2070	2142	2142
9IJZ	2	2071	2071	2071
9HS3	4	2071	2071	2071
9P3R	4	2072	2072	2072
9HS1	4	2072	2072	2072
8ZTO	2	2073	2073	2073
9MC2	6	2074	2074	2074
9NDY	13	2076	3009	7510
9GKI	5	2077	2077	2077
9NWI	30	2077	3433	3433
9GKO	6	2077	2077	2077
9GJ8	8	2077	2077	2077
9DM1	21	2078	7631	21976
9I7U	6	2080	4005	22325
9I6F	6	2080	4005	22325
9NGE	4	2081	2081	2081
9JXF	2	2081	2081	2081
9Z0E	3	2081	2081	11681
9EJY	1	2081	2081	2081
9HI3	3	2081	2081	2081
9JXG	2	2081	2081	2081
8ZBN	16	2082	7620	19311
8ZBK	16	2082	7624	19311
9G0C	6	2083	19519	19519
9E50	6	2083	2083	2083
9E4X	6	2083	2083	2083
9E56	6	2083	2083	2083
9ITG	2	2084	2084	2084
9C25	3	2085	2085	2085
8Z0Z	3	2085	2085	2085
9C23	3	2085	2085	2085
8Z1D	3	2085	2085	2085
9JXI	2	2086	2086	2086
9J0A	4	2086	2397	2397
9CY8	1	2087	2087	2087
9HVD	12	2087	9031	14151
9M3Z	7	2087	5589	5589
9NY1	4	2088	2088	2088
9G8Q	4	2089	61105	61105
9BQ4	6	2090	2090	2090
8RDE	6	2091	2091	2091
9LR7	4	2091	2091	2091
8ZMX	3	2091	2091	2091
9G98	4	2091	2091	2091
9LJ6	1	2091	2091	2091
9M00	2	2091	2091	2091
9VJX	6	2092	2092	2092
9B94	4	2093	2093	2093
9DVJ	2	2094	2094	2094
9DVN	2	2094	2094	2094
22GA	6	2094	2094	2094
9DVP	2	2094	2094	2094
9FCT	2	2094	2094	2094
9DVM	2	2094	2094	2094
9DVL	2	2094	2094	2094
9DVK	2	2094	2094	2094
9DVO	2	2094	2094	2094
9J8R	2	2095	2095	2095
9OUL	2	2095	2758	2758
9J8S	2	2095	2095	2095
9J8Q	2	2095	2095	2095
9DTP	24	2096	2096	2096
9G0D	2	2096	19519	19519
9MB3	2	2096	2096	2096
9MTA	4	2097	2097	2097
9MT8	4	2097	2097	2097
9B93	4	2097	2097	2097
9Y2B	4	2097	2097	2097
9B8Y	4	2097	2097	2097
9LTF	3	2097	2097	2097
9B8Z	1	2097	2097	2097
9MRT	4	2097	2097	2097
9B8X	1	2097	2097	2097
9MTC	4	2097	2097	2097
9B8W	4	2097	2097	2097
9Y2A	4	2097	2097	2097
9B91	1	2097	2097	2097
9Y2C	1	2097	2097	2097
9B90	4	2097	2097	2097
9B92	4	2097	2097	2097
8VB4	24	2098	2134	2134
9NV3	2	2099	4659	4659
9Z5N	39	2099	2099	2099
9EAM	7	2099	2562	26510
9IND	2	2099	6293	6293
8XH1	4	2100	2100	2100
8XH2	4	2100	2100	2100
8XH0	4	2100	2100	2100
8XCJ	6	2101	2819	2819
9GOE	2	2101	12955	12955
9LVN	1	2101	2101	2101
8W30	2	2101	3134	3134
8VSD	5	2102	4456	24570
9EP3	6	2103	2534	2534
9EYM	24	2105	2105	2105
9EYN	8	2105	2105	2105
8V6S	2	2105	2105	2105
9D6M	8	2106	2343	2343
9EC2	4	2106	2106	2106
9D6K	6	2107	2327	2327
9DDX	3	2108	2108	2108
9V84	8	2109	2109	2109
9KYK	3	2110	2110	2110
9IS6	8	2110	2570	11171
9ARD	6	2110	2110	2110
9P3S	4	2111	2111	2111
9H35	4	2112	2112	2112
9H36	2	2112	2112	2112
8XJC	2	2113	2113	2113
9I8I	6	2113	2113	2113
9LX5	3	2115	2115	2115
9WI0	6	2115	2115	2115
9CNT	4	2116	2116	2116
9CNU	1	2116	2116	2116
9NAB	4	2116	8700	10072
9CNV	1	2116	2116	2116
9CLJ	3	2116	2116	2116
22NU	1	2116	2116	2116
9LXC	3	2116	2116	2116
22OB	1	2116	2116	2116
9CNS	3	2116	2116	2116
9KNU	24	2118	2165	2165
9KHX	24	2118	2165	2165
9J9W	2	2118	2483	2483
9D5V	2	2119	2327	2327
9D5Y	6	2119	2327	2327
9VK1	2	2119	2119	2119
9N3S	2	2119	2119	2119
9D5U	6	2119	2327	2327
9VK0	2	2119	2119	2119
9GS0	14	2120	12327	12327
9H2Y	6	2121	2121	2121
9H2T	6	2121	2121	2121
9H2W	6	2121	2121	2121
9H2U	6	2121	2121	2121
9D65	8	2122	2343	2343
9RIB	6	2123	2123	2123
9ILV	6	2123	2123	2123
9IMH	6	2123	2123	2123
8XDF	3	2123	2123	2123
9S1S	6	2123	2123	2123
9NLY	33	2124	4028	7732
9CRU	10	2124	4028	7732
9NG2	11	2124	4028	7732
9GVO	9	2124	8315	8657
9JQR	6	2124	2516	11359
9JQ6	6	2124	8931	9822
9NLW	11	2124	4028	7732
9NLZ	33	2124	4028	7732
9CRX	33	2124	4028	7732
9GW5	4	2124	8315	8413
9GVL	4	2124	8657	8657
9N22	33	2124	4028	7732
9JQQ	4	2124	2196	2516
9NLU	33	2124	4028	7732
9JQP	3	2124	2196	2516
9QE1	5	2126	2147	2416
9QE0	8	2126	2147	2416
8YRL	6	2127	2127	2127
9J22	3	2130	2130	2130
9UET	2	2131	2131	2131
9DLZ	7	2135	2566	26510
9C6T	2	2135	2135	2135
9E8P	2	2135	2135	2135
9DLX	7	2135	2533	26510
9BWG	5	2136	2136	2136
9BWB	5	2136	2136	2136
9BWE	5	2136	2136	2136
9BU3	5	2136	2136	2136
9BU2	5	2136	2136	2136
9BVH	5	2136	2136	2136
9BVJ	5	2136	2136	2136
9BWC	15	2136	2136	2136
9BWJ	5	2136	2136	2136
9BZP	5	2136	2136	2136
9D6J	8	2137	2343	2343
9CZF	12	2138	9137	9786
9CZA	12	2138	9137	9786
9IUJ	2	2138	4182	4182
9CZ7	12	2138	9137	9786
9CZD	12	2138	9137	9786
9LT3	2	2138	4182	4182
9BPD	3	2138	2138	2138
9BPC	3	2138	2138	2138
9JEI	2	2138	4182	4182
8XCG	9	2141	4353	5517
8VSZ	5	2142	2142	2142
9IK1	3	2142	2142	2142
9KZH	3	2143	3123	3145
9N2Q	6	2144	2144	2144
9N6D	2	2144	2144	2144
9N2R	6	2144	2144	2144
9UC6	3	2144	2144	2144
9Q1H	3	2145	2145	2145
8RCR	4	2146	2146	2146
8RCU	4	2146	2146	2146
9N2S	2	2146	2146	2146
8ZEB	6	2146	2146	2146
9U6E	24	2147	2147	2147
9UBT	1	2147	2147	2147
9UB3	1	2147	2147	2147
9UB5	1	2147	2147	2147
9N94	24	2147	2147	2147
9UBS	1	2147	2147	2147
9UBA	1	2147	2147	2147
8RUU	18	2148	8245	9969
9CPE	1	2148	2148	2148
9P99	3	2149	5891	10969
9P95	3	2149	3532	7311
9P98	4	2149	9745	10246
9P97	4	2149	9745	10246
9KKB	2	2151	8363	8363
8YJY	2	2151	8363	8363
9G3J	100	2152	2152	2152
9G3H	100	2152	2152	2152
9G3I	100	2152	2152	2152
9VJM	2	2153	2153	2153
9QDH	3	2157	2157	2157
9C48	9	2157	2157	2157
8YBB	6	2157	2157	2157
9BQI	3	2157	2157	2157
9BQH	9	2157	2157	2157
9C3J	3	2157	2162	4680
9IUT	4	2158	42400	42400
9Q4Y	12	2159	2159	2159
9CW2	12	2159	2159	2159
9MWX	12	2159	2159	2159
9O0I	3	2159	2159	2516
9Q55	12	2159	2159	2159
9Q53	12	2159	2159	2159
9MZ3	12	2159	2159	2159
9CW6	12	2159	2159	2159
9MZ2	12	2159	2159	2159
9Q54	12	2159	2159	2159
9MWO	12	2159	2159	2159
9CWK	12	2159	2159	2159
9Q4Z	12	2159	2159	2159
9Q52	12	2159	2159	2159
9MWW	12	2159	2159	2159
9Q4X	12	2159	2159	2159
9CW7	12	2159	2159	2159
9MWS	12	2159	2159	2159
9CW8	12	2159	2159	2159
9MWV	12	2159	2159	2159
9N2T	3	2159	2159	2159
9Q58	12	2159	2159	2159
9MWQ	12	2159	2159	2159
9C1Z	12	2159	2159	2159
9MWR	12	2159	2159	2159
9MZ4	12	2159	2159	2159
9CW4	12	2159	2159	2159
9CW9	12	2159	2159	2159
9Q51	12	2159	2159	2159
9CWI	12	2159	2159	2159
9MZ1	12	2159	2159	2159
9CW5	12	2159	2159	2159
9MWT	12	2159	2159	2159
9CWD	12	2159	2159	2159
8ZDJ	36	2159	4022	5250
9CWJ	12	2159	2159	2159
9FO4	4	2160	4956	4956
9FR1	12	2160	4956	4956
9ENR	1	2160	2160	2160
9FNJ	12	2160	4956	4956
9ENS	1	2160	2160	2160
9FNC	4	2160	4956	4956
9FOX	4	2160	4956	4956
9FOP	4	2160	4956	4956
9FU3	2	2160	4956	4956
8XIU	1	2160	2160	2160
8VTK	9	2161	2752	3195
9MWN	12	2161	2161	2161
9MWP	6	2161	2161	2161
9IYT	3	2161	2161	2161
9IYM	3	2161	2161	2161
9MWU	6	2161	2161	2161
8VTO	9	2161	2752	3195
9IYR	3	2161	2161	2161
8VTN	9	2161	2752	3195
8VTL	9	2161	2752	3195
9IYS	3	2161	2161	2161
9IYU	4	2161	2161	2161
8VTM	3	2161	2752	3195
9FR0	3	2162	2162	2162
9GYB	6	2162	2162	2162
9IYN	3	2162	2162	2162
9E6B	5	2162	2162	2162
9IYO	3	2162	2162	2162
9E6D	5	2162	2162	2162
9E6C	15	2162	2162	2162
9MJG	18	2163	2163	2163
9IYL	3	2164	2164	2164
9IYV	1	2164	2164	2164
9VJ0	4	2165	28090	28090
9VIY	4	2165	28090	28090
9VJ1	4	2165	28090	28090
8VS6	3	2165	2855	4360
9VIZ	4	2165	28090	28090
9Y6U	24	2166	2166	2166
9Y9C	48	2166	3655	3655
9Q9E	5	2166	2166	2166
9UBB	1	2167	2167	2167
9EV0	30	2167	2167	2167
9ETS	37	2167	2167	2167
9H6P	8	2170	2170	2170
9GEM	12	2170	2170	2170
8VC0	10	2170	2170	2170
9VJ2	2	2171	28070	28070
9BIG	3	2172	2172	2172
8VHX	5	2173	3341	3343
9G0V	1	2173	2173	2173
9G1T	1	2173	2173	2173
9G14	1	2173	2173	2173
9G0U	1	2173	2173	2173
8ZYJ	2	2174	28259	28259
9OJZ	36	2174	5881	8127
9PD1	42	2174	5898	8127
9OLO	42	2174	5898	8127
9OK3	6	2174	2490	8127
9PBA	48	2174	5881	8127
9OM6	24	2174	2490	8127
9PAF	36	2174	5881	8127
9PBF	36	2174	5881	8127
9PAG	36	2174	5881	8127
9PC3	36	2174	5881	8127
9PCZ	42	2174	5881	8127
9PBV	36	2174	5881	8127
9PB9	48	2174	5881	8127
9Q4K	12	2175	2175	2175
9MYU	12	2175	2175	2175
9C1Y	12	2175	2175	2175
9CW0	12	2175	2175	2175
9Q4N	12	2175	2175	2175
9CVZ	12	2175	2175	2175
9Q4I	12	2175	2175	2175
9MWB	12	2175	2175	2175
9CVY	12	2175	2175	2175
9Q4H	12	2175	2175	2175
9Q4G	12	2175	2175	2175
9CVV	12	2175	2175	2175
9MYV	12	2175	2175	2175
9CVX	12	2175	2175	2175
9CW3	12	2175	2175	2175
9MWC	12	2175	2175	2175
9CW1	12	2175	2175	2175
9Q4O	12	2175	2175	2175
9CVS	12	2175	2175	2175
9MYW	12	2175	2175	2175
9Q4J	12	2175	2175	2175
9CVW	12	2175	2175	2175
9Q4M	12	2175	2175	2175
9CVU	12	2175	2175	2175
9MWA	12	2175	2175	2175
8S0G	28	2176	45495	45495
8S1V	3	2176	2176	2176
8S1L	24	2176	45495	45495
8RZZ	36	2176	45495	45495
9F26	3	2177	2445	4774
9G7I	12	2177	2197	2197
9M08	4	2177	2300	2300
8VXV	1	2178	2178	2178
8YM4	10	2178	2225	2225
8YM6	13	2178	2215	2215
8YM5	10	2178	2225	2225
8VXW	5	2178	2178	2178
9MRX	11	2179	2179	2607
9HQU	4	2179	7186	7186
9NYU	2	2179	2179	2179
9MTN	4	2179	2179	2179
9I4Z	3	2180	2180	2180
9G00	6	2182	2197	4843
9FZZ	6	2182	2197	4843
9FZY	6	2182	2197	4843
8REY	36	2182	2182	2182
9G02	4	2182	2197	2197
9G01	4	2182	2197	2197
9MLH	5	2182	2182	2182
9G03	4	2182	2197	2197
9Q61	3	2183	2183	2183
9MYX	3	2183	2183	2183
9CVJ	3	2183	2183	2183
9Q4W	3	2183	2183	2183
9MYY	3	2183	2183	2183
9Q4V	3	2183	2183	2183
9MWM	3	2183	2183	2183
9MWG	3	2183	2183	2183
9Q4R	3	2183	2183	2183
9Q4S	3	2183	2183	2183
9MWL	3	2183	2183	2183
9MWE	3	2183	2183	2183
9MYZ	3	2183	2183	2183
9CVL	3	2183	2183	2183
9CVN	3	2183	2183	2183
9CVQ	3	2183	2183	2183
9MWI	3	2183	2183	2183
9MZ0	3	2183	2183	2183
9BOJ	1	2183	2183	2183
9CVO	3	2183	2183	2183
9Q4Q	3	2183	2183	2183
9MWD	3	2183	2183	2183
9CVK	3	2183	2183	2183
9MWH	3	2183	2183	2183
9CVP	3	2183	2183	2183
9CVR	3	2183	2183	2183
9Q4T	3	2183	2183	2183
9MWF	3	2183	2183	2183
9Q4U	3	2183	2183	2183
9MWK	3	2183	2183	2183
9Q4P	3	2183	2183	2183
9MWJ	3	2183	2183	2183
9CVM	3	2183	2183	2183
9IXU	8	2184	2184	2184
9CVI	3	2184	2184	2184
9Q75	9	2185	2185	2185
9FPL	3	2186	2186	2186
9FPK	4	2186	2186	2186
9FPG	4	2186	2186	2186
9FPN	4	2186	2186	2186
9FPJ	5	2186	2186	2186
9FPO	4	2186	2186	2186
8VOJ	4	2186	7172	28091
9FPI	4	2186	2186	2186
9DTQ	4	2186	8100	28184
9FPH	4	2186	2186	2186
8VRT	4	2186	8100	28091
9FPF	4	2186	2186	2186
9LN4	15	2188	2188	2188
9LLC	6	2188	2188	2188
8XQ9	2	2188	2188	2188
9L3M	18	2188	2188	2188
9L3U	21	2188	2188	2188
8XQ5	2	2188	2188	2188
8XPQ	2	2188	2188	2188
9L6W	18	2188	2188	2188
8XQA	2	2188	2188	2188
9L9H	18	2188	2188	2188
9L9P	4	2188	3850	5609
8XQ6	1	2188	2188	2188
8XQ4	1	2188	2188	2188
9E8B	2	2190	3491	3491
9G3N	180	2190	2190	2190
9G3M	150	2190	2190	2190
9G3O	240	2190	2190	2190
9HML	2	2190	16961	16961
9V55	12	2191	30196	33045
9V53	15	2191	30196	33045
9V52	6	2191	33045	33045
9CSN	2	2191	2191	2191
9CSM	1	2191	2191	2191
9MRJ	3	2193	2193	2193
9VOJ	3	2194	2194	2194
9M15	4	2194	2194	2194
9M18	5	2194	2194	2194
9M11	4	2194	2194	2194
9M14	3	2194	2194	2194
9VOL	3	2194	2194	2194
9M1A	4	2194	2194	2194
9M13	3	2194	2194	2194
9M1D	3	2194	2194	2194
9M1B	4	2194	2194	2194
9M16	3	2194	2194	2194
9M19	3	2194	2194	2194
9M1C	3	2194	2194	2194
9VOI	3	2194	2194	2194
9M10	4	2194	2194	2194
9VOH	3	2194	2194	2194
9M12	7	2194	2194	2194
9VOG	3	2194	2194	2194
9MLG	5	2194	2194	2194
9M17	4	2194	2194	2194
9VOK	3	2194	2194	2194
8RD9	4	2194	2194	2194
9EXS	2	2195	2604	2604
8ZJF	2	2198	6500	6500
8XOW	18	2198	3520	3520
8XQB	99	2198	3520	3559
9OV4	9	2199	9091	14676
8VQY	9	2199	9044	11684
9OUR	9	2199	9091	14506
9OUN	9	2199	9091	14506
8VRN	9	2199	9044	11684
9DRX	9	2199	9044	11684
9OUO	9	2199	9091	14676
9OUP	7	2199	9549	15357
8RCZ	5	2199	2199	2199
9OUQ	9	2199	9091	14676
9OUM	7	2199	9549	15357
9KCL	3	2201	28208	39788
9KCR	3	2201	28208	39788
9KCK	2	2201	28208	28208
9KHY	18	2202	2202	4283
9LJ8	18	2202	2202	4283
9SDY	3	2203	3636	15584
9SDX	3	2203	3636	15468
8Y1Y	1	2204	2204	2204
9I6Q	2	2204	9374	9374
8YZS	4	2204	2204	2204
8Y1Z	1	2204	2204	2204
8XX0	12	2204	9031	9797
9JXQ	4	2206	17708	17708
9Q8I	12	2206	17811	35224
9LSZ	3	2206	7063	8564
9MUL	2	2207	3560	3560
9EKK	6	2207	2207	2207
9EKN	3	2207	2207	2207
9EKM	6	2207	2207	2207
9LNF	1	2207	2207	2207
9MUM	2	2207	3560	3560
9CAH	2	2209	17824	17824
9KHP	1	2211	2211	2211
9DOZ	3	2211	2211	2211
9UGP	1	2211	2211	2211
8VOF	2	2212	16761	16761
8RZH	12	2213	2213	2213
8RZG	12	2213	2213	2213
8RZJ	12	2213	2213	2213
8XVF	8	2213	2213	2213
8RZI	12	2213	2213	2213
9DRW	14	2213	2213	2213
9CKV	2	2216	3648	3648
8VRP	8	2216	2216	2216
9SZT	46	2216	9951	21738
9NKJ	45	2216	11052	21738
9HEU	138	2216	9951	21738
9DIA	6	2216	3648	3648
9BW4	39	2216	9223	21738
9EF2	2	2216	3648	3648
9NKF	45	2216	11052	21738
9E8Q	31	2216	5405	21738
9E8O	33	2216	5310	21738
9SZV	46	2216	9951	21738
9RMX	44	2217	2217	2918
9MNM	4	2217	2217	2217
9S6W	3	2217	2217	2217
9HIS	4	2218	32930	32983
9HJ3	7	2218	18452	32983
9L2N	8	2218	19527	19527
8YX6	5	2219	2219	2219
8YX8	5	2219	2219	2219
8YX7	5	2219	2219	2219
9IFX	1	2220	2220	2220
9K6M	6	2220	2220	2220
9QN7	4	2220	2220	2220
8VX9	2	2221	4534	4534
9FG7	15	2222	14523	15074
9BI9	1	2222	2222	2222
9FGH	18	2222	14523	15074
9FG4	5	2222	14523	14523
9FG9	15	2222	14523	15074
9EQG	15	2222	14780	15074
9FGG	18	2222	14523	15074
9FGF	15	2222	14523	15074
9FG8	15	2222	14523	15074
9FG6	5	2222	14523	14523
9FG5	5	2222	14523	14523
9SLY	6	2223	2223	2223
9QBP	12	2223	4661	4661
9B9K	2	2224	3614	3614
9IY6	8	2224	2227	2510
8ZK0	6	2224	2510	6966
9K3Q	3	2224	2672	3121
9L1Q	8	2224	8681	9864
9KWE	4	2224	8681	9864
9B9J	4	2224	8516	9342
8ZJX	6	2224	2510	9921
9CGM	60	2224	2224	2224
9KF6	3	2224	2224	2224
9KWZ	6	2224	2510	9864
8YIZ	90	2226	14354	21738
8YIX	51	2226	12216	21738
8YIY	102	2226	12216	21738
9DQB	3	2227	4100	12580
8ZHR	4	2227	2461	3447
9DRJ	3	2227	4627	12466
8ZK3	4	2227	6382	6966
8ZK4	4	2227	6382	6966
9KF4	4	2227	2227	2227
9L1P	4	2227	8681	9864
9O0W	9	2228	2228	2228
9O0Y	9	2228	2228	2228
9O0X	9	2228	2228	2228
9TGG	8	2228	9599	9954
9FOI	15	2229	2229	2229
9DWD	54	2230	2230	2230
9D6C	54	2230	2230	2230
8ZK1	4	2230	2233	2510
9D4I	3	2231	2231	2231
9D5T	3	2231	2231	2231
9DDT	2	2231	18579	18579
9D60	3	2231	2231	2231
9D44	3	2231	2231	2231
9VVO	2	2232	28286	28286
9FX1	3	2233	3096	4289
9FFH	1	2234	2234	2234
9FFG	1	2234	2234	2234
9FVW	3	2235	2235	2235
9O8M	6	2235	3825	3825
9B8C	11	2235	3874	28111
9FVV	3	2235	2235	2235
9MQG	11	2235	3842	28111
9OED	7	2235	3803	25468
9B8B	7	2235	3805	20102
9HNZ	3	2235	2235	2235
9HO3	3	2235	2235	2235
9FVY	3	2235	2235	2235
9HO1	3	2235	2235	2235
8VFV	10	2235	3808	28111
9HO0	3	2235	2235	2235
9DVE	4	2236	2236	2236
9IGA	1	2238	2238	2238
9JA0	12	2239	2239	2239
9J97	2	2239	2239	2239
9J98	2	2239	2239	2239
8ZUJ	15	2240	2240	2240
9J0R	6	2241	2241	2241
9U8G	18	2243	22179	32889
9Q2Y	6	2243	2243	2243
9JD1	12	2243	9651	32889
9JD0	18	2243	22152	32889
9H6E	4	2244	2377	2377
9IXB	18	2244	4435	4512
9MLI	5	2248	2248	2248
9C4A	3	2248	4422	4692
9BUL	3	2248	2248	2248
9C8H	3	2248	4191	4692
9EBR	3	2248	2248	2248
8XY5	6	2253	2253	2253
9BNL	7	2255	3895	23798
9NK6	3	2255	16384	19697
9NK7	3	2255	16384	19697
9MWZ	3	2256	4585	4670
9MXC	3	2256	4585	4670
9DIM	10	2257	3883	9561
9LGY	4	2257	14377	14377
9DHW	11	2257	3883	21289
9C8I	3	2257	4175	4680
9C8F	3	2257	4175	4680
9QWO	4	2258	2258	2258
9CWV	54	2258	2258	2258
9E39	54	2258	2258	2258
9VNX	3	2259	2259	2259
9OMG	8	2260	3871	8992
9NR6	8	2260	23356	23635
9DZU	2	2261	7504	7504
9DZV	2	2261	7504	7504
9OMV	2	2261	7504	7504
9TAD	3	2262	2262	2262
9G71	2	2263	2263	2263
9G6X	3	2263	2263	16195
9ODB	6	2264	8697	9029
9FQ1	15	2265	2265	2265
9DHM	2	2266	2266	2266
8YAQ	2	2267	2267	2267
9GU9	7	2267	2267	2267
9JW7	3	2267	2267	2267
9GS2	7	2267	2267	2267
9JW8	3	2267	2267	2267
9GSN	7	2267	2267	2267
9H5M	30	2267	2267	2267
9BTV	8	2268	3871	9770
9V30	12	2269	2269	2269
9DH4	2	2270	2270	2270
9DHN	2	2270	2270	2270
9PW6	3	2272	2272	2272
9OOH	1	2273	2273	2273
9OOE	1	2273	2273	2273
9OOC	1	2273	2273	2273
9OOD	1	2273	2273	2273
9OO9	3	2273	2273	2273
9OOB	3	2273	2273	2273
9OOJ	3	2273	2273	2273
9OOA	3	2273	2273	2273
9OOF	3	2273	2273	2273
9B9N	6	2274	2274	2274
8VJP	1	2274	2274	2274
9B9O	6	2274	2274	2274
8W1Q	6	2274	2274	2274
9CKN	2	2274	2274	2274
9B9M	12	2274	2274	2274
9PGS	12	2276	2276	2276
9PGV	12	2276	2276	2276
9PGU	6	2276	2276	2276
9PGT	36	2276	2276	2276
9N0V	4	2277	2277	2277
9YDZ	4	2278	2278	2278
9VYE	7	2278	2278	2278
8ZDF	2	2279	3020	3020
9E8C	4	2279	3041	3041
8XEZ	2	2279	3020	3020
8XEI	2	2279	3020	3020
9QDM	12	2279	12422	21482
9AXL	12	2279	8989	9306
8XEK	2	2279	3020	3020
8XER	2	2279	3020	3020
8ZDG	2	2279	3020	3020
9E8A	6	2279	3041	3041
8XFO	2	2279	3020	3020
9FBP	2	2279	2279	2279
8XF6	2	2279	3020	3020
8XFG	2	2279	3020	3020
8XEL	2	2279	3020	3020
8XEN	2	2279	3020	3020
9ARW	8	2280	4348	5941
9C5C	3	2281	6852	7836
9M7D	6	2282	2282	2282
9DAX	6	2282	3041	3041
9DEQ	2	2282	3041	3041
9M7F	2	2282	2282	2282
9DER	2	2282	3041	3041
9M7E	2	2282	2282	2282
9DAO	12	2282	9244	9864
8XLD	6	2284	5553	5553
9GB2	42	2284	3822	8144
8S5F	10	2284	2284	2284
8RGI	1	2285	2285	2285
9CTV	7	2286	9044	15374
9CX7	7	2286	9044	15374
9CTP	7	2286	13328	15374
9CXC	7	2286	9044	15374
9CSB	7	2286	9044	15374
9ED1	8	2286	20139	20139
9CXB	7	2286	9044	15374
9CT0	7	2286	9044	15374
9CRS	9	2286	9044	15374
9CRV	7	2286	9044	15374
9CTJ	7	2286	9044	15374
9CXD	7	2286	13328	15374
9ZRK	8	2286	20238	20238
9OA8	8	2286	20238	20238
9CXA	9	2286	7413	15363
9J5M	8	2287	7566	8132
9J5J	8	2287	7566	8132
9IIK	4	2287	2476	3447
8ZA9	4	2287	2476	2476
7HI8	3	2287	2287	2287
9KMH	101	2288	3769	12582
9JLF	7	2288	3769	6900
8XNT	15	2289	12055	32533
8XNV	15	2289	12055	32533
8XNU	15	2289	12055	32533
8XNS	15	2289	12055	32533
8XNY	15	2289	12055	32533
8XO0	15	2289	12055	32533
8XNZ	15	2289	12055	32533
9KYB	3	2289	2289	2289
8XNQ	15	2289	12055	32533
8XNN	15	2289	12055	32533
8XNM	15	2289	12055	32533
8XNR	15	2289	12055	32533
8XNP	15	2289	12055	32533
8XNW	15	2289	12055	32533
8XNO	15	2289	12055	32533
8XNL	15	2289	12055	32533
8XNX	15	2289	12055	32533
9KYE	1	2289	2289	2289
9UU5	4	2291	14727	14727
9UU3	4	2291	14727	14727
9HLE	3	2293	2293	2293
9HMX	6	2293	5677	5677
9UGQ	2	2294	2294	2294
9F41	4	2295	2295	2295
7HI9	3	2295	2295	2295
9F40	4	2295	2295	2295
9C3G	1	2296	2296	2296
9G99	3	2296	2296	2296
8XAT	2	2297	2297	2297
9UU4	4	2298	14727	14727
8YTX	6	2301	4435	4466
8YEM	6	2301	4435	4466
9K7E	6	2301	4435	4466
8YEU	6	2301	4435	4466
8YUA	6	2301	4435	4466
8YER	6	2301	4435	4466
8YU9	6	2301	4435	4466
9OA9	2	2302	2302	2302
9D73	3	2302	8477	9146
9D8X	3	2303	2522	4592
9CPL	3	2303	2303	2303
8RE6	3	2305	2305	2305
8RE5	3	2305	2305	2305
9JNM	1	2307	2307	2307
9JNL	1	2307	2307	2307
9JNJ	4	2309	2309	2309
8VK1	6	2309	9478	9645
8W2H	4	2310	2310	2310
8W2I	8	2310	2310	2310
8W2G	4	2310	2310	2310
8W2J	8	2310	2310	2310
9MKQ	1	2312	2312	2312
9MKS	1	2312	2312	2312
9RHG	2	2312	2312	2312
9EPO	2	2312	2312	2312
9GIT	3	2314	2314	2314
9S6M	6	2314	2314	2314
8RPO	1	2314	2314	2314
9FL0	6	2314	2314	2314
9M1M	6	2314	4520	19091
9EW8	3	2314	2314	2314
9GIS	2	2314	2314	2314
9FKY	6	2314	2314	2314
9GIR	3	2314	2314	2314
9GIQ	3	2314	2314	2314
9M1N	5	2314	4520	19091
9GIP	3	2314	2314	2314
9FKZ	1	2314	2314	2314
9NY5	4	2316	6390	6390
9G8U	2	2317	3374	3374
8RE9	3	2317	2317	2317
8VV6	4	2318	2318	2318
9NTQ	1	2318	2318	2318
9MOF	173	2318	3101	9430
9EP6	9	2319	2319	2319
9CDT	1	2319	2319	2319
9WXV	1	2321	2321	2321
9QU3	1	2322	2322	2322
7HTA	8	2324	2324	2324
7HTW	8	2324	2324	2324
7HTP	8	2324	2324	2324
7HT2	8	2324	2324	2324
7HT4	8	2324	2324	2324
7HQQ	8	2324	2324	2324
7HSA	8	2324	2324	2324
7HR9	8	2324	2324	2324
7HTV	8	2324	2324	2324
9CM1	60	2324	2324	2324
7HRE	8	2324	2324	2324
7HSO	8	2324	2324	2324
7HR2	8	2324	2324	2324
7HSD	8	2324	2324	2324
7HU2	8	2324	2324	2324
7HR0	8	2324	2324	2324
7HRS	8	2324	2324	2324
7HU5	8	2324	2324	2324
7HU4	8	2324	2324	2324
7HU1	8	2324	2324	2324
7HSS	8	2324	2324	2324
9HRR	8	2324	2324	2324
7HT7	8	2324	2324	2324
7HRF	8	2324	2324	2324
7HRQ	8	2324	2324	2324
7HR4	8	2324	2324	2324
7HRD	8	2324	2324	2324
7HR1	8	2324	2324	2324
7HR7	8	2324	2324	2324
7HU8	8	2324	2324	2324
8VV5	12	2324	2324	2324
7HRC	8	2324	2324	2324
9GS1	6	2324	2324	2324
7HS7	8	2324	2324	2324
7HU7	8	2324	2324	2324
7HS1	8	2324	2324	2324
7HU9	8	2324	2324	2324
7HS3	8	2324	2324	2324
9GRR	3	2324	2324	2324
7HT6	8	2324	2324	2324
7HT5	8	2324	2324	2324
7HTO	8	2324	2324	2324
7HT9	8	2324	2324	2324
7HTM	8	2324	2324	2324
7HRO	8	2324	2324	2324
7HRY	8	2324	2324	2324
7HS6	8	2324	2324	2324
7HRL	8	2324	2324	2324
7HUA	8	2324	2324	2324
7HTZ	8	2324	2324	2324
7HQY	8	2324	2324	2324
7HSR	8	2324	2324	2324
7HSW	8	2324	2324	2324
7HT3	8	2324	2324	2324
7HSQ	8	2324	2324	2324
7HQX	8	2324	2324	2324
9HLY	2	2324	2324	2324
7HRK	8	2324	2324	2324
7HTE	8	2324	2324	2324
7HSZ	8	2324	2324	2324
7HTG	8	2324	2324	2324
7HRB	8	2324	2324	2324
7HU3	8	2324	2324	2324
7HTB	8	2324	2324	2324
7HTH	8	2324	2324	2324
7HS2	8	2324	2324	2324
7HQS	8	2324	2324	2324
7HRU	8	2324	2324	2324
7HU6	8	2324	2324	2324
7HSM	8	2324	2324	2324
7HT8	8	2324	2324	2324
7HU0	8	2324	2324	2324
7HTX	8	2324	2324	2324
7HSB	8	2324	2324	2324
7HUB	8	2324	2324	2324
7HSE	8	2324	2324	2324
7HT1	8	2324	2324	2324
7HSK	8	2324	2324	2324
7HQZ	8	2324	2324	2324
7HS8	8	2324	2324	2324
7HSP	8	2324	2324	2324
7HSU	8	2324	2324	2324
7HSL	8	2324	2324	2324
7HSN	8	2324	2324	2324
7HRM	8	2324	2324	2324
7HQW	8	2324	2324	2324
9HMT	3	2324	2324	2324
7HRR	8	2324	2324	2324
7HTL	8	2324	2324	2324
9HRQ	8	2324	2324	2324
7HRX	8	2324	2324	2324
7HTN	8	2324	2324	2324
7HSH	8	2324	2324	2324
7HSI	8	2324	2324	2324
7HS9	8	2324	2324	2324
7HTF	8	2324	2324	2324
7HTD	8	2324	2324	2324
7HRZ	8	2324	2324	2324
7HSG	8	2324	2324	2324
7HRT	8	2324	2324	2324
7HS4	8	2324	2324	2324
7HRG	8	2324	2324	2324
7HRI	8	2324	2324	2324
7HR6	8	2324	2324	2324
7HRA	8	2324	2324	2324
7HRW	8	2324	2324	2324
7HSV	8	2324	2324	2324
7HTT	8	2324	2324	2324
7HTU	8	2324	2324	2324
7HS5	8	2324	2324	2324
7HQU	8	2324	2324	2324
7HRV	8	2324	2324	2324
7HTY	8	2324	2324	2324
7HR5	8	2324	2324	2324
7HTI	8	2324	2324	2324
7HS0	8	2324	2324	2324
7HTR	8	2324	2324	2324
7HT0	8	2324	2324	2324
7HSJ	8	2324	2324	2324
7HTJ	8	2324	2324	2324
7HSY	8	2324	2324	2324
7HRN	8	2324	2324	2324
7HTC	8	2324	2324	2324
7HQV	8	2324	2324	2324
7HRJ	8	2324	2324	2324
7HTQ	8	2324	2324	2324
9S4H	3	2324	2324	2324
7HTS	8	2324	2324	2324
7HSF	8	2324	2324	2324
7HRP	8	2324	2324	2324
7HR3	8	2324	2324	2324
7HR8	8	2324	2324	2324
7HQT	8	2324	2324	2324
7HTK	8	2324	2324	2324
7HSX	8	2324	2324	2324
7HST	8	2324	2324	2324
7HRH	8	2324	2324	2324
7HQR	8	2324	2324	2324
9CJM	12	2326	2326	2326
8XQ7	2	2328	2328	2328
9EFJ	1	2328	2328	2328
8W0W	3	2330	8930	10065
8W0V	3	2330	8269	9883
8W0Y	12	2330	8704	9926
9O3D	24	2330	9612	9958
8W0X	3	2330	8417	9587
9GA0	6	2331	2331	2331
8W13	3	2331	2331	2331
8ZJZ	4	2332	2439	2468
9HMM	2	2332	26284	26284
9JUT	3	2333	2333	2333
9MKP	1	2336	2336	2336
9MKR	1	2336	2336	2336
9D8V	6	2336	3871	3871
8RTD	62	2339	3739	9302
8RTB	8	2339	3739	9302
8RT9	20	2339	2917	2917
9HDD	2	2340	2340	2340
9U62	5	2341	5098	9100
9D6E	18	2345	2345	2345
9D88	54	2345	2345	2345
9D6D	54	2345	2345	2345
9JN8	9	2346	2346	2346
9OGW	1	2346	2346	2346
8ZQI	8	2347	2347	2347
8YZQ	8	2347	2347	2347
8ZUI	12	2349	6438	6438
8V6T	3	2349	2349	2349
9P3Q	4	2350	2350	2350
9EHI	40	2351	2351	2351
8VIZ	21	2351	19527	19527
8YJM	6	2352	4527	4527
9BNP	21	2352	3841	22778
8VH3	6	2352	3860	3860
8YEX	2	2355	2355	2355
8YF4	2	2355	2355	2355
9O16	1	2359	2359	2359
9JXP	2	2360	2360	2360
9JXD	2	2360	2360	2360
9DC6	2	2361	2361	2361
8RK0	2	2362	2362	2362
9VOA	2	2362	2362	2362
9JIH	2	2362	2362	2362
8YFD	2	2362	2362	2362
8YFX	2	2362	2362	2362
9KYI	3	2363	2363	2363
9KYJ	3	2363	2363	2363
8Z7K	6	2364	2364	2364
9P0X	18	2364	9241	33185
9FKR	6	2365	2365	2365
9OZ0	2	2365	2409	2409
8RKS	8	2366	38336	38336
9E70	6	2367	2367	2367
8Y6Q	8	2368	2368	2368
8RZK	4	2369	2369	2369
9FL9	4	2370	4511	21092
9JHX	4	2370	2370	2370
9GI4	10	2370	2370	2370
9MCC	4	2372	4109	4109
9LRB	4	2374	16454	46322
9CHM	4	2374	4157	4157
9LRD	4	2374	6452	46322
8Y9E	4	2375	2375	2375
9GTU	9	2375	2992	5797
9R8G	2	2376	2501	2501
8XQ8	1	2377	2377	2377
8YE4	6	2377	7454	8503
9LDK	4	2378	2378	2378
8XC6	6	2379	2379	2379
9DZN	3	2379	2379	2379
9DZX	1	2380	2380	2380
9G7G	33	2380	2380	2380
8V5Y	6	2382	2382	2382
9GZK	18	2382	2382	2382
9F28	6	2382	2438	2438
9GZJ	6	2382	2382	2382
9RIA	4	2382	2382	2382
8VKH	24	2383	19527	19527
9I2C	8	2383	8098	28085
8RVJ	4	2386	2386	2386
8Z7S	1	2389	2389	2389
8Z7T	1	2389	2389	2389
8Z7W	1	2389	2389	2389
8Z7R	1	2389	2389	2389
8Z7Y	1	2389	2389	2389
8Z7V	1	2389	2389	2389
8Z7X	1	2389	2389	2389
9BNK	8	2389	3860	8949
8Z7U	1	2389	2389	2389
9J7V	1	2389	2389	2389
9NAQ	1	2392	2392	2392
9JRV	6	2392	2392	2392
9MQR	3	2392	8630	9655
9AXE	14	2394	2394	2394
9CHV	2	2395	3667	3667
9CHU	2	2395	3393	3393
9CHX	2	2395	3667	3667
9JGL	2	2395	2395	2395
9BU1	6	2396	2396	2396
9IIA	6	2398	2398	2398
9B29	4	2399	2399	2399
9B2A	4	2399	2399	2399
9NXN	6	2399	21878	21878
9B28	4	2399	2399	2399
8YY8	4	2400	27132	47452
9EW2	4	2400	27132	47452
8ZXO	3	2401	2401	2401
9B2U	2	2402	10233	10233
9NXF	8	2402	22793	22793
9IQX	6	2403	2403	22308
8YF5	5	2403	2484	3938
9QNR	2	2403	2403	2403
9IQY	3	2403	2403	22308
8YFE	4	2403	3938	3938
9J84	4	2404	2404	2404
9N58	12	2405	2405	2405
9NXE	6	2406	22793	22793
9QN9	12	2406	2406	2406
9C3B	2	2407	2838	2838
9KZJ	14	2407	13047	13047
9KMG	14	2407	12582	12582
9OCO	3	2408	4744	4792
9OD3	4	2408	4792	27820
8XIS	6	2409	2409	2409
8XI1	8	2409	2409	2409
8XIL	8	2409	2409	2409
9L08	6	2412	2412	2412
9FXZ	6	2414	2414	2414
8RE7	3	2414	2414	2414
9L01	24	2415	8651	8651
8RE8	3	2415	2415	2415
9E8M	2	2416	2416	2416
9B4U	6	2416	2416	2416
9FP5	3	2418	4699	5072
9FO5	3	2418	4699	5072
8S7J	3	2418	4699	5072
9FO2	3	2418	4364	4699
9MSC	5	2419	9797	10427
9FMS	2	2419	3971	3971
9DI9	1	2420	2420	2420
9GP1	6	2421	2421	2421
8RH5	33	2421	2421	2421
9T29	1	2423	2423	2423
9OWG	3	2424	2424	2424
9F99	8	2425	5675	5675
9F9A	8	2425	5675	5675
9Q22	2	2425	2741	2741
9F9L	4	2425	5675	5675
9F9M	4	2425	5675	5675
9F98	4	2425	5675	5675
9N0W	3	2425	2425	2425
9F9K	4	2425	5675	5675
9EYT	3	2426	2426	2426
9B3B	6	2426	2426	2426
9EX5	3	2426	2426	2426
9EXT	2	2426	2426	2426
9EXF	9	2426	2426	2426
9J7U	1	2426	2426	2426
9EXG	9	2426	2426	2426
9I5L	6	2427	2427	2427
9IRQ	2	2427	2427	2427
9I5K	2	2427	2427	2427
9CML	6	2429	2429	2429
9CMK	6	2429	2429	2429
9LPU	6	2431	2431	2431
8XWY	4	2431	11158	11158
9HBM	6	2432	2432	2432
9GZV	6	2432	2432	2432
9GVR	3	2433	2433	2433
9GLE	6	2434	2434	2434
9C0Y	3	2434	2434	2434
8YWQ	3	2434	8558	9890
9E7M	12	2434	2675	4353
9AQZ	1	2435	2435	2435
9H49	2	2435	2435	2435
9THR	3	2435	2435	2435
9THQ	3	2435	2435	2435
9THO	3	2435	2435	2435
9H4V	7	2435	2435	2435
9SAC	3	2436	2436	2436
8RVH	3	2437	2437	2437
9CR7	2	2437	2437	2437
9VMK	6	2438	2438	2438
9VMJ	4	2438	2438	2438
9GIM	1	2439	2439	2439
8ZR1	8	2439	2439	2439
8YRJ	2	2439	4785	4785
8ZR2	8	2439	2439	2439
9GIK	1	2439	2439	2439
8Y9G	4	2441	2441	2441
9S4I	4	2441	15090	15206
9S4K	4	2441	15068	15206
9S4F	4	2441	15068	15206
8Y9D	4	2441	2441	2441
9S3P	7	2441	15068	15206
9S4J	4	2441	15068	15206
8ZUH	3	2442	2442	3438
9OGM	17	2444	9180	10406
9VYG	20	2445	5567	6660
8VDF	3	2446	9819	10143
8Z50	2	2449	2753	2753
9H6W	1	2450	2450	2450
9CI7	3	2450	2450	2450
9GON	12	2451	2451	2451
9GOD	12	2451	2451	2451
9GOC	12	2451	2451	2451
9PNU	8	2452	3887	8939
9F8T	3	2452	2452	2452
9Y8P	60	2454	2454	2454
9KYX	8	2456	2456	2456
9KYY	3	2456	2456	2456
9KYV	2	2456	2456	2456
9FG2	6	2457	6310	14091
9FFY	18	2457	6310	14091
9FFW	6	2457	6310	14091
9HQC	54	2457	2457	2457
9HQ7	52	2457	2457	2457
9FFX	6	2457	6310	14091
9FFV	18	2457	6310	14091
9C0Z	3	2457	2457	2457
9FFZ	6	2457	6310	14091
9FG1	21	2457	6310	14091
9GOT	48	2457	2457	2457
9FG3	7	2457	6310	14091
9VYF	12	2458	2458	2458
8ZH6	3	2460	4716	4719
8RTY	7	2463	18453	18453
9N92	18	2465	2465	2465
9UYM	4	2467	6518	23817
8XD9	9	2468	2468	2468
8YDO	4	2468	2468	2468
8XDD	9	2468	2468	2468
8XD7	3	2468	2468	2468
8XDC	3	2468	2468	2468
9LHT	3	2468	2468	2468
8XDB	3	2468	2468	2468
8XDA	9	2468	2468	2468
9E6V	2	2469	2469	2469
9E61	2	2469	2469	2469
9E6I	2	2469	2469	2469
9FSL	6	2470	2470	2470
9FYI	2	2470	2470	2470
8XL2	4	2472	2472	2472
8XL1	2	2472	2472	2472
8ZOR	3	2472	2472	2472
8XL0	6	2472	2472	2472
8V76	3	2474	2474	2474
8V79	3	2474	2474	2474
9HE2	2	2474	2474	2474
8V70	3	2474	2474	2474
8V6W	3	2474	2474	2474
9HE0	2	2474	2474	2474
8V71	3	2474	2474	2474
8V74	3	2474	2474	2474
9B8Q	6	2474	6431	11479
8V6X	3	2474	2474	2474
8V6Y	3	2474	2474	2474
8V77	3	2474	2474	2474
8V72	3	2474	2474	2474
8V78	3	2474	2474	2474
8V75	3	2474	2474	2474
8V73	3	2474	2474	2474
8V6Z	3	2474	2474	2474
9M2A	4	2475	2475	2475
8W0I	6	2475	7451	7856
8W0G	12	2475	7451	7856
8VL7	24	2477	2477	2477
9I8D	1	2477	2477	2477
9CV7	3	2477	2477	2477
9NRN	18	2478	2478	2478
9FN9	60	2479	2479	2479
9FNA	60	2479	2479	2479
9JYX	3	2479	2479	2479
8ZBO	6	2481	2481	2481
9GCP	4	2481	2481	2481
8VDG	1	2481	2481	2481
9AZP	10	2483	19377	19377
8YQ1	2	2484	2484	2484
9N8X	7	2484	4086	4086
9N8W	7	2484	4086	4086
9F29	3	2485	2707	4531
9FX9	3	2485	3578	4328
9F2A	3	2485	2707	4531
9N71	6	2485	2485	2485
9OCB	14	2486	9853	9853
9GG8	3	2488	2488	2488
9BHW	4	2488	4002	4002
9GG7	6	2488	2488	2488
9PFG	18	2490	2490	5881
9PDD	30	2490	5881	5881
9BKX	87	2490	2490	10107
9MT5	2	2490	2866	2866
9PD8	42	2490	5898	15219
9TFY	12	2490	15975	15975
9PFF	40	2490	5881	5881
8VVI	7	2491	2491	12119
9FS4	1	2492	2492	2492
9E5E	2	2495	10019	10019
9GCE	3	2495	2495	2495
8Z2M	1	2495	2495	2495
9I70	3	2497	2497	2497
9QNK	3	2497	2497	2497
9EW3	3	2497	2497	2497
9QNI	3	2497	2497	2497
9I6S	3	2497	2497	2497
9I6Z	3	2497	2497	2497
9GGA	3	2497	2497	2497
9QNJ	3	2497	2497	2497
9EW1	3	2497	2497	2497
9I6T	3	2497	2497	2497
9EW7	3	2497	2497	2497
9EW5	6	2497	2497	2497
9I72	3	2497	2497	2497
9I6Y	3	2497	2497	2497
9FVI	3	2497	2497	2497
8VSO	3	2497	2497	2497
9I74	3	2497	2497	2497
9I6U	3	2497	2497	2497
9QNL	3	2497	2497	2497
8S42	1	2497	2497	2497
9SAE	3	2497	2497	2497
8VSM	1	2497	2497	2497
9GFA	3	2497	2497	2497
8VSN	3	2497	2497	2497
9I71	3	2497	2497	2497
9FVG	3	2497	2497	2497
9F35	3	2497	2497	2497
9I75	3	2497	2497	2497
9EW6	3	2497	2497	2497
9EW4	3	2497	2497	2497
9SAB	6	2497	2497	2497
8VSL	3	2497	2497	2497
9I6W	3	2497	2497	2497
9QNH	3	2497	2497	2497
9SA9	6	2497	2503	2503
9QNG	3	2497	2497	2497
9I6X	3	2497	2497	2497
9I6V	3	2497	2497	2497
9FVH	3	2497	2497	2497
9I73	3	2497	2497	2497
9FVN	3	2497	2497	2497
9FVP	3	2499	2499	2499
8VYO	3	2502	2502	2502
8XKZ	2	2505	2505	2505
8RRM	6	2506	2506	2506
8RRK	6	2506	2506	2506
8RRL	6	2506	2506	2506
9BOR	3	2508	2508	12925
10PA	1	2508	2508	2508
9HMY	1	2508	2508	2508
9OJY	6	2510	2510	2510
9L1O	3	2510	8681	9864
9J0K	2	2510	2510	2510
9OJO	3	2510	2510	2510
9OK6	6	2510	2510	2510
9OJS	3	2510	2510	2510
9UJ2	8	2511	2511	2511
9TA5	1	2511	2511	2511
8VYS	3	2511	2511	2511
9MOJ	4	2512	3226	3226
9LXF	14	2514	7451	7735
8VYW	3	2514	2514	21377
8VYU	3	2514	2514	2514
9C6G	12	2514	7451	7840
8VYV	9	2514	2514	2514
8VYQ	3	2514	2514	21327
8VYP	3	2514	2514	2514
8VYR	3	2514	2514	2514
9JKF	6	2514	2514	2514
9LXD	7	2514	7451	7735
8RVI	3	2514	2514	2514
9LXE	14	2514	7451	7735
9JKG	6	2514	2514	2514
8XT7	4	2518	2518	2518
8Z7N	9	2519	3680	10555
9NQO	3	2520	2520	2520
8RF0	3	2521	2521	2521
9VXI	4	2522	27963	27963
8ZXH	3	2522	2522	2522
8RF9	3	2522	2522	2522
9KBK	4	2522	27963	27963
9JWR	3	2522	2522	2522
8RFG	3	2522	2522	2522
8RFE	3	2522	2522	2522
9O4A	3	2523	4424	4424
9JJE	4	2524	2524	2524
9JJF	1	2524	2524	2524
9DZ5	3	2525	2525	2525
9J7W	6	2526	2526	2526
8ZUE	2	2528	4152	4152
9C1T	3	2529	2529	2529
9VLA	2	2529	2529	2529
8RLI	4	2531	2531	2531
8XIE	9	2531	24239	24503
9E90	3	2531	5413	5413
8RLG	3	2531	2531	2531
8VW5	6	2531	2611	2611
8ZWF	3	2534	8046	9188
9MFM	2	2537	2537	2537
8RE2	1	2537	2537	2537
9MFL	2	2537	2537	2537
9MFF	2	2537	2537	2537
9DQ2	6	2538	2538	2538
9DQ1	6	2538	2538	2538
9DQ0	6	2538	2538	2538
9LMK	1	2539	2539	2539
9RVI	1	2539	2539	2539
8YA4	1	2539	2539	2539
9B7F	3	2539	2539	2539
9ORY	3	2539	2539	2539
9RVO	3	2539	2539	2539
9FUD	3	2539	2539	2539
8RPM	1	2539	2539	2539
9ORV	3	2539	2539	2539
9ORW	3	2539	2539	2539
9ORZ	1	2539	2539	2539
9RUV	3	2539	2539	2539
9MPA	1	2539	2539	2539
9C0S	15	2539	6898	29904
9EX2	3	2539	2539	2539
8RGE	3	2539	2539	2539
9FA5	3	2539	2539	2539
9FUE	3	2539	2539	2539
9P6R	3	2539	2539	2539
9L9R	1	2539	2539	2539
9I6J	3	2539	2539	2539
9FCC	4	2539	2539	2539
9EX1	3	2539	2539	2539
9I6P	3	2539	2539	2539
8RTK	3	2539	2539	2539
9UGI	1	2539	2539	2539
9HMQ	3	2539	2539	2539
9I6M	3	2539	2539	2539
9MP8	3	2539	2539	2539
9ENZ	3	2539	2539	2539
9FGX	8	2539	28565	28565
9MP5	1	2539	2539	2539
9I8L	3	2539	2539	2539
9HRU	2	2539	2539	2539
9IG6	1	2539	2539	2539
9ORX	3	2539	2539	2539
8S2U	3	2539	2539	2539
9FC5	4	2539	2539	2539
9EO2	3	2539	2539	2539
9RZT	3	2539	2539	2539
9I6K	3	2539	2539	2539
8RNY	4	2539	2539	2539
9GI7	3	2539	2539	2539
9KJ7	1	2539	2539	2539
9FCB	4	2539	2539	2539
8YBG	1	2539	2539	2539
9MP3	3	2539	2539	2539
9OS0	3	2539	2539	2539
8YA1	1	2539	2539	2539
8Y1R	1	2539	2539	2539
9KA0	1	2539	2539	2539
9GOK	3	2539	2539	2539
8YBH	3	2539	2539	2539
8Z52	4	2539	2539	2539
9RBG	3	2539	2539	2539
9MP6	1	2539	2539	2539
9P13	3	2539	2539	2539
9FC6	4	2539	2539	2539
9I6L	3	2539	2539	2539
9HMK	3	2539	2539	2539
8ZST	4	2539	2539	2539
8REH	3	2539	2539	2539
9EVU	3	2539	2539	2539
9FC3	4	2539	2539	2539
9H3E	3	2539	2539	2539
9OS1	3	2539	2539	2539
8Z51	4	2539	2539	2539
9C9H	3	2539	2539	2539
9HC2	1	2539	2539	2539
9MP9	3	2539	2539	2539
8RTJ	3	2539	2539	2539
9GOG	3	2539	2539	2539
9I6N	3	2539	2539	2539
9P12	3	2539	2539	2539
9XUA	4	2539	2539	2539
9FC8	4	2539	2539	2539
9RV6	3	2539	2539	2539
9FGY	4	2539	28565	28565
9GYH	2	2539	2539	2539
9RZR	3	2539	2539	2539
8Y9W	1	2539	2539	2539
8RT2	4	2539	2539	2539
9FC7	4	2539	2539	2539
9QSQ	3	2539	2539	2539
9H7W	3	2539	2539	2539
9HTJ	3	2539	2539	2539
9B7E	3	2539	2539	2539
9MP7	3	2539	2539	2539
9FCA	4	2539	2539	2539
9RBV	3	2539	2539	2539
9L71	1	2539	2539	2539
9HLK	3	2539	2539	2539
9K9Z	1	2539	2539	2539
9LML	1	2539	2539	2539
9RBT	3	2539	2539	2539
9C0T	18	2539	6898	29904
8RUS	3	2539	2539	2539
9QTL	3	2539	2539	2539
9OS8	3	2539	2539	2539
8RLF	3	2539	2539	2539
9I6O	3	2539	2539	2539
9FC9	4	2539	2539	2539
9OZ5	3	2539	2539	2539
8REG	3	2539	2539	2539
9HTI	3	2539	2539	2539
9RZS	3	2539	2539	2539
8RLH	3	2539	2539	2539
9GHX	1	2539	2539	2539
9GCV	1	2539	2539	2539
9EX0	3	2539	2539	2539
9B7C	3	2539	2539	2539
8RT3	3	2539	2539	2539
8RNV	3	2539	2539	2539
8Y1S	1	2539	2539	2539
8RNX	3	2539	2539	2539
8RNW	3	2539	2539	2539
9MP4	3	2539	2539	2539
9KOT	1	2539	2539	2539
9FC4	4	2539	2539	2539
8ZSU	3	2539	2539	2539
8RSH	3	2539	2539	2539
8S2V	4	2539	2539	2539
9FMY	3	2540	2540	2540
8RXR	6	2544	2544	2544
9US5	1	2544	2544	2544
9MSY	15	2545	9180	10021
9LAB	8	2546	2546	2546
9IX5	1	2547	2547	2547
8YQ9	2	2547	2547	2547
8YQ8	2	2547	2547	2547
8RE3	6	2548	2548	2548
9IVD	3	2549	3320	23144
9KUN	8	2550	2550	2550
9BN7	9	2552	2552	2552
8Z8M	6	2552	2552	2552
9BPX	6	2557	2557	2557
9BQE	6	2557	2557	2557
9QPQ	18	2557	4590	20827
9DGQ	4	2558	3307	3307
9DJW	180	2561	12727	12727
9EZ0	3	2563	3414	4687
9EUX	16	2563	2563	2563
9F3Q	3	2563	3414	4687
9F0K	3	2563	3414	4687
9EYY	3	2563	3414	4687
9OGL	17	2564	9180	10406
9M3R	3	2564	2564	2564
9CU5	6	2565	25671	25671
9CU6	6	2565	25671	25671
9N4V	48	2565	3051	3051
9FUM	2	2566	2566	2566
9FVL	2	2566	2566	2566
9MMR	4	2569	2569	17154
9IWA	12	2569	2569	2569
9MMP	4	2569	2569	17154
9OIK	4	2573	4637	4637
9F5R	6	2574	2574	2574
9ESG	6	2574	2574	2574
9ESB	2	2574	2574	2574
9ESC	6	2574	2574	2574
9ESE	2	2574	2574	2574
9EW0	6	2574	2574	2574
9FOZ	6	2574	2574	2574
9UAV	18	2577	3859	8772
9O14	1	2577	2577	2577
8YNQ	4	2578	2578	2578
8YND	8	2578	2578	2578
9Z8L	12	2579	2579	2579
9Z9H	12	2579	2579	2579
9Z82	12	2579	2579	2579
9Z9Y	12	2579	2579	2579
9Z7W	12	2579	2579	2579
9Z9W	12	2579	2579	2579
9ZA4	12	2579	2579	2579
9Z9B	12	2579	2579	2579
9PBB	3	2581	2581	2581
9P1H	4	2581	2581	2581
9P7Q	3	2581	2581	2581
9GDG	1	2583	2583	2583
9GD5	2	2583	2583	2583
9E8K	14	2586	14681	17418
9PF1	14	2586	14681	17418
9E23	10	2586	4418	4418
9E4V	3	2586	2586	2586
9DKP	4	2586	2586	2586
9PDL	14	2586	14503	17418
9E8N	14	2586	14681	17418
9BLY	6	2586	3302	4234
9E13	8	2586	3682	4234
9E12	6	2586	3302	4234
9E14	8	2586	3682	4234
9PDI	14	2586	14681	17418
9E28	10	2586	4418	4418
9PDN	14	2586	14681	17418
9BGE	9	2587	8693	10281
9NB6	7	2589	6230	15238
9QR8	1	2589	2589	2589
8XMP	6	2589	6282	15238
9FMU	5	2589	6761	15238
8XMQ	5	2589	6282	15238
9HEJ	6	2589	4265	15238
9HEK	6	2589	4265	15238
9FMT	18	2589	2589	2589
8XMW	5	2589	6282	15238
9M3U	3	2592	2592	2592
9UPC	6	2594	7308	7308
9UPB	3	2594	7308	22216
9M3O	3	2596	2596	2596
9M3P	3	2596	2596	2596
9C13	5	2598	4487	4524
9M3T	3	2598	2598	2598
9HMD	4	2599	2599	2599
9HMC	6	2599	2599	2599
9U82	2	2600	2600	2600
9U8E	2	2600	2600	2600
9U84	2	2600	2600	2600
9U8H	2	2600	2600	2600
9MUG	1	2601	2601	2601
8S30	1	2601	2601	2601
8S31	2	2601	2601	2601
9XOU	9	2601	19405	27862
9C8T	3	2606	2606	2606
9C8N	3	2606	2606	2606
9MDD	3	2607	2607	2607
9MRR	4	2607	2607	2607
8ZM1	3	2607	2607	2607
9GKG	16	2607	2607	2607
9MRG	4	2607	2607	2607
8ZM2	3	2607	2607	2607
9J2W	2	2608	2608	2608
9J2Y	2	2608	2608	2608
9LIO	2	2608	2608	2608
9J2X	2	2608	2608	2608
9IJC	1	2608	2608	2608
9INT	1	2608	2608	2608
9XQR	3	2609	2609	2609
9MSD	15	2610	9480	10165
9BE9	3	2610	2610	2610
8Y33	1	2613	2613	2613
9CDC	1	2615	2615	2615
9CDD	1	2615	2615	2615
9NK8	3	2615	16384	25258
9CDE	1	2615	2615	2615
9BIA	6	2616	2616	19086
9M7O	6	2617	17475	17475
9KHS	6	2617	17475	17475
9U46	1	2618	2618	2618
9KYW	3	2620	4273	4273
9PKX	5	2622	2622	6135
9PKY	5	2622	2622	6135
9PKW	5	2622	2622	6135
9PKZ	5	2622	2622	6135
9NQ9	4	2622	2622	2622
9O15	6	2623	2623	2623
9G7F	3	2624	32591	32591
9IME	6	2625	2625	2625
8ZM8	3	2625	2625	2625
9JR8	6	2625	2625	2625
8ZMB	3	2625	2625	2625
9JRQ	6	2625	2625	2625
9Q6C	8	2626	2626	2626
9N59	2	2626	2626	2626
8VW4	4	2626	2626	2626
9Q6A	2	2626	2626	2626
9Q6D	10	2626	2626	2626
9NXI	3	2628	2628	2628
8XMZ	6	2632	2632	2632
9WCB	6	2633	21645	21645
9WCA	6	2633	38354	38354
9NHI	6	2634	3749	3749
9IN8	4	2634	2634	2634
9IN7	3	2634	2634	2634
9IN9	4	2634	2634	2634
9NHJ	6	2634	3749	3749
8VSU	3	2635	14137	22792
9GOQ	18	2642	18769	18769
9RAI	26	2642	24681	24681
9QBQ	4	2643	4772	4772
9VQ2	2	2644	10826	10826
8W2L	4	2644	2644	2644
9VSL	2	2644	10969	10969
8Z4I	6	2644	2644	2644
9L8T	1	2646	2646	2646
9S1W	3	2648	2648	2648
9FOH	3	2648	2648	2648
9S1V	3	2648	2648	2648
9S1X	3	2648	2648	2648
9LLK	12	2648	5921	5921
9RIS	3	2648	2648	2648
9S1U	3	2648	2648	2648
9KHT	12	2649	17475	17475
8ZTS	5	2650	2650	2650
9DQR	6	2651	2651	2651
9DQP	6	2651	2651	2651
9DQQ	6	2651	2651	2651
8RK2	2	2653	6106	6106
9FVX	3	2654	2654	2654
9KTQ	1	2654	2654	2654
9FVZ	3	2654	2654	2654
9FW0	3	2654	2654	2654
9HO2	3	2654	2654	2654
9G05	2	2655	2655	2655
9G04	2	2655	2655	2655
9OAJ	9	2657	2734	3936
9EP5	6	2661	2661	2661
9JCH	6	2663	2663	2663
9L5O	3	2663	2663	2663
9JCD	7	2663	2663	2663
9JCC	6	2663	2663	2663
9JCJ	7	2663	2663	2663
9JCF	7	2663	2663	2663
9JCT	7	2663	2663	2663
9JCG	6	2663	2663	2663
8ZAP	3	2664	2664	2664
8ZAQ	3	2664	2664	2664
9GSY	1	2665	2665	2665
9GSF	6	2665	11427	11427
9GSD	2	2665	11427	11427
9GSE	2	2665	11427	11427
9GSI	1	2665	2665	2665
9GTB	2	2665	11427	11427
9GSH	2	2665	11427	11427
9GSG	2	2665	11427	11427
9DP5	4	2672	2672	2672
9ARR	2	2672	2672	2672
9ARO	4	2672	2672	2672
8RQZ	12	2675	7294	7294
8RR0	8	2675	7294	7294
9GZQ	2	2675	7170	7170
9DMX	2	2676	2676	2676
9AYV	6	2677	3743	3743
9CG1	4	2678	2678	2678
8ROT	2	2680	2680	2680
8RW5	1	2680	2680	2680
9B31	5	2681	3762	3941
9B3F	5	2681	3762	3990
9H94	3	2681	2961	4744
9B3I	6	2681	5572	20313
9SYU	8	2681	22456	24914
9SZR	6	2681	22456	24914
9N9H	5	2684	4513	4520
9YXQ	14	2684	4513	4520
9N9I	9	2684	4513	4520
9BPY	8	2689	2689	2689
9DMC	8	2689	2689	2689
9VX3	4	2689	43850	43850
9AVA	36	2690	2690	2690
9BUC	4	2691	11985	46440
9BUD	4	2691	11985	46440
9BUE	4	2691	11985	46440
9BUB	4	2691	11985	46440
9BLB	4	2691	11985	46440
9BLC	4	2691	11985	46440
9F59	3	2692	3419	4709
9H93	3	2692	3419	4709
9F5P	3	2692	3419	4709
8YNS	12	2695	8665	9887
8YNT	12	2695	8665	9887
9BF6	9	2696	3897	22619
9NY2	7	2697	2697	2697
8XB9	3	2699	2699	2699
9MEL	6	2699	2699	2699
9E94	2	2699	2699	2699
9MEK	2	2699	2699	2699
9PQ2	6	2701	3919	3919
9NHK	6	2701	3736	3736
9AYS	6	2701	3747	3747
9NHL	6	2701	3736	3736
9AXD	6	2701	3747	3747
9AY6	6	2701	3747	3747
9NHO	6	2701	3736	3736
9NHM	6	2701	3736	3736
9NI9	6	2701	3736	3736
9NHN	6	2701	3736	3736
8VH1	12	2702	8389	10139
9MII	9	2702	3705	28111
9D1W	8	2702	3820	9042
9EHL	12	2702	21015	30068
9MIH	9	2702	3705	28111
9EHM	11	2702	3822	30043
9DMB	12	2702	8856	9332
9O2S	10	2702	3861	9867
9O2U	24	2702	5080	8597
9MIA	9	2702	3767	28111
9AUI	12	2702	9641	9671
9AXK	6	2702	3838	3838
9AXI	6	2702	3838	3838
9MIB	9	2702	3767	28111
9BTH	8	2702	3870	9226
9AUH	12	2702	9434	9641
9Q0W	12	2702	8998	10027
9O2T	12	2702	8597	9867
9O2R	8	2702	3861	9867
9CF5	12	2702	8488	9984
9ATZ	6	2702	3838	3838
9O2Q	6	2702	3861	3861
9D8Y	12	2702	9703	9992
9MI0	9	2702	3767	28111
9D98	15	2702	9703	15149
9AUG	12	2702	9442	9641
9D3D	8	2702	3820	9548
9BEW	18	2703	9091	10122
9KGL	8	2703	2703	2703
9PQ3	6	2704	3891	3891
9EV2	108	2705	4595	4595
9F9V	6	2705	2705	2705
9NEN	1	2705	2705	2705
9CSG	1	2706	2706	2706
9BTJ	8	2706	3891	9675
9DFX	5	2708	2708	14127
9BTI	8	2710	3846	9640
9SC5	3	2711	2711	2711
9SDJ	3	2711	2711	2711
9QCH	3	2711	2711	2711
8VPM	1	2714	2714	2714
8VPL	3	2714	2714	2714
8YG7	2	2714	2714	2714
9BER	9	2715	3901	22619
9N09	4	2717	28884	46508
9BVE	3	2717	2717	2717
9BVF	3	2717	2717	2717
9BVI	3	2717	2717	2717
9V61	3	2717	2717	2717
9GIN	3	2717	2717	2717
8V9C	2	2722	2722	2722
9Q8U	4	2724	2724	2724
9JUS	24	2729	19551	19551
8XDG	3	2730	2730	2730
8XDH	12	2730	2730	2730
8XDI	3	2730	2730	2730
9FMR	9	2731	4286	14908
8VGV	6	2733	3881	3881
9NC8	8	2734	3936	9859
9YQO	18	2734	9711	10540
9NC0	12	2734	8432	9547
9NC6	10	2734	3936	9859
9NBT	18	2734	9285	10540
9NBY	20	2734	9711	10540
8VGW	6	2735	3859	3859
9OTY	3	2735	4574	16654
8ZVK	1	2735	2735	2735
9NC3	18	2736	9547	9859
9JF8	1	2737	2737	2737
9MOH	162	2737	4539	4539
9EOD	4	2738	2738	2738
9EOS	4	2738	2738	2738
9EZM	18	2740	2740	2740
9FTW	4	2740	2740	2740
9B9Q	3	2741	2741	2741
9BC8	4	2741	2741	2741
9B9I	1	2741	2741	2741
9ZMD	3	2742	2742	2742
9Q74	3	2743	2743	2743
9Q73	3	2743	2743	2743
9OLB	3	2743	2743	2743
9IK4	2	2745	2745	2745
9S42	3	2746	2746	2746
9S43	3	2746	2746	2746
9S73	3	2746	2746	2746
8RGK	6	2748	2748	2748
9JGF	4	2748	2748	2748
8RGL	6	2748	2748	2748
8RCO	6	2748	2748	2748
8Y9S	6	2748	2748	2748
9KQK	2	2748	2748	2748
8ZPA	1	2748	2748	2748
8Y9U	4	2748	2748	2748
8RCP	6	2748	2748	2748
8Y9T	3	2748	2748	2748
9LQ4	1	2749	2749	2749
9LQ2	2	2749	2749	2749
9MDC	3	2751	2751	2751
9VNT	2	2751	12236	12236
9ELX	3	2751	2751	2751
9VKG	2	2751	12236	12236
9FTM	8	2752	2752	2752
9FTL	2	2752	2752	2752
9JL4	1	2752	2752	2752
8Z01	2	2753	2753	2753
8ZAO	3	2753	2753	2753
8Z0I	2	2753	2753	2753
8Z0J	2	2753	2753	2753
9JU6	2	2754	2754	2754
9B72	1	2759	2759	2759
9Q72	3	2761	2761	2761
9HNB	1	2762	2762	2762
9IK6	1	2762	2762	2762
8YXB	2	2762	2762	2762
9LA9	2	2762	22072	22072
8Z8V	1	2762	2762	2762
8VAE	1	2762	2762	2762
9IK7	1	2762	2762	2762
9PNI	12	2762	8954	9578
8YM0	1	2762	2762	2762
9PNN	12	2762	8866	9678
8YXA	2	2762	2762	2762
8VAF	1	2762	2762	2762
9UPD	4	2762	2762	2762
8VAC	1	2762	2762	2762
8YLX	1	2762	2762	2762
9IK3	1	2762	2762	2762
8YZP	2	2763	2763	2763
9INA	1	2763	2763	2763
9IOY	1	2763	2763	2763
8Z0B	2	2763	2763	2763
9T32	4	2763	4050	4050
8Z00	2	2763	2763	2763
9GRW	6	2763	2763	2763
9GV9	4	2763	2763	2763
9DJX	4	2764	12482	12482
9JBZ	1	2764	2764	2764
9DJT	4	2764	12482	12482
9HPJ	3	2764	3374	3374
9HPI	3	2764	3374	3374
9MRI	6	2764	2764	2764
8YKE	3	2765	2765	2765
9BNM	8	2766	3862	9180
9D7H	8	2766	3867	10374
9L92	2	2766	2766	2766
9BTL	8	2766	3862	9801
9D7I	10	2766	3867	10374
9D7O	8	2766	3867	10313
9D7G	6	2766	3867	3867
9D7P	10	2766	3867	10313
8VH2	12	2766	8949	10585
8Z0O	2	2767	2767	2767
9NR3	2	2768	3521	3521
9U7Z	3	2769	2769	2769
9U7U	1	2769	2769	2769
9U8D	4	2771	2771	2771
9D90	21	2771	9703	15149
8XAN	3	2771	2771	2771
9U75	4	2771	2771	2771
8XDE	3	2772	2772	2772
9I8F	4	2772	2772	2772
8XF3	16	2773	2835	2835
8XF2	48	2773	2835	2835
8XF0	16	2773	2773	2773
9U4S	2	2774	2774	2774
9RVG	6	2775	2775	2775
9FU7	6	2777	4956	4956
9FUC	2	2777	4956	4956
9FU9	6	2777	4956	4956
9FUA	2	2777	4956	4956
9FU4	6	2777	4956	4956
9FUB	6	2777	4956	4956
8Z84	1	2780	2780	2780
8Z6N	1	2780	2780	2780
9BIO	12	2781	8346	9720
9K3T	5	2781	9028	10031
9IM7	1	2782	2782	2782
9I8E	4	2782	2782	2782
9OGT	18	2787	9220	9720
8VJO	3	2787	2787	2787
9QQD	1	2787	2787	2787
9BW9	4	2789	2789	2789
9MXZ	4	2790	2812	2812
8VXJ	6	2790	9320	9800
9W9H	3	2791	3082	11065
9QDI	24	2793	2793	2793
9N93	1	2796	2796	2796
9T05	36	2796	2860	2860
9N95	1	2796	2796	2796
9P3N	4	2797	2797	2797
9P3U	4	2797	2797	2797
9FY6	4	2797	2797	2797
9P3T	4	2797	2797	2797
9P3P	4	2797	2797	2797
9P3O	4	2797	2797	2797
8Z20	12	2799	2841	2841
8S0L	6	2800	10807	10807
8S0N	8	2804	10807	10807
9H3C	1	2806	2806	2806
9P3W	4	2807	2807	2807
9P3V	4	2807	2807	2807
9KW6	12	2808	2808	2858
9Y5Q	8	2809	20238	20238
9CKU	21	2810	14314	14314
9LHS	1	2811	2811	2811
9OGU	18	2811	9220	9720
9CG2	3	2811	2811	2811
8S8B	4	2813	21364	21364
8RMJ	1	2813	2813	2813
9L0S	4	2814	2814	2814
9XQN	1	2814	2814	2814
9L0I	4	2814	2814	2814
9L9B	4	2815	2815	2815
9L90	4	2815	2815	2815
9LS7	4	2815	2815	2815
9OUF	3	2815	2815	2815
9L91	4	2815	2815	2815
9O0K	6	2815	2815	2815
9INZ	6	2818	2818	2818
9L0O	4	2819	2819	2819
8XCK	6	2819	38354	38354
9MGB	18	2820	2875	5348
9O61	12	2820	2875	2875
9O62	14	2820	2875	7154
9NYR	12	2821	3383	16161
9QHM	4	2821	2821	2821
9QHO	4	2821	2821	2821
9D0W	4	2821	3383	16161
9D0X	3	2821	3383	16161
9D0V	6	2821	16161	16161
9QHQ	4	2821	2821	2821
9QHP	4	2821	2821	2821
9T9U	4	2821	2821	2821
9BQX	4	2823	2823	2823
9O0J	16	2824	2824	2824
9Q0B	2	2825	34120	34120
9IM6	1	2825	2825	2825
9MKO	14	2826	2875	7946
9BZ8	7	2827	2827	2827
9QEP	2	2827	2827	2827
9OOG	12	2829	9251	9536
9D1Z	3	2829	2829	2829
9OOK	12	2829	9087	9371
9OOM	12	2829	9070	9535
9D1Y	3	2829	2829	2829
9D1I	3	2829	2829	2829
9GTP	60	2833	4173	6192
9LHN	2	2834	2834	2834
9FI6	4	2835	2835	2835
8XF1	3	2835	2835	2835
9E2A	4	2836	11985	46440
9EUZ	10	2838	2838	2838
9LI0	2	2840	2840	2840
9KR4	3	2842	4203	4718
9EP0	1	2846	2846	2846
9F5T	12	2849	5447	5447
9I3E	1	2852	2852	2852
9E4S	2	2855	2855	2855
9LHR	3	2855	2855	2855
9E4U	2	2855	2855	2855
9C0K	4	2856	28884	46440
9EBQ	4	2856	28884	47474
9BYO	4	2856	28884	47474
9EBN	4	2856	28884	47474
9EBO	4	2856	28884	47474
8RMY	6	2857	8729	9759
9GIX	3	2857	5101	21087
9GIV	3	2857	5101	21087
9GIY	9	2857	5101	21087
8RMX	6	2857	8729	9737
9GIW	3	2857	5101	21087
9D4U	11	2859	12737	20489
9D3I	10	2859	13555	21550
9D35	9	2859	12398	20489
9G9Y	42	2861	12711	38195
9GAE	28	2861	7996	38195
9FI0	6	2861	2861	2861
9FKS	14	2861	7857	22502
9G9Z	25	2861	7996	38195
9G83	31	2861	7880	38195
9L0U	4	2863	2863	2863
9VL3	4	2863	2863	2863
8ZE0	4	2864	2864	2864
9FSA	1	2864	2864	2864
8ZE2	4	2864	2864	2864
9RDC	4	2865	4119	4119
9J6J	1	2867	2867	2867
8Z8Y	2	2868	7839	7839
9IM8	6	2868	2868	2868
9S9I	2	2870	2870	2870
9HTT	6	2873	2873	2873
9QME	6	2873	2873	2873
9AVO	3	2873	8554	9370
9HS8	6	2873	2873	2873
9HTC	6	2873	2873	2873
9Q86	6	2873	2873	2873
9HYZ	6	2873	2873	2873
9HQT	6	2873	2873	2873
8Z0T	3	2875	10266	10266
9HS9	8	2876	2876	2876
9GST	8	2876	3820	11083
9HS4	8	2876	2876	2876
9HS6	8	2876	2876	2876
9HRK	6	2876	2876	2876
9FLJ	3	2879	2879	2879
9FLL	1	2879	2879	2879
9FLH	3	2879	2879	2879
9FLK	1	2879	2879	2879
9LH4	1	2879	2879	2879
9CXX	2	2879	2879	2879
9FLM	3	2879	2879	2879
8RK9	1	2880	2880	2880
9AZ6	13	2881	2881	19527
9KA8	4	2882	39328	39328
8ZKO	2	2882	2882	2882
9IQJ	5	2882	2882	2882
8ZKN	2	2882	2882	2882
9PKU	2	2883	2883	2883
9ILN	2	2884	2884	2884
9E15	44	2884	19474	19474
9IQA	3	2885	2885	2885
9KW8	8	2888	2888	2888
9W32	2	2889	2889	2889
9W33	2	2889	2889	2889
9ED8	3	2890	21514	58038
8VTH	6	2890	2890	2890
9ED7	3	2890	21514	58038
9ETR	2	2892	2892	2892
8YGH	2	2894	2894	2894
8VYH	2	2894	2894	2894
9AWE	3	2894	8554	9370
9JVT	4	2894	19551	19551
9ETQ	4	2895	2895	2895
9OEA	3	2896	4658	4767
9PGG	39	2897	4273	5119
8YGG	2	2899	2899	2899
9IQI	3	2900	2900	2900
9B13	3	2900	8615	9535
9JGC	3	2901	2901	2901
9S9G	14	2901	2901	2901
9JGD	1	2901	2901	2901
9JGB	1	2901	2901	2901
9OS2	4	2901	3320	6315
9FLN	3	2901	2901	2901
9S9H	2	2901	2901	2901
9AX5	2	2904	16569	16569
9G5J	8	2905	2905	2905
9G3T	6	2905	2905	2905
8VSE	3	2908	5930	5930
9FN1	1	2911	2911	2911
9DBP	2	2913	15217	15217
9GO3	7	2914	2914	2914
9DZF	4	2915	8496	9502
9DZG	4	2915	8496	9502
9BCV	2	2915	2915	2915
8RK8	1	2917	2917	2917
9Q79	12	2918	2918	2918
9Q78	12	2918	2918	2918
9FMM	2	2919	2919	2919
9UAZ	1	2920	2920	2920
8RNJ	6	2922	2922	2922
8RNL	6	2922	2922	2922
8RNN	6	2922	2922	2922
8RNO	6	2922	2922	2922
8RNM	6	2922	2922	2922
8RNP	6	2922	2922	2922
8RNK	6	2922	2922	2922
8RNQ	6	2922	2922	2922
8RNR	6	2922	2922	2922
9IM5	18	2923	4520	11695
8YRK	18	2925	4521	11695
9KBL	18	2925	4520	11695
9H32	18	2925	4521	11695
9KBN	18	2925	4466	11695
9LNW	18	2925	4521	11695
8ZB8	6	2925	4521	11695
8RIV	18	2925	4521	11695
9FYD	18	2925	4521	11695
9LNV	18	2925	4521	11695
9LNX	18	2925	4521	11695
9H31	18	2925	4521	11695
9H34	18	2925	4521	11695
9LNL	18	2925	4521	11695
9KKQ	1	2926	2926	2926
9KKW	1	2926	2926	2926
9KMN	1	2926	2926	2926
9KL0	1	2926	2926	2926
9EQ6	2	2929	3177	3177
8S7C	9	2929	3177	6021
9L93	2	2932	2932	2932
9L8Y	3	2932	2932	2932
9JBM	1	2937	2937	2937
9CKF	2	2937	2937	2937
9VLG	1	2942	2942	2942
9PXB	4	2943	7845	8317
9KEK	4	2944	2944	2944
9KEI	2	2944	2944	2944
9KEG	2	2944	2944	2944
9KEH	2	2944	2944	2944
9KEE	6	2944	2944	2944
9BZ7	7	2946	2946	2946
8VHJ	5	2948	2948	2948
8VHI	5	2948	2948	2948
8VHK	5	2948	2948	2948
9MLF	5	2949	4431	4492
9DFL	6	2956	2956	2956
9DFM	4	2956	2956	2956
9EA1	2	2956	2956	2956
9DFG	6	2956	2956	2956
9DFI	6	2956	2956	2956
8ZB6	3	2961	4716	4744
8S7L	3	2962	2962	2962
9U4V	1	2967	2967	2967
9GD4	12	2967	3153	3216
9U4T	1	2967	2967	2967
9RO8	4	2969	2969	2969
9G0J	6	2971	2971	2971
9ERL	6	2972	10724	12341
9ERI	6	2972	10724	12341
9ERJ	6	2972	10724	12341
9ERK	6	2972	10724	12341
9G5F	12	2973	2973	2973
9G63	6	2973	2973	2973
9G53	12	2973	2973	2973
9G5O	6	2973	2973	2973
9G5A	6	2973	2973	2973
9SWY	6	2973	2973	2973
9G5Y	6	2973	2973	2973
9FOW	9	2974	2974	2974
9HAA	5	2974	5338	5338
9UO5	12	2975	2975	2975
9H33	18	2975	4521	11695
8RIW	18	2975	4521	11695
9HTV	6	2976	2976	2976
9HU1	6	2976	2976	2976
9SV8	3	2982	5395	12044
8YP3	4	2982	2982	2982
9JGI	15	2985	2985	2985
9I2S	8	2985	2985	2985
9JGH	15	2985	2985	2985
9LHZ	1	2987	2987	2987
9LKZ	1	2987	2987	2987
8VQC	1	2987	2987	2987
8YRY	3	2988	9511	10171
9K2I	36	2990	6953	8494
9G3X	8	2991	4183	4856
9O7Z	12	2992	2992	2992
9O89	4	2992	2992	2992
9O8C	12	2992	2992	2992
9O7X	12	2992	2992	2992
9O82	12	2992	2992	2992
9O8G	12	2992	2992	2992
9O88	4	2992	2992	2992
9N1H	12	2992	2992	2992
9N1I	4	2992	2992	2992
9N1M	12	2992	2992	2992
9N4J	4	2992	2992	2992
9N1N	4	2992	2992	2992
9O7W	12	2992	2992	2992
9O81	12	2992	2992	2992
9NO3	10	2992	2992	2992
9O87	4	2992	2992	2992
9O8F	12	2992	2992	2992
9N1K	4	2992	2992	2992
9O83	4	2992	2992	2992
9N1G	12	2992	2992	2992
9O80	4	2992	2992	2992
9N1L	12	2992	2992	2992
9O86	4	2992	2992	2992
9O7Y	12	2992	2992	2992
9EYO	8	2995	2995	2995
9EYL	3	2995	2995	2995
9NJK	6	2998	2998	2998
9I1U	18	2999	2999	2999
9UUL	1	3000	3000	3000
9UUJ	1	3000	3000	3000
9UUK	1	3000	3000	3000
8XCL	1	3002	3002	3002
8XBM	12	3002	3002	3002
9IZ8	1	3005	3005	3005
9OKG	1	3006	3006	3006
9OKI	1	3006	3006	3006
9OKJ	1	3006	3006	3006
9OKF	1	3006	3006	3006
9ESM	25	3006	3006	3006
9EQ7	26	3006	3006	3006
9PRS	1	3006	3006	3006
9OKH	1	3006	3006	3006
9ETU	25	3006	3006	3006
8RBN	3	3008	3008	3008
9G9W	2	3008	3008	3008
8RBR	5	3008	3008	3008
9QF8	1	3009	3009	3009
9Y7H	2	3013	48922	48922
9YAP	2	3013	47468	47468
9YAO	2	3013	48922	48922
9HQ1	4	3015	3015	3015
9OT0	1	3018	3018	3018
8ZXL	15	3018	3018	3018
9ORK	1	3018	3018	3018
9IUS	30	3018	3018	3018
9OR2	1	3018	3018	3018
8RQ5	15	3025	3025	3025
9JWB	8	3026	3702	3702
9JOW	5	3029	3029	3029
9JOX	5	3029	3029	3029
9D5F	2	3030	16178	16178
9D5G	2	3030	16178	16178
9D5H	2	3030	16189	16189
9D5I	2	3030	16067	16067
9D5P	2	3030	16178	16178
9D5E	2	3030	16178	16178
9HTU	3	3034	3034	3034
9DYM	5	3035	3035	3035
9DYL	5	3035	3035	3035
9DNG	3	3036	8611	9595
9DNM	3	3036	8611	9595
9GYE	1	3036	3036	3036
9B43	1	3037	3037	3037
9Q0A	2	3043	28953	28953
9Q0C	4	3043	21632	21632
9DZE	30	3044	7018	11804
9M7V	3	3045	4174	4675
8YTJ	3	3045	4174	4675
8YTB	3	3045	4174	4675
8YK5	2	3046	3046	3046
8Z5K	1	3046	3046	3046
9L0E	6	3053	3053	3053
8YJF	2	3054	4527	4527
9OC4	3	3055	4861	8961
9HTZ	12	3056	3056	3056
9DBJ	6	3056	3056	3056
9XXU	4	3059	3059	3059
9FF9	2	3060	3060	3060
9CTS	5	3062	3062	3062
9CTQ	5	3062	3062	3062
9CTT	5	3062	3062	3062
9CTR	5	3062	3062	3062
9F02	12	3063	8343	8641
9EVZ	8	3063	3705	8641
8ZLA	3	3063	3063	3063
9HHJ	3	3066	3066	3066
9GPF	3	3066	3066	3066
9GPE	3	3066	3066	3066
9HIM	3	3066	3066	3066
9GPD	3	3066	3066	3066
9GPC	3	3066	3066	3066
9L6Q	2	3071	3374	3374
9L6R	2	3071	3373	3373
9GMJ	3	3072	3072	3072
9GPA	3	3072	3072	3072
9GPG	3	3072	3072	3072
9R8S	2	3073	3073	3073
9JBX	1	3075	3075	3075
9OGC	2	3076	3660	3660
9OGD	2	3076	3660	3660
9OGE	2	3076	3660	3660
8VWO	1	3076	3076	3076
9OGF	2	3076	3660	3660
9OGB	3	3076	3660	20395
9JBR	1	3077	3077	3077
9R4G	3	3079	3079	3079
8RJA	20	3082	8712	18834
9CKC	6	3082	3082	3082
9G9V	2	3083	3083	3083
9E3Q	3	3083	3083	3083
9AZH	18	3084	3084	3084
9AZG	3	3084	3084	3084
8Y75	4	3086	3086	3086
8YGM	18	3087	3087	3087
8XKN	24	3087	3087	3087
9L4P	4	3091	3091	3091
9L4O	3	3091	3091	3091
9QGG	2	3092	4217	4217
9QGI	2	3092	4217	4217
9QGR	2	3092	4217	4217
9DXP	1	3092	3092	3092
9C6E	3	3096	3096	3096
9BC4	3	3097	3097	3097
9BC3	6	3097	3097	3097
9BC2	3	3097	3097	3097
9BLO	8	3102	3102	3102
9DJQ	3	3107	3107	3107
9GY2	6	3107	3107	3107
9TBF	1	3108	3108	3108
9BLP	4	3108	3108	3108
9DXO	1	3109	3109	3109
9MR5	1	3109	3109	3109
9JTQ	1	3110	3110	3110
9E3N	3	3111	3111	3111
9E3M	3	3111	3111	3111
9E3O	3	3111	3111	3111
9E3P	3	3111	3111	3111
9TBE	1	3112	3112	3112
9JEA	1	3112	3112	3112
9TBD	15	3112	3112	3112
9R4F	3	3113	3113	3113
9LMQ	8	3113	3113	3113
9R4H	3	3113	3113	3113
9LMR	8	3113	3113	3113
9DJF	3	3115	3115	3115
9DJE	3	3115	3115	3115
9DJM	3	3118	3118	3118
9DJN	3	3118	3118	3118
9PS2	3	3119	3119	3119
9PS6	3	3119	3119	3119
9PS4	3	3119	3119	3119
9LE4	8	3119	15543	15543
9PS1	3	3119	3119	3119
9PS3	3	3119	3119	3119
9PS8	3	3119	3119	3119
9I5H	17	3120	3120	3120
9R50	42	3120	3120	3120
9SII	52	3120	3120	3120
9SIE	17	3120	3120	3120
9DJG	3	3122	3122	3122
9DJH	3	3122	3122	3122
9DJC	3	3123	3123	3123
9DJD	3	3123	3123	3123
9C2D	10	3125	3125	6973
9EDK	3	3125	3125	3125
9C3A	10	3125	3125	6973
9I0E	3	3125	3125	3125
9GTJ	6	3126	3126	3126
9I15	2	3128	3128	3128
9KDC	6	3129	3129	3129
9DJP	3	3129	3129	3129
9DJO	3	3132	3132	3132
9WZ7	14	3132	3132	3132
9DJR	3	3136	3136	3136
8XHM	1	3136	3136	3136
9QNZ	12	3136	3136	3136
9DJI	3	3137	3137	3137
9DJJ	3	3137	3137	3137
9DJA	4	3141	3141	3141
9R2H	3	3142	3142	3142
9DBI	4	3142	3142	3142
9I6H	5	3142	3142	3142
9I6I	5	3142	3142	3142
9P6C	2	3143	3143	3143
9FNR	3	3143	3143	3143
9D9J	3	3143	3143	3143
9DJB	3	3143	3143	3143
9EDH	3	3145	3145	3145
8YSQ	3	3146	3146	3146
21DU	4	3146	11985	46322
8YM2	3	3151	3151	3151
9DJL	3	3151	3151	3151
9DJK	3	3151	3151	3151
9DJS	3	3153	3153	3153
9CKG	2	3157	3157	3157
9GVJ	12	3158	3158	3158
9GVQ	12	3158	3158	3158
9G4C	12	3158	3158	3158
9H38	39	3161	3161	3161
9G2I	12	3161	3161	3161
9FD0	3	3161	3161	3161
9FZN	6	3161	3161	3161
9K2E	2	3161	3161	3161
9GV6	6	3163	7194	8533
9EDI	3	3164	3164	3164
9FFJ	4	3165	3165	3165
9EDG	3	3165	3165	3165
8RSQ	3	3166	3166	3166
8RSR	3	3166	3166	3166
9H20	2	3168	3168	3168
9H1X	2	3168	3168	3168
9H1W	2	3168	3168	3168
9EDU	3	3171	3171	3171
9QNE	3	3172	3172	3172
9FOA	3	3172	3172	3172
9EC5	3	3173	3173	3173
9I0D	3	3174	3174	3174
9P93	4	3175	11985	46440
9P94	4	3175	11985	46440
9JAP	8	3176	3176	3176
9B5T	2	3180	16296	16296
9B5I	2	3180	16296	16296
9B5D	2	3180	16296	16296
9B5O	2	3180	16296	16296
9B5W	2	3180	16296	16296
9B5L	2	3180	16296	16296
9B5Q	2	3180	16296	16296
9B5E	2	3180	16296	16296
9B5G	2	3180	16296	16296
9B5P	2	3180	16296	16296
9B5J	2	3180	16296	16296
9B5X	2	3180	16296	16296
9B5M	2	3180	16296	16296
9B5F	2	3180	16296	16296
9B5K	2	3180	16296	16296
9B5R	2	3180	16296	16296
9B5S	2	3180	16296	16296
9B5C	2	3180	16296	16296
9B5V	2	3180	16296	16296
9B5N	2	3180	16296	16296
9B5U	2	3180	16296	16296
9B5H	2	3180	16296	16296
8YMY	4	3181	3181	3181
8YMV	4	3181	3181	3181
9LOD	5	3184	3184	8182
9LOC	13	3184	3184	8182
9FIW	1	3185	3185	3185
9FIY	1	3185	3185	3185
9FIX	1	3185	3185	3185
9I4R	4	3185	3185	3185
9JTC	3	3186	5273	14518
8YEW	1	3187	3187	3187
9QNP	8	3188	3188	3188
9UWZ	2	3190	3190	3190
9ETM	2	3192	3192	3192
9CSV	3	3193	3193	3193
9CSU	3	3193	3193	3193
9IPR	8	3193	3193	3193
9LI8	3	3197	3197	3197
9NMS	4	3198	3198	3198
9NMT	4	3198	3198	3198
9DON	2	3200	3200	3200
9EZE	12	3202	8364	9583
8RYO	9	3202	7336	8543
9CSW	3	3203	3203	3203
9P4S	1	3204	3204	3204
9D26	1	3204	3204	3204
9L3G	44	3204	3275	3275
9HKR	1	3207	3207	3207
8RQQ	2	3209	3209	3209
9E6Z	3	3213	3213	3213
9JOU	5	3213	3213	3213
9LGU	18	3220	3220	3220
9CST	3	3221	3221	3221
8Y9A	1	3222	3222	3222
9FJC	3	3222	4207	4729
8Y8K	2	3223	3223	3223
8Y85	2	3223	3223	3223
8Y86	2	3223	3223	3223
9P0D	3	3229	3229	3229
9P0C	2	3229	3229	3229
9JOV	5	3231	3231	3231
8VIS	32	3232	32800	32800
9FNK	6	3235	3235	3235
9FNL	6	3235	3235	3235
9JWS	2	3236	3236	3236
8VDL	3	3237	9641	9819
8RW0	3	3240	3240	3240
8RWH	3	3240	3240	3240
8RW4	3	3240	3240	3240
8RWX	3	3240	3240	3240
8RWD	3	3240	3240	3240
8RWI	1	3240	3240	3240
8RVW	3	3240	3240	3240
8RW7	3	3240	3240	3240
8RWC	3	3240	3240	3240
8RWE	3	3240	3240	3240
9UDF	6	3242	8175	12083
9UDA	6	3242	8175	12083
9LRR	6	3242	8175	12083
9KOP	1	3244	3244	3244
9UD4	6	3245	8175	12083
9UD3	6	3245	8175	12083
9UD9	6	3247	8175	12083
9UD2	6	3247	8175	12083
9UD5	6	3247	8175	12083
9UUU	6	3247	8175	12083
9UDG	6	3247	8175	12083
9UD6	6	3247	8175	12083
9U5G	6	3247	8175	12083
9UD8	6	3247	8175	12083
9L3O	4	3248	3248	3248
9L3D	4	3248	3248	3248
9PD0	4	3248	3248	3248
9MNR	4	3248	3248	3248
9L3J	2	3248	3248	3248
9FEH	3	3251	3251	3251
9IZ0	2	3251	3251	3251
9IZ7	1	3251	3251	3251
8XHS	1	3253	3253	3253
8V8V	4	3254	4671	4671
9MEM	1	3254	3254	3254
9FJX	6	3254	3306	3306
9VVQ	7	3257	3257	3257
9M3I	2	3260	3260	3260
9IS8	4	3261	3261	9651
8XHW	4	3262	3262	3262
9N9L	4	3262	3262	3262
8XU5	2	3262	3262	3262
9B5Y	4	3263	6384	46322
9ID0	14	3264	3264	3264
9EZT	12	3264	3287	3287
9E01	27	3265	7377	18129
9E08	2	3265	3265	3265
9CMW	4	3267	12945	29339
9H85	4	3268	31067	40015
9MGF	5	3268	28097	40015
9HG8	5	3268	15760	40015
9HG5	5	3268	15760	40015
9CNY	4	3268	31067	40015
9HG6	5	3268	15760	40015
9CNZ	4	3268	31067	40015
9CNW	4	3268	31067	40015
9HGA	5	3268	15760	40015
9CO0	4	3268	31067	40015
9MGG	5	3268	28103	40015
9HG9	5	3268	15760	40015
9HG7	5	3268	15760	40015
9EZS	12	3268	3287	3287
9CNX	4	3268	31067	40015
9H89	4	3268	31067	40015
9MGE	5	3268	28154	40015
9HE1	4	3268	30040	40015
9PTD	5	3269	3269	3269
9FXH	5	3271	3271	3271
9FXI	3	3271	3271	3271
9FXG	9	3271	3271	3271
9FXJ	3	3271	3271	3271
9VL4	6	3277	3277	3277
9GNG	3	3278	3278	3278
8V8U	4	3279	4671	4671
8V8I	4	3279	4671	4671
8V8H	4	3279	4671	4671
8V8J	4	3279	4671	4671
9KD0	1	3280	3280	3280
9G16	4	3281	3281	3281
8RSP	6	3281	3281	3281
9G15	3	3281	3281	3281
8RSO	6	3281	3281	3281
8RSS	3	3281	3281	3281
9B02	3	3283	3283	3283
9B01	3	3283	3283	3283
9EZR	14	3285	3285	3285
8RFN	12	3287	3287	3287
9BOG	8	3287	11090	19070
9FY9	5	3287	11117	19070
9EZQ	12	3287	3287	3287
9F9G	3	3287	3287	3287
8RFM	12	3287	3287	3287
9R21	5	3289	3289	3289
9ERC	12	3289	5227	5227
9ERB	12	3289	5227	5227
9ERP	12	3289	5227	5227
9ERS	12	3289	5227	5227
9ERR	12	3289	5227	5227
9X59	1	3290	3290	3290
8XJ9	3	3290	3290	3290
9X56	1	3290	3290	3290
9X54	1	3290	3290	3290
9X53	1	3290	3290	3290
8XJH	2	3290	3290	3290
8XJB	3	3290	3290	3290
8XJF	1	3290	3290	3290
9X55	1	3290	3290	3290
9F9I	3	3291	3291	3291
8XBG	1	3291	3291	3291
8XBE	4	3291	6452	47062
8XBH	4	3291	6452	47062
8XBI	1	3291	3291	3291
9ETZ	14	3292	8093	41793
9F9E	3	3293	3293	3293
9L6D	3	3293	3293	3293
8RBO	5	3295	4603	9454
9R22	15	3297	3297	3297
8ZLE	2	3298	3298	3298
9FI1	12	3298	3298	3298
9CEN	6	3299	3299	3299
9R23	15	3300	3300	3300
9F9H	3	3300	3300	3300
9F9F	3	3300	3300	3300
9F9B	3	3300	3300	3300
9F9D	3	3300	3300	3300
9F9J	3	3300	3300	3300
9F9C	3	3300	3300	3300
9BMU	1	3302	3302	3302
9BM1	3	3302	3302	3302
9E0Z	4	3302	3682	3682
9BN1	1	3302	3302	3302
9BMF	1	3302	3302	3302
9BMR	1	3302	3302	3302
9BMS	1	3302	3302	3302
9DH7	1	3302	3302	3302
9BMB	1	3302	3302	3302
9BMH	1	3302	3302	3302
9BN6	1	3302	3302	3302
9YNF	1	3302	3302	3302
9BN5	1	3302	3302	3302
9BMW	1	3302	3302	3302
9BM6	1	3302	3302	3302
9BM8	1	3302	3302	3302
9BML	1	3302	3302	3302
9BMZ	1	3302	3302	3302
9BMM	1	3302	3302	3302
9BN3	1	3302	3302	3302
9BM3	1	3302	3302	3302
9BMN	1	3302	3302	3302
9BMA	1	3302	3302	3302
9E10	2	3302	3302	3302
9DH8	1	3302	3302	3302
9BM2	1	3302	3302	3302
9E11	4	3302	3682	3682
9BN0	1	3302	3302	3302
9BMO	1	3302	3302	3302
9BMP	1	3302	3302	3302
9BMJ	1	3302	3302	3302
9BMT	1	3302	3302	3302
9DH5	1	3302	3302	3302
9BN4	1	3302	3302	3302
9DH6	1	3302	3302	3302
9BMD	3	3302	3302	3302
9BMC	1	3302	3302	3302
9BM7	1	3302	3302	3302
9DHA	1	3302	3302	3302
9BMV	1	3302	3302	3302
9BM0	1	3302	3302	3302
9BMY	1	3302	3302	3302
9BMG	1	3302	3302	3302
9BM5	1	3302	3302	3302
9DH9	1	3302	3302	3302
9BLZ	1	3302	3302	3302
9BM4	1	3302	3302	3302
8XB6	22	3303	3303	6745
8XB5	12	3303	3303	3303
9FHY	8	3306	3306	3306
9FHT	8	3306	3306	3306
9FHV	12	3306	3306	3306
9FI2	8	3306	3306	3306
9FHX	12	3306	3306	3306
9SFM	6	3306	4574	4574
9FHZ	12	3306	3306	3306
9FHU	12	3306	3306	3306
9FHW	4	3306	3306	3306
9PET	5	3307	19367	27208
9DGP	3	3307	3307	3307
9PEU	5	3307	19367	27208
9PEO	5	3307	19367	27208
9PER	5	3307	19367	27208
9PES	5	3307	19367	27208
9PEV	5	3307	19367	27208
8ZSW	3	3307	3307	3307
9GBC	2	3310	30038	30038
9KCZ	6	3310	3310	3310
9HQK	4	3312	3312	3312
9EJQ	3	3312	3312	3312
9HQE	2	3312	3312	3312
9RQK	3	3314	3314	3314
9QTR	1	3317	3317	3317
9HNE	6	3320	3503	17879
9C5U	2	3320	53855	53855
9C5T	2	3320	53855	53855
9C5V	3	3320	7611	53855
9BBH	3	3321	3321	3321
9BBI	3	3321	3321	3321
9BBE	3	3321	3321	3321
9CZ1	24	3321	18876	18876
9BBG	3	3321	3321	3321
9CZ2	36	3321	15950	18876
8Y30	3	3327	3327	3327
9U42	1	3330	3330	3330
8W14	6	3331	3331	3331
8XX8	12	3333	3333	3333
9JA5	6	3340	3340	3340
8VJQ	2	3342	3342	3342
8VH0	2	3342	3342	3342
9L3P	3	3342	3342	3342
8VIX	2	3342	3342	3342
8VGX	2	3342	3342	3342
8VJA	1	3343	3343	3343
9UCL	6	3345	19405	19405
9J33	2	3345	3345	3345
9EAB	3	3347	4669	5225
9EAA	3	3347	4191	4669
9MR6	4	3347	3347	3347
9Y7D	1	3348	3348	3348
9IW7	3	3352	3352	3352
9IW8	3	3352	3352	3352
9AZ3	2	3352	3386	3386
9CY4	2	3354	14434	14434
9CY3	2	3354	14434	14434
9CY1	2	3354	14434	14434
8RVD	16	3356	7446	7446
9KME	12	3357	3357	3357
9BGG	2	3357	3357	3357
9FI3	8	3358	3358	3358
9FI4	4	3358	3358	3358
9KDB	8	3359	3359	3359
9OB4	6	3362	16256	16256
9OB6	6	3362	16256	16256
8VQ3	2	3362	16161	16161
9GOP	6	3362	16161	16161
9OB2	6	3362	16256	16256
8VQ4	2	3362	16161	16161
9OB5	6	3362	16256	16256
9GP3	2	3362	16161	16161
9OB3	2	3362	16256	16256
8VJ9	4	3365	8631	9489
9GZ1	6	3365	14140	22820
9E82	4	3365	8631	9489
9GZ2	1	3365	3365	3365
9GZ3	1	3365	3365	3365
9K9M	4	3367	3367	3367
9HJC	2	3368	3368	3368
9BUR	1	3369	3369	3369
9BUM	1	3369	3369	3369
9BUX	1	3369	3369	3369
9JVQ	6	3370	3370	3370
9JKX	4	3371	6427	47769
9JIC	4	3371	7213	47769
9KT6	3	3371	6450	47474
9JKT	4	3371	6427	47769
9JKV	4	3371	6427	47769
9JID	4	3371	7213	47769
8VVY	2	3372	3949	3949
9IWU	8	3372	3372	3372
9L1Y	1	3374	3374	3374
9MQC	1	3374	3374	3374
9MQE	1	3374	3374	3374
9MQB	1	3374	3374	3374
9MI4	3	3375	3375	3375
9D8S	3	3375	3375	3375
9FD1	3	3375	3375	3375
9MI5	3	3375	3375	3375
8VBQ	2	3377	9756	9756
9HQP	2	3381	3381	3381
9NF6	6	3383	3383	3383
9NF4	12	3383	3383	3383
9NLG	12	3384	3384	3384
9DIH	6	3384	3384	3384
9DIF	6	3384	3384	3384
9O9A	2	3386	3386	3386
9UBG	4	3387	3387	3387
9NGH	3	3388	3388	3388
8XXP	5	3388	5379	13449
9MGK	1	3388	3388	3388
9IKU	8	3391	3391	3391
8YI6	2	3394	3394	3394
9JTP	1	3394	3394	3394
9LUP	4	3399	7415	7460
9LUO	3	3399	5892	7415
8VHZ	3	3399	3399	3399
9E22	2	3399	3399	3399
9E0T	3	3399	3399	3399
9BQ2	2	3399	3824	3824
9LUN	4	3399	7415	7460
9DZY	4	3399	3399	3399
9E0W	2	3399	3399	3399
9G8S	42	3399	8144	14984
9S99	4	3401	3401	3401
9S97	3	3401	3401	3401
9S98	3	3401	3401	3401
9KQN	4	3403	11526	11526
9IR1	2	3404	3404	3404
9JTR	2	3410	3410	3410
9FI5	12	3414	3414	3414
9GTS	18	3415	4415	6192
8S2X	12	3417	3417	3417
8S2W	12	3417	3417	3417
9J2Z	4	3417	3417	3417
9SOH	4	3418	3418	3418
9SNG	6	3419	3419	3419
8YVU	2	3420	3420	3420
9IZ4	12	3422	31274	31274
9IZ3	4	3422	31274	31274
9MPY	6	3425	3425	3425
9IY8	4	3427	22592	46785
9JP5	20	3428	5094	5094
9E7A	3	3430	3430	3430
9BVP	1	3431	3431	3431
9BVK	1	3437	3437	3437
9BVO	1	3437	3437	3437
9BVR	1	3437	3437	3437
9BVL	1	3437	3437	3437
9BVM	1	3437	3437	3437
9BVQ	1	3437	3437	3437
8VV3	4	3439	3439	3439
9BNJ	12	3441	3441	3441
8V6P	12	3441	3441	3441
9BLV	12	3441	3441	3441
8V9P	12	3441	3441	3441
9JKB	4	3443	10262	10262
8YUV	4	3445	6450	45547
9SNF	2	3445	3445	3445
8YUU	4	3445	6450	45547
9ILO	2	3446	3446	3446
9IM9	2	3446	3446	3446
9QXL	3	3447	6896	46566
9NQD	12	3447	3447	3447
8ZNS	1	3448	3448	3448
9IS1	3	3453	3453	3453
9IS0	3	3453	3453	3453
9IS2	3	3453	3453	3453
8YHF	3	3456	3456	3456
9CB3	6	3458	3458	3458
8S7D	2	3458	6757	6757
9DY7	12	3461	3461	3461
9D77	3	3462	3462	3462
8VKZ	2	3463	3463	3463
8ZEK	1	3464	3464	3464
9EX7	2	3465	3465	3465
9EXH	1	3465	3465	3465
9U4U	3	3467	3467	3467
8VVG	4	3473	6450	47452
9D61	3	3473	6452	47452
8VVE	4	3473	6452	47452
8VVF	4	3473	6452	47452
9DWN	2	3476	3476	3476
9ECJ	3	3477	3867	40737
8VJI	14	3478	3953	3953
9GXF	6	3483	3483	3483
9H39	14	3483	19427	19427
9H3A	3	3483	3483	3483
9EMO	1	3484	3484	3484
9EN3	3	3484	3484	3484
9EMP	3	3484	3484	3484
9TPM	1	3485	3485	3485
9FVU	3	3486	3486	3486
8S7E	2	3489	6757	6757
9M05	15	3490	3490	3490
8YQ6	15	3490	3490	3490
9Z9S	12	3492	3492	3492
9Z9X	12	3492	3492	3492
9Z9G	12	3492	3492	3492
9Z81	12	3492	3492	3492
9Z8M	12	3492	3492	3492
9Z8F	12	3492	3492	3492
8VHT	3	3492	3492	3492
9Z7P	12	3492	3492	3492
9ZA3	12	3492	3492	3492
9OCL	4	3493	4739	24483
9LUK	6	3494	9312	9312
8VZ8	9	3495	7384	8479
8VZ9	9	3495	7089	8479
9DVF	12	3496	3496	3496
8VI0	3	3503	3503	3503
9E79	3	3506	3506	3506
9LU6	30	3507	4010	10618
9EEA	4	3507	18890	46846
9EE8	4	3507	18890	46846
9LU5	18	3507	3507	4010
9C5A	6	3507	9799	21230
9LU7	30	3507	4010	10618
9IVI	2	3507	3507	3507
9EE9	4	3507	18890	46846
9LU4	18	3507	3507	4010
9O3F	28	3508	16797	21256
9O3E	28	3508	16496	21256
9VSA	3	3508	3508	3508
9Y1O	28	3508	16496	21256
9Y0K	28	3508	16496	21256
8W2F	28	3508	16797	21256
9VSC	3	3510	3510	3510
9VSD	3	3510	3510	3510
9J3U	2	3512	3512	3512
8YJ3	8	3514	7149	7149
8YJ2	3	3514	7149	8482
8YIV	3	3514	7149	8482
8VD6	1	3514	3514	3514
8XN1	2	3514	3514	3514
9DWT	4	3516	3516	3516
9M42	4	3518	11584	47340
9JFX	4	3518	12978	46785
9JFZ	4	3518	12978	46785
9JFV	3	3518	12978	46785
9T2F	3	3519	3519	3519
8XOU	42	3520	3559	3559
8XOT	12	3520	3520	3520
9FMK	5	3521	3521	3521
9FMI	4	3521	3521	3521
9R0A	1	3522	3522	3522
8XEH	4	3522	3522	3522
9R0M	1	3522	3522	3522
9R0O	3	3522	3522	3522
9R0N	1	3522	3522	3522
8XEM	4	3522	3522	3522
9R0I	1	3522	3522	3522
9R07	1	3522	3522	3522
8XDJ	4	3522	3522	3522
9QZO	1	3522	3522	3522
9ILT	6	3522	4172	9925
9BGL	3	3524	3524	3524
8YUF	2	3525	3525	3525
9EYQ	9	3527	3527	3527
9EYP	8	3527	3527	3527
9GFS	10	3529	3529	3529
9GR7	3	3529	3529	3529
9GR6	3	3529	3529	3529
9JJU	1	3536	3536	3536
9JJV	3	3536	3536	3536
8RYP	9	3536	7675	8543
9JJW	1	3536	3536	3536
9JJX	2	3536	3536	3536
9GB1	36	3536	6303	6303
9L4J	2	3537	53281	53281
9IT2	9	3540	3540	3540
8ZIE	3	3541	3541	3541
8ZII	3	3544	3544	3544
8ZIM	3	3544	3544	3544
8ZIH	3	3544	3544	3544
8ZIG	3	3544	3544	3544
8ZIO	3	3544	3544	3544
8RX3	3	3545	3545	3545
8RX7	3	3545	3545	3545
8RX9	3	3545	3545	3545
9FMJ	4	3546	3546	3546
9FMH	4	3546	3546	3546
9L9O	4	3550	8570	16963
9NPH	3	3553	9594	9856
9G4S	8	3554	4775	4775
9L20	1	3555	3555	3555
9L24	1	3555	3555	3555
9L23	1	3555	3555	3555
9L21	1	3555	3555	3555
9L25	1	3555	3555	3555
9L54	1	3555	3555	3555
9NCF	10	3561	3561	16226
9H1F	3	3563	3563	3563
9BUJ	3	3567	3567	3567
9JB5	6	3569	3569	3569
9MEJ	5	3571	18887	18887
9MET	8	3571	18887	18887
8RME	20	3571	18448	37152
9MPU	2	3572	5422	5422
8XL9	4	3573	3573	3573
8YWF	4	3573	6361	26767
8VKB	9	3573	3573	3573
8VKA	10	3573	3573	3573
9PZJ	2	3575	3575	3575
9NPG	12	3575	8321	10017
8VQG	9	3575	3575	3575
9HDK	1	3576	3576	3576
9M88	4	3576	41903	41903
9HDH	1	3576	3576	3576
8Z32	2	3577	3577	3577
8Z33	2	3577	3577	3577
9GML	1	3580	3580	3580
9GNR	1	3580	3580	3580
8RT5	32	3585	4011	4011
8RT7	32	3585	4011	4011
8RT4	28	3585	4011	4011
8RT8	32	3585	4011	4011
8RT6	32	3585	4011	4011
8RTA	6	3585	3739	3739
9OMF	2	3588	27209	27209
9OMA	2	3588	27209	27209
9KLD	4	3593	20834	41934
9KKX	4	3593	20834	41934
9KLK	3	3593	41934	41934
9KLV	4	3593	20834	41934
9IV8	1	3593	3593	3593
9KLL	2	3593	3593	3593
9D58	6	3600	3600	3600
9JLR	4	3606	3606	3606
9JLQ	4	3607	3607	3607
9Q9Z	1	3607	3607	3607
9JLS	4	3607	3607	3607
9JCL	3	3611	23833	47641
9J4F	6	3611	3611	3611
9NEZ	8	3612	19231	27001
9NF0	8	3612	19231	27001
9BL1	1	3616	3616	3616
9BJC	6	3617	16244	16244
9VEB	2	3617	3617	3617
9OVR	2	3619	3619	3619
9CU8	4	3620	3620	3620
9JUQ	1	3621	3621	3621
9JV1	1	3621	3621	3621
9RLH	5	3622	41707	46047
8Y1X	2	3622	3622	3622
9VDC	2	3622	3622	3622
9OQY	1	3622	3622	3622
9JBV	1	3625	3625	3625
9BD2	3	3626	3626	3626
8XW5	2	3627	3627	3627
9WJW	6	3629	4063	4063
9HDL	3	3630	3630	3630
9HDM	8	3630	3630	3630
9BI6	4	3631	18198	40737
9E1J	8	3631	18724	18724
9JP0	10	3633	3633	3633
8RPS	7	3640	3640	3640
9J4E	6	3641	3641	3641
9G4W	8	3644	4750	4750
9J27	1	3644	3644	3644
9FJI	6	3648	3648	3648
9FJH	6	3648	3648	3648
9FJJ	6	3648	3648	3648
9FJG	6	3648	3648	3648
9KSG	2	3649	3649	3649
8RQD	2	3649	3649	3649
8YN3	4	3650	11985	39599
9BCJ	9	3650	15090	15154
9BCH	1	3650	3650	3650
9BKJ	3	3653	23966	47474
9JFT	4	3658	21574	47452
8RPT	6	3658	3658	3658
9OGA	1	3660	3660	3660
9OG9	3	3660	3660	3660
9SRJ	6	3668	3668	3668
9SRG	3	3668	3668	3668
9BIP	4	3670	18198	40737
9BHM	4	3670	18198	40756
9BHL	4	3670	22673	40756
9CCU	3	3671	8258	9348
9CCS	3	3671	8274	8999
9CCW	3	3671	8533	9466
9CCT	3	3671	8129	9222
9HJM	6	3672	16828	22788
9GES	4	3673	3673	3673
9IN6	7	3674	3674	3674
9GOF	9	3675	3675	3675
9O8U	6	3675	3675	3675
9LGM	4	3691	12978	46785
9IPO	6	3697	3697	3697
9K1N	4	3697	7749	7749
9KZK	4	3697	22538	46440
9KVP	4	3697	22075	46440
9KZ8	4	3697	22538	46440
9KZ2	4	3697	22075	46440
9KV6	4	3697	22538	46440
9IPN	6	3697	3697	3697
9KUT	4	3697	22075	46440
9IP5	6	3697	3697	3697
9IPM	6	3697	3697	3697
9L0H	4	3697	22538	46440
9KWG	4	3697	24122	46440
9KV8	4	3697	22538	46440
9BXG	3	3700	3700	3700
9BXF	1	3700	3700	3700
9BXY	1	3700	3700	3700
9BXB	3	3700	3700	3700
9BXW	1	3700	3700	3700
9BXD	1	3700	3700	3700
8YV5	2	3701	3701	3701
9BD3	6	3704	3704	3704
9R7X	24	3706	3706	3706
9JUI	1	3707	3707	3707
9I58	6	3708	3708	3708
9S1O	2	3708	3708	3708
9I57	6	3708	3708	3708
9I6E	6	3708	3708	3708
9GCY	6	3708	3708	3708
9GCZ	6	3708	3708	3708
9S1N	3	3708	3708	3708
9S0O	6	3708	3708	3708
9I9Q	12	3708	3708	3708
9I3Q	2	3708	3708	3708
9RG8	2	3708	3708	3708
9RPO	6	3708	3708	3708
9IA6	4	3708	3708	3708
8Y9P	1	3711	3711	3711
9KYQ	6	3713	3720	3720
9LED	2	3716	3716	3716
9KYP	12	3720	4007	4007
9IHT	6	3720	3720	3720
9IHU	2	3720	3720	3720
9IHX	2	3720	3720	3720
8S2E	8	3722	3861	9990
9II1	2	3723	3723	3723
9GB4	12	3731	3731	3731
9GB3	12	3731	3731	3731
9HLJ	9	3735	7370	7453
9IHW	6	3735	3735	3735
9IHV	2	3735	3735	3735
9JLT	2	3735	3735	3735
9KXS	4	3735	24122	46440
8XYK	4	3735	23710	46440
9KWX	4	3735	24122	46440
8XX6	4	3735	23626	46440
9F9R	4	3735	3735	3735
8XXH	4	3735	23626	46440
8XXR	4	3735	23626	46440
8XX3	4	3735	23626	46440
9KYR	10	3735	3735	3735
9KX6	4	3735	24122	46440
8XWV	4	3735	23626	46440
9F36	6	3735	3735	3735
8XX7	6	3735	23626	46440
9JLU	3	3735	3735	3735
9JLW	2	3735	3735	3735
9UMJ	4	3735	22538	46440
9II0	2	3735	3735	3735
8XXZ	4	3735	23710	46440
8ZYI	2	3735	3735	3735
9B0M	3	3735	3735	3735
8XXX	4	3735	23626	46440
9F82	4	3735	3735	3735
8Y0N	4	3735	23710	46440
8VQF	3	3737	9594	9856
9NPI	9	3737	8321	10142
9CWM	2	3738	3738	3738
9MF3	12	3740	3740	3740
9K7C	6	3741	3741	3741
9K7D	6	3741	3741	3741
9JLV	3	3741	3741	3741
8XCM	3	3743	5801	34522
8XCN	3	3743	5801	34452
9JQA	3	3743	11439	34496
9PHA	12	3744	3744	3744
9X3M	16	3744	3744	3744
9J4D	6	3745	3745	3745
9HED	9	3747	3747	3747
9HEB	9	3747	3747	3747
9HE9	9	3747	3747	3747
9HE7	9	3747	3747	3747
9HEC	9	3747	3747	3747
9IFQ	9	3747	3747	3747
9IFP	9	3747	3747	3747
9HE6	9	3747	3747	3747
9HEA	9	3747	3747	3747
8VJ2	3	3751	3751	3751
9DA3	8	3752	3752	3752
9DA2	6	3752	3752	3752
9DA5	2	3752	3752	3752
9DA6	6	3752	3752	3752
9DA4	3	3752	3752	3752
9DA1	6	3752	3752	3752
8V93	5	3757	8912	9799
9D6F	5	3757	8950	9777
9IEX	12	3758	3760	3760
9B23	2	3762	3762	3762
9J1X	1	3764	3764	3764
9RPK	3	3767	3767	3767
9RPM	1	3767	3767	3767
9G4U	2	3774	4750	4750
9NO6	1	3774	3774	3774
9L5U	2	3774	3774	3774
9JLH	1	3775	3775	3775
9IVS	48	3783	3783	3783
9IVQ	48	3783	3783	3783
9J5S	2	3783	3783	3783
9IVR	48	3783	3783	3783
8RYQ	18	3785	7675	8489
9GV3	24	3790	10467	10467
9EBI	4	3797	28884	46508
9BT8	4	3797	8556	9320
8ZPW	2	3797	6463	6463
9U61	12	3798	5098	5098
9D2R	3	3798	3798	3798
9D2S	3	3800	3800	3800
9RFF	3	3800	3800	3800
8RYN	3	3800	7336	8489
8RYM	3	3800	7336	8543
8YQ5	5	3805	3805	3805
9I9U	4	3812	3812	3812
9J1Q	1	3813	3813	3813
9M6X	6	3814	3814	3814
9HWK	3	3814	8715	21865
8RZF	1	3814	3814	3814
9B87	4	3822	3822	3822
9ME5	6	3826	9138	18416
9ME4	6	3826	9540	18416
9ME6	7	3826	9539	10564
9ME7	5	3826	8951	10564
9PTM	4	3826	9540	18416
9IIX	3	3836	28872	47065
9K0K	4	3838	13554	45547
9K25	4	3838	23167	45547
9K0X	4	3838	23167	45547
9WP9	5	3842	12442	45547
9D37	4	3843	6512	6512
9O99	1	3843	3843	3843
9D3B	4	3843	6512	6512
9D39	4	3843	6512	6512
9D38	4	3843	6512	6512
9D3C	4	3843	6512	6512
9D3A	4	3843	6512	6512
9DDW	3	3845	3845	3845
9DDV	3	3845	3845	3845
9SNI	2	3848	3848	3848
9L74	5	3855	12442	45547
9AWT	5	3856	3856	3856
9AY8	7	3856	3856	3856
9LE1	4	3857	29648	47468
9LDW	4	3857	29506	47468
9LE0	4	3857	29648	47468
9LE2	4	3857	29648	47468
9LDV	12	3857	29506	47468
9LDX	12	3857	29506	47468
9JR3	4	3859	5915	47062
9JR2	4	3859	5915	47062
9FJF	3	3861	9686	25271
8Z2W	3	3862	3862	3862
8Z2X	3	3862	3862	3862
8Z2Y	3	3862	3862	3862
9ODX	3	3864	3864	3864
9GTW	3	3865	3865	3865
9GTD	3	3865	3865	3865
9GSW	3	3865	3865	3865
9GTL	3	3865	3865	3865
9GTC	1	3865	3865	3865
9GTT	3	3865	3865	3865
9GTN	3	3865	3865	3865
9GSV	3	3865	3865	3865
9C63	6	3866	3866	3866
9LWC	4	3867	22988	55381
9UW1	3	3870	3870	3870
9D2Q	1	3872	3872	3872
9CRN	1	3881	3881	3881
9E6U	2	3881	3881	3881
9I77	6	3883	3883	3883
8YP4	4	3888	3888	3888
9YIN	1	3889	3889	3889
9QF9	1	3889	3889	3889
9JHP	4	3893	12978	46785
8ZX4	3	3893	23090	46946
8ZME	4	3893	11712	46946
9ITE	4	3893	23258	46946
8ZX5	3	3893	22921	46946
9E51	3	3893	11595	47452
9V0U	3	3897	8256	47065
8ZSS	4	3898	21453	46946
8ZSP	4	3898	21453	46946
8XAA	8	3898	3898	3898
8ZSV	4	3898	22493	46946
8ZSJ	4	3898	21453	46946
9LN8	3	3898	3898	6969
9J63	2	3901	3901	3901
9J64	12	3901	4709	6892
9J4S	6	3905	7415	8489
9EGA	6	3912	3912	3912
9U51	1	3914	3914	3914
8YJJ	3	3914	3914	3914
8YJI	3	3914	3914	3914
9NWF	12	3916	3916	3916
9LKY	5	3916	6913	34330
9BWU	1	3918	3918	3918
9N34	6	3919	3919	3919
9N2U	6	3919	3919	3919
9N33	6	3919	3919	3919
9J0J	1	3919	3919	3919
9XZK	1	3921	3921	3921
9DGA	4	3925	3925	3925
9DG6	4	3925	3925	3925
9DGE	4	3925	3925	3925
9DGD	3	3925	3925	3925
9DGB	4	3925	3925	3925
9DGF	4	3925	3925	3925
9WFD	14	3928	3928	3928
9LUS	6	3933	3933	3933
9O4M	6	3933	3933	3933
9B6L	10	3934	3934	3934
9EJZ	5	3934	13465	46440
9EK0	9	3934	20562	46440
8VGS	10	3934	3934	3934
9LRS	4	3936	21068	45547
8YN4	4	3936	9805	39599
9GG5	3	3936	19533	47452
8V6U	4	3936	21336	47452
9JFK	4	3936	28884	46946
9DQJ	4	3936	22743	46846
9AS2	4	3936	22538	45547
8YRG	4	3936	21068	45547
9ASA	4	3936	22538	45547
9AS4	4	3936	22538	45547
9AS0	4	3936	22538	45547
9K07	5	3936	6059	46946
9U4W	4	3936	23575	47065
9ARY	4	3936	22538	45547
9CM3	4	3936	13206	39599
9AS8	4	3936	22538	45547
9GGG	4	3936	19533	47452
9AS6	4	3936	22538	45547
9U4Y	4	3936	24326	47065
8YN2	4	3936	5997	39599
9DQH	4	3936	22743	46846
9LWP	3	3936	6059	46946
9CLW	4	3936	13206	39599
9R87	39	3940	3940	3940
9MXH	2	3940	3940	3940
9BW5	2	3940	3940	3940
9MXV	2	3940	3940	3940
9MXJ	2	3940	3940	3940
9L4B	2	3940	3940	3940
9R86	39	3940	3940	3940
9L40	2	3940	3940	3940
9ZKF	1	3941	3941	3941
8XI7	6	3942	3942	3942
9YDQ	4	3942	22455	46440
9J77	4	3942	6913	6913
9DEU	1	3942	3942	3942
9YDP	4	3942	22455	46440
9YDR	4	3942	22455	46440
9L79	5	3944	11985	46322
8XJN	4	3944	5997	39599
8XJO	4	3944	5997	39599
9L80	15	3944	11985	46322
9O4U	4	3945	3945	3945
9HUC	3	3945	3945	3945
9HVR	3	3945	3945	3945
9DCO	1	3946	3946	3946
9ASB	4	3952	10255	46675
9J79	6	3952	6913	6913
9J78	4	3952	6913	6913
9AXF	6	3952	10247	46675
9QJ2	4	3953	3953	3953
9AVG	4	3957	10255	46675
9G4F	4	3957	8862	8998
9D86	1	3957	3957	3957
9G4E	4	3957	8862	8998
9F3R	14	3963	4406	4505
9F3S	14	3963	4397	4505
9DFF	6	3965	3965	3965
9DFT	2	3965	3965	3965
8RV2	6	3967	19527	19527
9BYJ	3	3971	3971	3971
9FB1	4	3977	3977	3977
9FYZ	6	3978	3978	3978
9DXM	2	3985	20313	20313
9D43	3	3985	3985	3985
9DZ6	2	3985	20313	20313
9KRV	6	3990	3990	3990
9KRU	3	3990	3990	3990
9KRT	1	3992	3992	3992
9L4N	1	3992	3992	3992
9NBL	1	4001	4001	4001
9NBM	1	4001	4001	4001
9NBW	1	4001	4001	4001
9DG7	3	4002	4002	4002
9KRW	12	4002	4002	4002
9GHZ	1	4002	4002	4002
9LLV	2	4002	4002	4002
9BHT	6	4002	4042	4447
9DYP	4	4004	4004	4004
9DYR	10	4004	4004	4004
9NBO	1	4005	4005	4005
9Z4W	78	4007	4007	4007
9B3U	4	4007	4007	4007
9B3V	4	4007	4007	4007
9I27	2	4008	4008	4008
9I28	2	4008	4008	4008
9I26	2	4008	4008	4008
9FOC	6	4008	4008	4008
9B3Y	4	4009	4009	4009
9B3Z	4	4009	4009	4009
9B3W	4	4009	4009	4009
9B3X	4	4009	4009	4009
9DGC	3	4010	4010	4010
9DG9	4	4010	4010	4010
9EXY	2	4010	4010	4010
9NRC	5	4012	8731	9494
9J3G	1	4013	4013	4013
9WJU	6	4013	4117	4117
9WJR	6	4013	4117	4117
9FKU	6	4016	4016	4016
9B46	1	4016	4016	4016
9KRG	1	4018	4018	4018
9KOM	1	4018	4018	4018
9D4Z	4	4019	6455	47468
9DG8	3	4019	4019	4019
9QGN	24	4020	6129	7083
9P1S	3	4021	4021	4021
9P1T	3	4021	4021	4021
9OIC	4	4024	4024	4024
8S5L	4	4025	4025	4025
8S5K	8	4025	4025	4025
8S5J	10	4025	4025	4025
9U9Y	3	4027	4027	4027
9NNK	6	4027	5151	5151
9NV0	6	4028	4028	4028
9NUE	7	4028	4028	4028
9NV1	7	4028	4028	4028
9NUD	6	4028	4028	4028
9NM1	21	4028	4028	7732
9NUZ	7	4028	4028	4028
9ISP	1	4029	4029	4029
9F79	6	4029	4029	4029
8YWA	18	4029	9008	27891
9HIF	6	4032	4032	4032
8S5H	8	4033	4033	4033
8S5M	10	4033	4033	4033
8S5I	6	4033	4033	4033
8VOA	7	4038	19347	19347
8VO9	7	4038	19347	19347
9J1J	18	4038	4038	6263
9F5S	3	4038	4267	4671
8VO8	7	4038	19347	19347
8VO5	4	4038	19347	19347
8VO6	4	4038	19347	19347
8VO7	7	4038	19347	19347
9F6A	3	4038	4267	4671
9J1K	42	4038	4038	5325
9JOC	3	4040	4040	4040
9SCW	60	4048	4729	4949
9ERA	12	4055	4785	4785
9EQI	12	4055	4785	4785
9ER6	12	4055	4785	4785
9EQL	12	4055	4785	4785
9ER5	12	4055	4785	4785
9ER9	12	4055	4785	4785
9ER7	16	4055	4785	4785
9SOI	2	4056	4056	4056
9T2G	3	4056	4056	4056
9T0N	1	4058	4058	4058
8YCP	4	4058	4058	4058
8Y15	3	4059	4059	4059
9K20	4	4061	23167	45547
9VQN	3	4065	4065	4065
9UVM	3	4065	4065	4065
9QXN	3	4065	4065	4065
9HVM	16	4066	6092	6092
9C0G	2	4066	4066	4066
9C0H	2	4066	4066	4066
9N4D	6	4067	4067	4067
9PR8	4	4067	6367	6367
8S0U	6	4067	4067	4067
9N47	6	4067	4067	4067
9FM5	6	4073	4073	4073
9EUM	1	4075	4075	4075
9J1P	4	4077	12095	46946
9IVM	4	4077	12095	46946
9IVG	4	4077	12095	46946
8YW3	4	4077	12095	46946
8XKP	1	4078	4078	4078
9C0E	2	4081	4081	4081
8RG3	16	4083	4083	4083
8RG4	3	4083	4083	4083
9N37	48	4083	5558	5558
9MUR	48	4083	5805	5805
9E4K	3	4085	4085	4085
8Z7Z	1	4087	4087	4087
8Z80	1	4087	4087	4087
9J2R	2	4087	4087	4087
9VH1	3	4088	4856	4856
9J30	2	4089	4089	4089
9LOH	2	4090	4140	4140
9LJX	2	4090	4140	4140
9KZL	3	4090	4108	4108
9LOI	2	4090	4140	4140
9J2P	2	4091	4091	4091
9J2M	2	4091	4091	4091
9J2E	2	4091	4091	4091
8RLN	3	4092	4092	4092
9MIP	3	4092	8177	11914
9MF5	3	4092	8177	10823
9GG9	1	4092	4092	4092
9CK5	8	4093	4093	4093
9CHZ	8	4093	4093	4093
9CI2	12	4093	4093	19729
9CI1	16	4093	19729	19729
8RU5	3	4094	4094	4094
9E4A	3	4095	4095	4095
9E4B	3	4095	4095	4095
9E4H	3	4095	4095	4095
9E4G	3	4095	4095	4095
9E4C	3	4095	4095	4095
9E4D	3	4095	4095	4095
9E4J	3	4095	4095	4095
9E4F	3	4095	4095	4095
9E4I	3	4095	4095	4095
9E4E	3	4095	4095	4095
9BUF	6	4096	4096	4096
9EXW	2	4097	4097	4097
9PHB	10	4097	4097	4097
9EXX	4	4097	4097	4097
9GTR	3	4099	4099	4099
9DLI	4	4101	4101	4101
9FWV	8	4101	4101	4101
9IQO	8	4103	4103	4103
9P8X	3	4103	8397	9395
9UVR	2	4104	4104	4104
9DWQ	4	4104	4104	4104
9MIQ	10	4105	4105	4105
8S1J	6	4109	4109	4109
9MHQ	15	4111	4111	4111
9MX0	12	4112	4112	4112
9MW0	3	4112	4112	4112
9DP6	1	4112	4112	4112
9MVZ	6	4112	4230	4230
9KKT	2	4114	4114	4114
9KKV	6	4114	4114	4114
9RXM	3	4115	7532	8491
9B80	2	4115	4115	4115
9MHR	15	4117	4117	4117
9CQ5	8	4117	4117	4117
9FTQ	1	4121	4121	4121
8RKX	7	4121	4121	4121
8RUW	6	4121	4121	4121
9FTR	3	4121	4121	4121
9QBL	12	4123	4772	4772
8RKN	7	4125	4125	4125
8RKC	7	4125	4125	4125
8RKO	7	4125	4125	4125
9FT7	2	4126	4126	4126
8YN7	4	4129	5932	39599
8YN8	4	4129	5997	39599
8ZE3	4	4132	4132	4132
8ZDZ	4	4132	4132	4132
9LLW	1	4132	4132	4132
9XQB	2	4135	21713	21713
9QUZ	1	4138	4138	4138
9QVS	1	4138	4138	4138
9QVQ	2	4138	4138	4138
8RRO	24	4140	8482	8517
9LJY	2	4140	4176	4176
9NH1	5	4141	4141	16749
9KDP	4	4142	4142	4142
9NHF	7	4144	4144	4144
9KZN	4	4145	4145	4145
9N4Q	6	4147	6067	6067
9N4P	5	4147	6067	6067
9N4S	15	4147	6067	6067
9N4T	18	4147	6067	6067
9QVJ	4	4149	4149	4149
9QVL	1	4153	4153	4153
9LP3	2	4153	4153	4153
9QVK	1	4153	4153	4153
9ISZ	2	4154	4154	4154
9IT4	1	4154	4154	4154
8VGN	6	4156	8214	9319
8Z8W	1	4156	4156	4156
8VGO	6	4156	8408	9864
9VGW	3	4157	4157	4157
9FWE	3	4157	4157	4157
9FWF	4	4157	4157	4157
9NXC	4	4159	39679	39686
9VFT	3	4162	4686	4719
9VFU	3	4162	4686	4719
9VG1	9	4162	4686	4719
9VFR	4	4162	4719	5295
9VFS	3	4162	4686	4719
9VFQ	3	4162	4686	4719
9VFP	9	4162	4686	4719
8RQL	4	4169	28872	45547
8RKI	3	4170	4885	6127
9E7K	6	4171	22259	22259
9H37	3	4176	4176	4176
9H2X	3	4176	4176	4176
9AVU	5	4179	5846	6409
9AWK	5	4179	5846	6409
9EJI	4	4181	9668	11674
9EJG	4	4181	9778	11642
9EJH	4	4181	9773	11651
9ZPT	4	4183	4183	4183
9LKS	1	4184	4184	4184
9QB7	3	4184	4184	4184
9I8A	6	4185	4455	4455
9RV5	2	4185	4185	4185
8VA2	4	4188	4433	4433
9RGB	6	4190	26692	26692
9FRZ	1	4190	4190	4190
9NK2	3	4191	4191	4191
9NK0	3	4191	4191	4191
9NK1	3	4191	4191	4191
9O5M	12	4191	4191	4191
9PY6	3	4194	7845	8317
9VJJ	6	4195	8314	9470
9FS0	1	4196	4196	4196
9FQY	1	4196	4196	4196
9FQD	1	4196	4196	4196
9FQX	1	4196	4196	4196
9FQE	1	4196	4196	4196
9KOY	6	4202	4202	4202
9KP0	2	4202	4202	4202
9VM1	9	4204	4823	21876
9OGN	9	4204	4431	21847
9OGO	9	4204	4457	21847
9CMV	2	4205	21230	21230
9C15	2	4205	21230	21230
9B4T	2	4205	21681	21681
9B4S	2	4205	21969	21969
8RO5	2	4206	8811	8811
9QVO	1	4210	4210	4210
9QVP	2	4210	4210	4210
9QVR	2	4210	4210	4210
8Z1R	6	4215	4215	4215
9OO6	1	4217	4217	4217
9SYJ	6	4217	4307	4307
9OO8	1	4217	4217	4217
9SYV	6	4217	4422	4422
9OO7	1	4217	4217	4217
9SYT	6	4217	4422	4422
8S3M	1	4220	4220	4220
8S3U	1	4220	4220	4220
8S3W	1	4220	4220	4220
9KGM	2	4221	4221	4221
9KN9	2	4225	4225	4225
9KNB	1	4225	4225	4225
8ZKQ	6	4227	4232	4232
9LWA	3	4227	5913	6820
8ZKP	6	4227	4232	4232
9I1T	4	4231	4231	4231
9I0A	4	4231	4231	4231
9CUF	2	4235	4235	4235
9AYF	5	4238	10255	46675
9LFU	2	4240	4240	4240
9S9K	2	4240	4240	4240
9S9J	1	4240	4240	4240
9C98	28	4241	17080	23818
9AW6	28	4241	17080	23818
9AW5	28	4241	17080	23818
9AW7	84	4241	17080	23818
9AW3	28	4241	17080	23818
9C97	28	4241	17080	23818
9IRL	1	4246	4246	4246
9I5B	6	4247	4247	4247
9GNJ	1	4247	4247	4247
9GXI	21	4251	19900	19900
9NWW	3	4254	8349	9819
9FZ5	2	4259	10944	10944
9MJB	1	4259	4259	4259
9DM7	1	4259	4259	4259
9I5A	6	4259	4259	4259
9DM5	1	4259	4259	4259
9HDF	32	4260	4260	4260
8YC1	3	4260	4260	4260
9HEL	2	4265	4265	4265
9FNO	6	4265	15094	35763
9FHB	4	4265	15238	35763
9LBY	2	4265	4265	4265
9IVC	4	4270	10463	10463
8Z7C	6	4271	4271	4271
9KLB	6	4271	4271	4271
8Z7D	6	4271	4271	4271
8Z7E	2	4271	4271	4271
9KLC	2	4271	4271	4271
9FOE	3	4273	4273	4273
9JGA	12	4273	4273	4273
9EV1	5	4275	4275	4275
9EVA	5	4275	4275	4275
9EV8	5	4275	4275	4275
9EVB	5	4275	4275	4275
9LUY	3	4275	4275	4275
9EV7	5	4275	4275	4275
9EV9	5	4275	4275	4275
8Y1V	4	4276	6097	6097
9AYU	9	4276	4276	4276
9LUX	14	4277	4277	4277
9DLR	3	4278	9425	22537
9DLV	3	4278	9425	22510
9M7C	6	4278	4278	4278
9B3J	20	4281	7942	23439
9BPG	13	4281	7942	23439
9B0X	20	4281	7942	23439
9JO3	4	4283	4283	4283
8REX	9	4283	9303	13416
8XYF	3	4284	4284	4284
9F34	12	4285	6448	45837
9JFN	12	4285	4285	4285
9JF5	12	4285	4285	4285
9JER	12	4285	4285	4285
9F33	12	4285	6448	45837
9XNC	24	4286	4286	4286
9M4G	2	4290	4290	4290
8YYE	2	4290	4290	4290
9B2B	12	4292	4292	4292
9DYO	5	4292	4292	4292
9DYN	15	4292	4292	4292
9DYJ	15	4292	4292	4292
9DYH	15	4292	4292	4292
9DYI	15	4292	4292	4292
8ZIR	18	4293	4293	6162
8XN8	3	4293	4293	4293
9N85	3	4293	5258	16717
8ZIQ	18	4293	4293	6162
9RLG	5	4294	41707	46047
9EQ3	5	4295	8503	26387
9EQ4	5	4295	8503	26387
8XPT	4	4295	4295	4295
8XH9	12	4299	4299	4299
8XH8	12	4299	4299	4299
9W8G	2	4299	4299	4299
9J47	2	4299	4299	4299
9JK1	4	4301	16342	16342
8V8T	4	4303	4303	4303
8RPX	15	4305	4305	4305
9WBD	12	4305	7555	8489
9EY9	28	4310	16284	23818
9FSU	28	4310	16934	24511
9QBY	28	4310	16284	23818
9QB1	28	4310	16284	23818
9QDS	84	4310	16284	23818
9QD2	28	4310	16284	23818
9QCK	28	4310	16934	23818
9QBI	28	4310	16934	23818
9QBE	28	4310	16284	23818
9QDF	84	4310	16284	23818
9QAI	28	4310	16284	23818
8RHK	28	4310	16934	23818
9FSV	84	4310	16628	23818
9FRW	84	4310	16934	24511
9FT1	28	4310	16284	23818
9S78	28	4310	16284	23818
9FST	84	4310	16934	23818
9QB4	28	4310	16284	23818
8RHL	28	4310	16934	23818
8VV8	4	4310	4310	4310
9QAF	28	4310	16934	23818
8RHJ	28	4310	16934	23818
9QC9	28	4310	16934	23818
8RVQ	28	4310	17080	23818
9QBW	28	4310	16284	23818
9QBO	84	4310	16284	23818
9FT0	28	4310	16284	23818
9QCF	28	4310	16934	23818
9J4U	6	4312	7629	8494
8Z3S	4	4316	4316	4316
9JO4	4	4316	4316	4316
9BA9	3	4319	4319	4319
8YSX	28	4323	15737	25328
8V9O	6	4323	13738	13738
8YVG	28	4323	16258	25328
9HYI	3	4324	6450	46308
9YB5	3	4324	12558	16649
9GL2	3	4324	5147	46308
9QFF	1	4326	4326	4326
9Q1A	4	4331	15837	15837
9FSE	1	4332	4332	4332
8XGJ	12	4335	4335	4335
8XGF	12	4335	4335	4335
8XGE	12	4335	4335	4335
8XGD	12	4335	4335	4335
8XGG	24	4335	4335	4335
8XDX	3	4339	4339	4339
10PS	3	4340	4340	4340
9RUP	6	4343	7536	8475
9RU5	3	4343	7536	8475
9BLG	4	4343	4343	4343
9EEZ	3	4345	4345	4345
9EEY	3	4345	4345	4345
9EEX	4	4345	4345	4345
8V8F	12	4345	4345	4345
9M41	2	4346	4346	4346
9NVS	5	4348	4348	4348
9FTH	5	4349	4349	4349
9FTI	5	4349	4349	4349
9FTJ	5	4349	4349	4349
8VD8	1	4349	4349	4349
8VDC	1	4349	4349	4349
8V8B	1	4349	4349	4349
9FTG	5	4349	4349	4349
8VDE	27	4349	13980	13980
9F63	1	4352	4352	4352
9L5Q	1	4353	4353	4353
8VCH	4	4357	4357	4357
8VB5	3	4358	4358	4358
9KNC	3	4358	4358	4358
9KNE	3	4358	4358	4358
9KNF	3	4358	4358	4358
9KND	3	4358	4358	4358
9KNG	3	4358	4358	4358
8VSB	3	4360	4360	19825
9QUG	3	4360	4360	4360
9FCZ	3	4364	4699	4810
9EXI	3	4364	4699	4810
9JRT	3	4365	8633	9266
9JRO	3	4365	8633	9266
8Y0V	1	4365	4365	4365
8Y3Q	3	4369	4369	4369
8ZL9	3	4369	4369	4369
8Y3P	3	4369	4369	4369
8Y3R	3	4369	4369	4369
8Y3O	3	4369	4369	4369
9LJJ	2	4371	4371	4371
9ECT	6	4372	4372	4372
9OGV	9	4375	4375	4375
9GJ1	6	4375	4644	4644
9GIB	2	4375	4644	4644
9GIG	2	4375	4644	4644
9BF9	3	4381	8445	10906
9OTS	6	4381	13485	13485
9ITH	1	4386	4386	4386
8YR9	2	4387	4387	4387
8YRA	2	4387	4387	4387
8YS8	2	4387	4387	4387
8RCA	2	4388	12097	12097
8RCC	2	4388	12095	12095
8RCB	2	4388	12097	12097
9QM0	6	4388	12097	12097
9QM1	6	4388	12097	12097
8RC9	2	4388	12097	12097
8RC8	2	4388	12097	12097
8XMN	9	4389	5373	17301
8RJ5	6	4390	7335	8470
9JOD	7	4392	4392	4392
8VC6	4	4393	4393	4393
8VC3	4	4393	4393	4393
8VC4	4	4393	4393	4393
8VP4	6	4394	4394	4394
9C2Y	12	4394	4394	4394
9DIE	6	4395	4395	4395
9OZO	6	4395	4395	4395
9OZS	4	4395	4395	4395
10AD	4	4395	4395	4395
9ITI	3	4396	4396	4396
9F3H	12	4397	4505	4505
9U5C	8	4399	25256	25256
8XMO	9	4401	5373	17301
9QWK	16	4401	8624	8624
8XNG	2	4404	4404	4404
9F08	2	4405	4405	4405
8S3E	8	4405	15863	15863
9GN2	2	4405	4405	4405
9F09	6	4405	4405	4405
9EZK	2	4405	4405	4405
9F3B	12	4406	4505	4505
8XMM	2	4407	5373	5373
9PZU	8	4410	6303	9216
9PZS	10	4410	6303	43718
9C6A	4	4410	4410	4410
8XLK	12	4413	9572	42909
9MZU	6	4414	13470	13470
8VD2	4	4414	9628	11671
8VD0	8	4414	9628	11072
9BP5	12	4420	11735	21286
8RCG	6	4420	12095	12095
9BOV	12	4420	11735	21286
9IOK	6	4422	4422	4422
9R7J	4	4425	4425	4425
8VBP	6	4426	9756	9756
8XW2	2	4428	4428	4428
8XW3	2	4428	4428	4428
8XS4	2	4428	4428	4428
9F6V	2	4429	4681	4681
9HXC	28	4429	4708	4708
9DA9	6	4430	4657	4657
9NYZ	6	4430	4657	4657
9VBG	2	4430	4430	4430
8VBM	2	4431	9756	9756
8VT7	4	4433	4505	4505
9C6S	18	4433	4487	4487
9C6R	16	4433	4487	4487
8XW1	1	4434	4434	4434
8YW5	4	4435	12095	46946
9U6A	9	4438	4520	31169
9DUQ	18	4438	4464	4464
9E3E	5	4439	5434	6254
8RU2	5	4439	18453	18453
9NEM	8	4439	4439	4439
9E3F	5	4439	5434	6254
9E3G	5	4439	5434	6254
9J2A	2	4441	4441	4441
9J2B	2	4441	4441	4441
9J2C	2	4441	4441	4441
9J29	2	4441	4441	4441
9J28	2	4441	4441	4441
9HQ4	5	4442	4520	4520
9BP6	4	4442	4520	4520
9M1K	4	4442	8539	19091
9M1I	3	4442	8539	19091
9M1L	5	4442	8539	19091
8YY2	4	4442	9780	9780
8YY4	4	4442	9780	9780
8YY5	4	4442	9780	9780
8YY3	4	4442	9780	9780
9D5B	4	4443	4443	4443
9BZ4	4	4447	4447	4447
8REW	9	4448	9622	11251
9EOV	3	4449	4449	4449
9XDC	2	4454	29577	29577
9XDD	2	4454	29577	29577
9B25	12	4455	4455	4455
9GV7	9	4455	7723	8533
9QFJ	10	4456	18453	18453
9QFD	14	4456	18453	18453
9QFK	14	4456	18453	18453
9QFE	14	4456	18453	18453
9QFO	10	4456	18453	18453
9QFG	14	4456	18453	18453
9QFQ	11	4456	18453	47003
9QFW	12	4456	18453	47003
8RC1	4	4458	4520	4520
9GN4	2	4459	4459	4459
9NX2	15	4460	5434	6247
8YQN	5	4460	5434	6254
8YX1	6	4462	8601	10015
8YX9	30	4462	8209	9486
9KBW	2	4464	4471	4471
9CHY	6	4467	4467	4467
8XVX	2	4468	4468	4468
8XS5	2	4468	4468	4468
9J0T	6	4469	4469	4469
8RRY	6	4470	4470	4470
9F6T	2	4473	4681	4681
9F6U	2	4473	4681	4681
9OHL	3	4474	4474	4474
9EAV	4	4475	14066	14066
8VSC	3	4476	4476	19825
9U6T	7	4479	5004	21659
9U6N	7	4479	5004	21659
9U6F	7	4479	5004	21659
9U6W	7	4479	5004	21659
9U6Y	7	4479	5004	21659
9U6V	7	4479	5004	21659
9U6P	7	4479	5004	21656
9U6O	7	4479	5004	21659
9U6X	7	4479	5004	21659
9U6U	7	4479	5004	21659
9G0T	12	4484	4520	4520
9JEQ	4	4484	6422	47468
9G0S	12	4484	4520	4520
9G0R	12	4485	4487	4487
9G0Q	12	4485	4487	4487
9G0P	12	4485	4487	4487
9EOK	42	4487	4512	4512
9PND	4	4487	4532	4532
9HLW	12	4488	15005	15005
9K2R	9	4489	7584	8505
9NK4	3	4490	4490	4490
9NK3	3	4490	4490	4490
8VYJ	1	4491	4491	4491
8VYK	3	4491	4491	4491
9NEU	4	4494	4494	4494
9IIS	1	4494	4494	4494
9NES	4	4494	4494	4494
9ISD	12	4495	4495	4495
9DK5	2	4499	6182	6182
9C1X	12	4500	4500	4500
9C1M	18	4500	4500	6184
9IV0	2	4500	4500	4500
9C5X	18	4500	4500	6184
9C1N	18	4500	4500	6184
8RGX	12	4509	4509	4509
8VBJ	6	4510	9756	9756
9KNA	2	4511	4511	4511
9B0I	2	4512	4512	4512
9B0E	2	4512	4512	4512
9AYM	2	4512	4512	4512
9N9G	9	4513	6092	6874
8RHB	10	4513	4520	4595
8RIZ	14	4513	4595	4595
9GNQ	3	4513	4520	10469
8RHH	14	4513	4595	4595
9L7M	5	4513	4520	11618
9DXE	4	4513	4520	4520
9DI0	3	4513	4520	11748
9DXC	4	4513	4520	4520
8RIK	11	4513	4520	4595
9FKO	6	4516	4516	4516
8VC2	4	4519	4519	4519
8VC1	4	4519	4519	4519
9F07	18	4520	4521	14973
9F8G	12	4520	4521	31169
9OT2	2	4520	4535	4535
9YMG	18	4520	4537	11459
9QNB	6	4520	4520	4520
9OIJ	2	4520	4520	4520
9H1O	6	4520	4530	4530
9FVJ	12	4520	4520	4520
9G0O	12	4520	4520	4520
9EE7	1	4521	4521	4521
8YBR	3	4524	4524	4524
8YBQ	3	4524	4524	4524
9EA4	1	4524	4524	4524
9VKQ	9	4527	14209	24546
9VKR	9	4527	14209	24546
9VKP	9	4527	14209	24546
8VLH	6	4531	4531	4531
9M2Y	3	4538	4538	4538
9M2Z	3	4538	4538	4538
9EA8	1	4543	4543	4543
9EA5	2	4543	4543	4543
9EAE	3	4543	4543	15282
9JH1	2	4547	4547	4547
9U3P	2	4548	4548	4548
9NEC	6	4550	4550	4550
9NED	6	4550	4550	4550
9NEG	6	4550	4550	4550
9I2M	3	4550	4550	4550
9HMF	18	4551	12732	14821
9MJM	1	4553	4553	4553
9MJL	1	4553	4553	4553
9F8Z	3	4556	4556	4556
9FNV	3	4556	4556	4556
8XAJ	2	4556	4556	4556
9F8V	3	4556	4556	4556
9FNU	5	4556	4556	4556
9F8U	3	4556	4556	4556
9HLF	5	4556	4556	4556
9GIH	3	4556	4556	4556
8VAZ	8	4560	14655	14655
8VAV	8	4560	14655	14655
9BXA	1	4562	4562	4562
8S86	2	4565	4565	4565
9D9L	12	4570	4570	4570
9QWJ	12	4570	7333	8624
9G0B	3	4570	4677	4680
9D94	30	4570	4849	5306
8YMN	2	4572	4572	4572
8YMM	2	4572	4572	4572
8YMO	2	4572	4572	4572
8YMQ	2	4572	4572	4572
8YMP	2	4572	4572	4572
9IA0	2	4574	10942	10942
9I9Z	2	4574	10942	10942
9JRR	2	4577	4577	4577
9JG1	3	4578	8636	9641
9J9J	3	4582	4582	4582
8VDK	3	4584	4584	4584
9LFT	4	4585	4585	4585
9Q3J	24	4586	4586	4586
9DYK	15	4587	4587	4587
9NC9	11	4591	4591	4591
9QRM	5	4592	4592	4592
8VCX	4	4594	9628	11671
8VCY	4	4594	9435	11671
9DI8	4	4596	4596	4596
9DIC	4	4596	4596	4596
9EGQ	15	4598	4598	4598
9EGM	5	4598	4598	4598
9EGS	15	4598	4598	4598
9EGT	5	4598	4598	4598
9NRJ	2	4602	7412	7412
9C49	2	4605	4605	4605
9IXJ	4	4606	19864	46755
9Q3K	24	4607	4607	4607
8VIW	4	4611	4611	4611
8YW4	4	4612	12095	47531
9DIT	4	4612	4612	4612
9DJV	4	4612	4612	4612
9CBG	3	4613	4613	4613
9BKE	2	4613	4613	4613
9CBH	3	4613	4613	4613
9CBI	3	4613	4613	4613
9CBF	1	4613	4613	4613
9CBJ	3	4613	4613	4613
9H4U	6	4614	4614	4614
8RG5	6	4615	4615	4615
9INK	2	4616	4616	4616
9EFN	6	4616	4616	4616
9S6A	3	4616	4616	4616
8VBK	2	4619	9756	9756
9R0Q	3	4620	4620	4620
8V63	4	4620	4620	4620
9DKN	4	4621	4621	4621
9DKF	4	4621	4621	4621
8V60	4	4627	4627	4627
9I3M	26	4629	4629	4629
9I3N	57	4629	4629	4629
9I3O	72	4629	4629	4629
9I37	9	4629	4629	4629
8YPK	28	4631	16258	25711
8YVP	28	4631	16258	25711
9EOU	3	4634	4634	4634
9HE3	2	4636	4636	4636
9DKL	4	4638	4638	4638
9X1L	8	4641	6079	6079
8Z9B	2	4646	4646	4646
8RG1	6	4652	4652	4652
8VBL	6	4652	9756	9756
8V64	12	4656	4656	4656
8VTI	4	4657	8983	12698
9MS0	9	4664	7365	8436
9JSD	1	4665	4665	4665
8YK1	3	4668	4668	4668
9CZO	8	4672	8373	8373
9D19	8	4672	8373	8373
9CZH	8	4672	8373	8373
9CZM	8	4672	8373	8373
9CZJ	8	4672	8373	8373
9D18	8	4672	8373	8373
9CZK	8	4672	8373	8373
9CZQ	8	4672	8373	8373
8VH7	6	4673	4673	4673
8VH8	8	4673	4673	4673
9GS6	1	4674	4674	4674
9FN6	7	4674	4674	4674
9H03	2	4675	4675	4675
8YXZ	2	4675	5820	5820
8YWT	3	4675	5820	8587
8YY0	2	4675	5820	5820
9JC1	39	4677	16204	25270
9DBM	1	4683	4683	4683
9DBL	1	4683	4683	4683
9DBN	1	4683	4683	4683
9DBK	1	4683	4683	4683
8Z91	6	4685	4685	4685
8YY1	2	4687	5820	5820
9HPS	6	4693	4693	4693
9ETO	2	4693	4693	4693
9IQW	4	4695	4695	4695
8YHO	3	4696	4696	4696
8YHX	18	4696	7438	7438
9FA9	3	4699	4810	5072
8YN6	4	4700	6450	39599
9VDV	6	4700	4700	4700
8YN5	4	4700	6450	39599
9AUD	12	4705	9715	10017
8S0I	4	4706	4706	4706
8S0S	4	4706	4706	4706
8RZY	6	4706	4706	4706
8S0P	6	4706	4706	4706
8S06	6	4706	4706	4706
8RZW	2	4706	4706	4706
8S07	6	4706	4706	4706
8S01	6	4706	4706	4706
8S0H	6	4706	4706	4706
8S04	6	4706	4706	4706
8S0O	4	4706	4706	4706
8S0K	6	4706	4706	4706
8S0Q	4	4706	4706	4706
8S0J	4	4706	4706	4706
8VIY	3	4709	4709	4709
8YTQ	12	4712	4712	4712
8YTR	6	4712	4712	4712
9N06	6	4716	4716	4716
9N24	6	4716	4716	4716
9N27	10	4716	4716	4716
9MDV	6	4716	4716	4716
9N0C	6	4716	4716	4716
9N2J	1	4716	4716	4716
9N03	6	4716	4716	4716
9N28	1	4716	4716	4716
9N25	6	4716	4716	4716
9N0A	2	4716	4716	4716
9OEE	5	4717	4717	4717
9FLI	3	4719	4719	4719
9MHK	2	4721	4721	4721
9MHN	2	4722	4722	4722
9MHJ	2	4722	4722	4722
9MHI	2	4722	4722	4722
9MHM	2	4722	4722	4722
9ARI	4	4722	5488	5488
9MHO	2	4722	4722	4722
9MHL	2	4722	4722	4722
9ARH	4	4722	5488	5488
7HL8	3	4726	4726	4726
9KOU	2	4726	4726	4726
7I29	3	4726	4726	4726
7HL5	1	4726	4726	4726
7I2B	3	4726	4726	4726
7HL0	3	4726	4726	4726
7HKW	3	4726	4726	4726
7HKQ	3	4726	4726	4726
7I2E	3	4726	4726	4726
7I2G	3	4726	4726	4726
7HKZ	3	4726	4726	4726
7HL9	3	4726	4726	4726
7I2S	3	4726	4726	4726
7I2H	3	4726	4726	4726
7I2Q	3	4726	4726	4726
7HKH	3	4726	4726	4726
7HKR	3	4726	4726	4726
9F9Q	2	4726	4726	4726
7I2K	3	4726	4726	4726
7HKS	3	4726	4726	4726
7HKB	3	4726	4726	4726
7HKN	3	4726	4726	4726
7I2A	3	4726	4726	4726
7I2T	3	4726	4726	4726
7I2O	3	4726	4726	4726
7HKX	3	4726	4726	4726
7I2L	3	4726	4726	4726
9KMQ	2	4726	4726	4726
7HL1	3	4726	4726	4726
7I2C	3	4726	4726	4726
7HKM	3	4726	4726	4726
7I2D	3	4726	4726	4726
7HKF	3	4726	4726	4726
7HKG	3	4726	4726	4726
7HL2	3	4726	4726	4726
7I2N	3	4726	4726	4726
7HKD	3	4726	4726	4726
7I2X	3	4726	4726	4726
7HL6	3	4726	4726	4726
7I2P	3	4726	4726	4726
7HL3	3	4726	4726	4726
7HKU	3	4726	4726	4726
7HKE	3	4726	4726	4726
7HKI	3	4726	4726	4726
7I28	3	4726	4726	4726
7HKP	1	4726	4726	4726
7I2W	3	4726	4726	4726
7HKK	3	4726	4726	4726
7I2R	3	4726	4726	4726
7HKL	3	4726	4726	4726
7HL7	3	4726	4726	4726
7I2V	3	4726	4726	4726
7I2J	3	4726	4726	4726
7HKY	3	4726	4726	4726
7I2M	3	4726	4726	4726
7HKV	3	4726	4726	4726
7HKT	3	4726	4726	4726
7I2I	3	4726	4726	4726
7HL4	3	4726	4726	4726
7I2F	3	4726	4726	4726
7HKO	1	4726	4726	4726
7HKC	5	4726	4726	4726
7HKJ	3	4726	4726	4726
7I2U	3	4726	4726	4726
9RPR	2	4727	10942	10942
9I97	6	4727	10944	10944
9I98	6	4727	10944	10944
9I95	6	4727	10944	10944
9I92	6	4727	10944	10944
9I93	6	4727	10944	10944
9I94	6	4727	10944	10944
9RPS	2	4727	10944	10944
9I96	6	4727	10944	10944
8RE0	6	4732	4732	4732
8RFK	6	4732	4732	4732
8Y60	4	4733	4733	4733
8ZIZ	2	4734	33705	33705
8ZIA	4	4745	4745	4745
9CQB	2	4747	8723	8723
8ZLK	2	4748	4748	4748
8ZIC	3	4748	4748	4748
9Y4V	6	4750	4750	4750
9D59	4	4750	4750	4750
9D5A	1	4750	4750	4750
9VBJ	4	4751	4751	4751
9EP8	8	4753	4753	4753
9EPE	3	4756	4756	4756
9WGZ	1	4758	4758	4758
8V9Q	2	4761	4761	4761
8Y81	4	4762	8370	8370
9BYS	9	4762	7390	8436
8ZGT	4	4762	6395	7506
8Y84	2	4762	7506	7506
8ZGS	4	4762	6395	7506
9JT0	4	4767	4767	4767
9BCR	4	4770	39679	39686
9NQJ	12	4770	39686	39686
8YSD	1	4773	4773	4773
8YSR	1	4773	4773	4773
8YSL	3	4773	4773	4773
9BE2	1	4776	4776	4776
9BU0	18	4777	7243	8436
9C9D	12	4777	8436	20289
9BTZ	18	4777	7243	8436
9BTX	18	4777	7243	8436
9CGR	18	4777	7243	8436
9EK7	18	4777	7243	8436
9CGS	18	4777	7243	8436
9O06	24	4777	7243	8436
9O05	21	4777	7243	8436
9C42	21	4777	7243	8436
9EK6	18	4777	7243	8436
9O08	21	4777	7243	8436
9O07	18	4777	7243	8436
9BTY	18	4777	7243	8436
8Y31	6	4780	9282	9398
9QXW	4	4780	4780	4780
9QXY	4	4780	4780	4780
9OPS	1	4782	4782	4782
9EM8	8	4784	4784	4784
9EM7	8	4784	4784	4784
9R34	6	4789	4789	4789
9R16	6	4789	4789	4789
8VBN	12	4790	9756	9756
9C36	6	4791	4791	4791
9HB7	2	4791	4791	4791
9HB8	2	4791	4791	4791
9C34	2	4791	4791	4791
9LBZ	52	4792	6435	6435
9E99	12	4792	6435	6435
9LD7	12	4792	6435	6435
9FUP	3	4794	4794	4794
9FX4	4	4794	4794	4794
9FX5	4	4794	4794	4794
9FTU	3	4796	4796	4796
9EQV	3	4796	4796	4796
9EQZ	3	4796	4796	4796
9EQY	3	4796	4796	4796
8YK6	3	4796	4796	4796
9EQU	3	4796	4796	4796
9FTV	3	4796	4796	4796
9EQS	3	4796	4796	4796
9EQT	3	4796	4796	4796
9FTS	3	4796	4796	4796
9ER1	3	4796	4796	4796
9ER0	3	4796	4796	4796
9P15	3	4796	4796	4796
9EQX	3	4796	4796	4796
9P14	3	4796	4796	4796
9EQR	3	4796	4796	4796
9DL7	8	4797	4797	4797
9E0A	8	4797	4797	4797
9E0C	8	4797	4797	4797
9E5W	6	4797	4797	4797
9DL9	8	4797	4797	4797
9DL3	6	4797	4797	4797
9DL8	8	4797	4797	4797
9DL6	8	4797	4797	4797
9DL2	6	4797	4797	4797
9E0E	8	4797	4797	4797
9E0D	8	4797	4797	4797
9DL5	8	4797	4797	4797
9BBO	8	4797	4797	4797
9E0B	6	4797	4797	4797
9DL4	8	4797	4797	4797
9B8I	1	4798	4798	4798
9IQV	1	4799	4799	4799
9G2J	3	4800	4800	4800
9VCA	3	4802	8922	35759
9C35	6	4807	4807	4807
9C8C	6	4807	4807	4807
9E2C	3	4808	4808	4808
8RS2	3	4809	4809	4809
8RS3	3	4809	4809	4809
8RSD	3	4809	4809	4809
9H06	3	4812	4812	4812
9H04	3	4812	4812	4812
9H08	1	4812	4812	4812
9H09	1	4812	4812	4812
9H05	3	4812	4812	4812
9H07	1	4812	4812	4812
8XAV	18	4816	4816	6882
8ZGI	2	4816	4816	4816
8Y6X	3	4824	7347	8436
9IA5	2	4829	10942	10942
9IA2	2	4829	10942	10942
9KN3	2	4829	10942	10942
9EJ6	3	4829	4829	4829
8VM1	1	4829	4829	4829
9EJ1	3	4830	4830	4830
9EJ4	3	4830	4830	4830
9EJ5	3	4830	4830	4830
9EIZ	3	4830	4830	4830
9EJ2	3	4830	4830	4830
9EJ3	3	4830	4830	4830
9EJ0	3	4830	4830	4830
8VY5	2	4830	4830	4830
9EIY	4	4830	4830	4830
9EIV	4	4830	4830	4830
9EIW	4	4830	4830	4830
9EIX	4	4830	4830	4830
8RR5	1	4832	4832	4832
9IQR	1	4839	4839	4839
8ZDK	30	4840	4840	4840
8ZDI	9	4840	4840	4840
8ZDM	30	4840	4840	4840
8ZDH	9	4840	4840	4840
9L1S	3	4842	8655	9972
9D2A	4	4845	4845	4845
9D29	4	4845	4845	4845
9D28	4	4845	4845	4845
9H1P	12	4846	4846	4846
8ZVY	6	4847	4847	4847
9JKC	7	4849	4849	4849
9NJR	6	4852	4852	4852
8Z4Q	3	4853	4853	4853
8Z4S	1	4853	4853	4853
8Z4R	4	4853	4853	4853
9DMK	7	4855	6410	9949
9DMQ	7	4855	6410	8851
9DMH	5	4855	5872	6410
8RU6	3	4855	4855	4855
9DMT	7	4855	5872	8240
9DMS	21	4855	6404	9145
9DMV	7	4855	6410	9979
9DML	9	4855	6410	8977
9DMJ	9	4855	6410	9949
9DMG	5	4855	5872	6410
9D1V	12	4856	4856	4856
9E36	3	4857	4857	4857
9E35	3	4857	4857	4857
9E38	4	4857	4857	4857
9E37	3	4857	4857	4857
9E32	3	4857	4857	4857
9E33	3	4857	4857	4857
9E34	3	4860	4860	4860
9AWJ	5	4862	5846	6409
9AVV	5	4862	5846	6409
8XGB	1	4863	4863	4863
8YH4	4	4866	4866	4866
9JEN	2	4866	4866	4866
9JT8	3	4866	4866	4866
9OFJ	6	4871	4871	4871
9OFH	6	4871	4871	4871
8XV3	2	4873	4873	4873
9JA8	2	4873	4873	4873
8XPF	3	4875	4875	4875
8ZMZ	1	4875	4875	4875
8XP6	1	4875	4875	4875
9D8Q	3	4877	4877	4877
9UCP	1	4881	4881	4881
9MS4	24	4887	4887	4887
9B14	24	4888	4888	4888
9B05	24	4888	4888	4888
8XUD	8	4888	30594	30594
9Z2F	24	4888	4888	4888
9B04	24	4888	4888	4888
9Z2D	24	4888	4888	4888
9B16	24	4888	4888	4888
9LBN	4	4889	9169	9169
9AY4	30	4890	4890	4890
9AY3	18	4890	4890	4890
9JDU	2	4891	4891	4891
8YL2	24	4892	4892	4892
9GIF	3	4895	4895	4895
9GID	1	4895	4895	4895
9GIC	3	4895	4895	4895
9GIE	2	4895	4895	4895
8RON	4	4896	4896	4896
9L63	2	4899	4899	4899
8YEE	3	4899	4899	4899
9L62	2	4899	4899	4899
9L6E	2	4899	4899	4899
9L65	2	4899	4899	4899
9L64	2	4899	4899	4899
9B0U	24	4900	4900	4900
9B0T	24	4900	4900	4900
8VDV	1	4904	4904	4904
9BJ6	4	4905	4905	4905
9BJ5	4	4905	4905	4905
8VBO	2	4909	9756	9756
8ZN5	12	4910	4910	4910
8XTT	1	4911	4911	4911
9GH7	1	4912	4912	4912
8YSM	1	4916	4916	4916
8YSC	1	4916	4916	4916
8YSU	1	4916	4916	4916
8YSI	1	4916	4916	4916
8YSJ	1	4916	4916	4916
8YSG	1	4916	4916	4916
8YSS	1	4916	4916	4916
8YSE	1	4916	4916	4916
8YSK	1	4916	4916	4916
9HCO	3	4917	9346	10036
9DYQ	6	4919	4919	4919
9J3J	1	4924	4924	4924
9HTH	2	4924	4924	4924
9J3L	3	4924	4924	4924
9J3M	1	4924	4924	4924
9NXX	4	4926	4926	4926
9OFG	6	4928	4928	4928
9KYU	6	4933	8556	9320
8XHU	3	4934	4934	4934
8XKF	6	4934	4934	4934
8XC5	3	4936	4936	4936
9GS4	3	4937	4937	4937
9VQ3	2	4939	4939	4939
8YXN	6	4940	4940	4940
7HZY	9	4941	4941	4941
7I06	9	4941	4941	4941
7I09	9	4941	4941	4941
7I05	9	4941	4941	4941
7I0W	9	4941	4941	4941
7I08	9	4941	4941	4941
7I0Q	9	4941	4941	4941
7I12	9	4941	4941	4941
7I0O	9	4941	4941	4941
7I0K	9	4941	4941	4941
7I11	9	4941	4941	4941
7I0V	9	4941	4941	4941
7I0S	9	4941	4941	4941
7I0P	9	4941	4941	4941
7I0Z	9	4941	4941	4941
7I0U	9	4941	4941	4941
9H3F	6	4941	4941	4941
7I0N	9	4941	4941	4941
7I10	9	4941	4941	4941
7I03	9	4941	4941	4941
7HZX	9	4941	4941	4941
7I0Y	9	4941	4941	4941
7I07	9	4941	4941	4941
7I0L	9	4941	4941	4941
7I0A	9	4941	4941	4941
7HZZ	9	4941	4941	4941
7HZV	9	4941	4941	4941
7I00	9	4941	4941	4941
7I0X	9	4941	4941	4941
7I01	9	4941	4941	4941
7I0I	9	4941	4941	4941
7I0E	9	4941	4941	4941
7I02	9	4941	4941	4941
7I0T	9	4941	4941	4941
7I0M	9	4941	4941	4941
7I0G	9	4941	4941	4941
7I0R	9	4941	4941	4941
7I04	9	4941	4941	4941
7I0C	9	4941	4941	4941
7I0B	9	4941	4941	4941
7I0H	9	4941	4941	4941
7I0J	9	4941	4941	4941
7HZW	9	4941	4941	4941
7I0F	9	4941	4941	4941
7I0D	9	4941	4941	4941
8ZN6	12	4949	4949	4949
9MUH	2	4950	4950	4950
9FIG	3	4953	4953	4953
9NCD	6	4957	8594	8594
9W7G	2	4958	4958	4958
9W7F	2	4958	4958	4958
9FHN	4	4958	4958	4958
8YTA	1	4960	4960	4960
9CA3	12	4961	4961	4961
8RIU	18	4963	5052	7111
9HM8	1	4964	4964	4964
9IA7	1	4964	4964	4964
8YX0	3	4968	4968	4968
9IKY	30	4968	7451	8464
8ZN7	6	4970	4970	4970
9FHO	3	4971	4971	4971
9D7Y	3	4973	4973	4973
8S05	4	4973	16484	16484
9Y65	3	4974	4974	4974
9MLV	3	4974	4974	4974
9MKY	3	4974	4974	4974
9J5V	4	4981	6452	41405
9LSJ	5	4981	5765	9410
9NII	16	4983	7448	7448
9NIG	12	4983	8445	11745
9HY5	3	4984	4984	4984
9HY2	3	4984	4984	4984
9HY3	3	4984	4984	4984
9HY1	3	4984	4984	4984
9II2	6	4985	5775	10633
9II3	4	4985	10633	10633
9G9X	2	4988	4988	4988
8S03	1	4989	4989	4989
8XJY	4	4990	32811	32811
9N9P	4	4993	9991	9991
9W69	2	4993	4993	4993
9LSI	5	4995	5771	9410
9P1M	6	4999	8683	23834
9IM0	3	5004	5004	5004
8XJ6	6	5004	5004	5004
9ILY	6	5004	5004	5004
9IM3	12	5004	5004	5004
9GBG	1	5010	5010	5010
20YR	5	5011	5011	5011
20YS	5	5011	5011	5011
8XLR	2	5012	5012	5012
9G93	11	5012	5012	5012
9ERX	4	5015	25082	45547
9KOX	4	5017	11526	11526
9KOZ	4	5018	5018	5018
9NN9	6	5020	15763	15763
9GSU	8	5022	6494	6494
8XW0	2	5024	5024	5024
9WP3	12	5026	5026	5026
9HI7	6	5026	7207	8170
9JFW	4	5033	12978	46785
8ZCF	4	5033	28377	47452
8ZCE	4	5033	28377	47452
9PZT	12	5034	9216	43718
9PZV	6	5034	9216	43718
9J3N	1	5036	5036	5036
9J3O	1	5036	5036	5036
8VRR	1	5038	5038	5038
8XS0	2	5038	5038	5038
8VRS	4	5038	24372	24372
8XVZ	2	5039	5039	5039
8XVY	2	5039	5039	5039
8ZEU	8	5040	8195	8195
8VXB	3	5040	5040	5040
8VPP	2	5044	5044	5044
8VPN	2	5044	5044	5044
9K92	1	5046	5046	5046
9K93	1	5046	5046	5046
9BWT	2	5048	5048	5048
8ZIW	2	5048	33705	33705
9LSH	5	5049	6220	9410
9SOP	2	5052	5052	5052
9SOS	1	5052	5052	5052
9F7Z	8	5052	5052	5052
9SOQ	2	5052	5052	5052
9U3A	5	5054	5054	5054
9U3K	2	5054	5054	5054
9UUP	5	5054	5054	5054
9MA8	2	5054	5054	5054
9L6I	5	5054	5054	5054
9UTG	5	5054	5054	5054
9HVK	8	5055	5055	5055
9HVL	6	5055	5055	5055
9HVI	8	5055	5055	5055
9D7U	1	5058	5058	5058
9D7X	1	5058	5058	5058
9D7W	1	5058	5058	5058
9OJN	1	5058	5058	5058
9D7V	1	5058	5058	5058
8XRY	2	5065	5065	5065
9II6	4	5066	37393	37393
9N87	1	5067	5067	5067
9N86	1	5067	5067	5067
9QJT	2	5068	5068	5068
9HHE	2	5068	5068	5068
9QJU	2	5068	5068	5068
8VBR	4	5070	9756	9756
9EUY	2	5071	5071	5071
9EUT	2	5071	5071	5071
8YXS	5	5073	5073	5073
8XT5	1	5080	5080	5080
9ISI	1	5082	5082	5082
9IPY	1	5082	5082	5082
9RCC	2	5084	5084	5084
9IQ4	2	5087	5087	5087
9PQI	2	5089	20158	20158
8S50	24	5090	5090	5090
9F47	2	5094	5094	5094
8ZQD	2	5094	5094	5094
9F46	2	5094	5094	5094
9KY2	6	5098	8556	9320
9MS5	12	5098	5098	5098
9UST	4	5099	13731	47065
9IV1	4	5099	11908	47065
8X9U	4	5099	8256	47065
9GNK	3	5099	5099	5099
8X9T	4	5099	8256	47065
8RU7	4	5099	5099	5099
8YFS	4	5099	13731	47065
9HV4	1	5100	5100	5100
9HV5	1	5100	5100	5100
9HUY	4	5100	5100	5100
9HUX	4	5100	5100	5100
9HV0	1	5100	5100	5100
9HV6	1	5100	5100	5100
9HUZ	4	5100	5100	5100
9L8L	4	5105	23373	46322
9L84	4	5105	23681	46322
9CSJ	7	5112	5112	5112
9F3L	12	5113	5113	5113
9F3K	2	5113	5113	5113
9F3M	2	5113	5113	5113
9BBD	6	5115	5115	5115
8RLU	12	5117	7320	8509
8RLT	12	5117	7320	8509
8RLV	12	5117	7320	8509
9BEF	6	5120	5120	5120
9KF2	4	5120	5120	5120
9KF1	3	5120	5120	5120
9JHQ	3	5128	5128	5128
9I52	3	5129	22278	46344
9I54	3	5129	22278	46344
9IQS	1	5130	5130	5130
8VRX	6	5131	5131	5131
8VSY	6	5131	5131	5131
9J4T	3	5132	7416	8489
9F3N	2	5132	5132	5132
9F3I	8	5132	5132	5132
9FMG	5	5132	10048	22185
9F3O	2	5132	5132	5132
9F3J	6	5132	5132	5132
8Z69	12	5133	5133	5133
8ZWG	4	5144	19576	46154
9MTX	3	5146	5146	5146
9E9S	4	5147	11584	46838
9AU0	4	5147	11584	46838
9P92	4	5147	11985	46440
8ZR5	4	5147	16599	42741
9LYC	5	5147	21036	47468
9MKL	24	5147	5147	5147
9BCZ	4	5147	5147	5147
9JKQ	4	5147	21626	46322
9U9V	4	5147	22813	46322
9F06	3	5148	5148	5148
9MTE	3	5149	11832	29079
8S1Z	4	5150	5150	5150
9FYR	3	5152	21026	21678
9FYQ	3	5152	21026	21678
8XWW	1	5155	5155	5155
9YC5	3	5156	9107	9458
9ERV	1	5156	5156	5156
9F7E	6	5161	5161	5161
9B9L	2	5166	5166	5166
9ILD	1	5167	5167	5167
8ZW0	4	5168	19502	46946
8ZVZ	12	5168	19502	46946
8ZRK	4	5168	12320	30819
9VNO	3	5169	5169	5169
9O0L	30	5174	8177	8177
9I7O	3	5176	5176	5176
9I7N	3	5176	5176	5176
8ZJG	5	5177	6427	47452
8YRI	6	5184	5184	5184
8ZCJ	4	5188	8967	37946
8ZOX	3	5190	7134	8426
8XUB	8	5190	7134	7134
9M7Z	4	5192	9942	9942
9BY5	3	5195	5195	5195
9L3S	2	5198	5198	5198
8YIB	2	5198	5198	5198
9L3C	2	5198	5198	5198
9KNW	2	5199	16226	16226
8YW6	2	5199	16226	16226
9KNY	2	5199	16226	16226
8YW8	2	5199	16226	16226
9KNX	2	5199	16226	16226
8YW9	2	5199	16226	16226
8Z5A	2	5203	5203	5203
9M2E	2	5203	5203	5203
9IPA	3	5204	5412	6705
9IPC	9	5204	5412	5490
9IPE	3	5204	5412	5490
9IPD	3	5204	5412	5490
9IPB	2	5204	5923	5923
9IP9	3	5204	5412	6705
9IP7	2	5204	5261	5261
9IP8	3	5204	5412	6705
9KT7	4	5205	16378	47474
9KT9	4	5205	23305	47474
9KT8	4	5205	16378	47474
9CBD	2	5214	5214	5214
8XOR	4	5216	11362	21524
9V59	6	5219	5219	5219
9VP8	1	5219	5219	5219
9OUT	30	5220	5220	5220
9DN5	2	5221	40857	40857
9DKJ	1	5221	5221	5221
9DKE	1	5221	5221	5221
9DJU	2	5221	40857	40857
9DKM	3	5221	40857	40857
9DKH	2	5221	40857	40857
9DJZ	3	5221	40857	40857
9DI3	1	5221	5221	5221
9DLD	3	5221	40857	40857
9DLE	3	5221	40857	40857
9DIU	1	5221	5221	5221
9DMW	3	5221	40857	40857
9DJY	1	5221	5221	5221
9DKD	1	5221	5221	5221
9DK0	2	5221	40857	40857
9DNB	3	5221	40857	40857
9DJ7	3	5221	40857	40857
9DN7	3	5221	40857	40857
9DKX	2	5221	40857	40857
9EJC	4	5223	21768	45292
9WXM	4	5223	7968	46322
8Y02	4	5223	18725	47452
8Y01	4	5223	13186	47452
8XML	4	5223	22221	47452
9NNR	2	5224	5224	5224
9OA7	2	5224	5224	5224
9BSB	4	5226	8519	46916
9IDD	6	5232	5232	5232
9IER	6	5232	5232	5232
9IDJ	6	5232	5232	5232
9IEQ	6	5232	5232	5232
9IDN	6	5232	5232	5232
9ID8	8	5232	5232	5232
9IDV	6	5232	5232	5232
9ID7	6	5232	5232	5232
9IDG	6	5232	5232	5232
9IDI	6	5232	5232	5232
9IEN	6	5232	5232	5232
9IDQ	6	5232	5232	5232
9IEP	6	5232	5232	5232
9IDX	6	5232	5232	5232
9IED	6	5232	5232	5232
9IDM	6	5232	5232	5232
9IE3	6	5232	5232	5232
9IDR	6	5232	5232	5232
9IDH	6	5232	5232	5232
9IEH	6	5232	5232	5232
9IE1	6	5232	5232	5232
9IE7	6	5232	5232	5232
9IEV	6	5232	5232	5232
9ID5	6	5232	5232	5232
9IDL	6	5232	5232	5232
9IEO	6	5232	5232	5232
9IEL	8	5232	5232	5232
9IEG	6	5232	5232	5232
9ID6	6	5232	5232	5232
9IDP	6	5232	5232	5232
9ID1	6	5232	5232	5232
9ID4	6	5232	5232	5232
9IEB	6	5232	5232	5232
9IE0	6	5232	5232	5232
9IDK	6	5232	5232	5232
9IE4	6	5232	5232	5232
9IDF	6	5232	5232	5232
9IET	6	5232	5232	5232
9IEM	6	5232	5232	5232
9IDA	6	5232	5232	5232
9IDB	6	5232	5232	5232
9ID3	6	5232	5232	5232
9ID9	6	5232	5232	5232
9IE8	6	5232	5232	5232
9IDC	6	5232	5232	5232
9IEF	6	5232	5232	5232
9IDE	8	5232	5232	5232
9IEK	6	5232	5232	5232
9IDU	6	5232	5232	5232
9IEJ	6	5232	5232	5232
9IE9	6	5232	5232	5232
9IDY	6	5232	5232	5232
9IE2	6	5232	5232	5232
9IES	6	5232	5232	5232
9IEI	6	5232	5232	5232
9IEU	6	5232	5232	5232
9IE5	6	5232	5232	5232
9IDZ	6	5232	5232	5232
9IDT	6	5232	5232	5232
9IEA	6	5232	5232	5232
9IEE	6	5232	5232	5232
9IDS	6	5232	5232	5232
9IEC	6	5232	5232	5232
9IDW	6	5232	5232	5232
9IE6	6	5232	5232	5232
9IDO	6	5232	5232	5232
8ZBE	4	5233	8967	37946
9EZJ	12	5234	5234	5234
8RSC	6	5236	5236	5236
8RSB	6	5236	5236	5236
9BOQ	12	5239	5239	5239
8VKU	6	5239	5239	5239
8VOV	6	5239	5239	5239
8VLS	12	5239	5239	5239
9FBE	6	5240	5240	5240
9N3E	2	5242	5242	5242
9YC6	3	5242	9107	9458
9N3D	1	5242	5242	5242
9N3F	1	5242	5242	5242
9ID2	6	5243	5243	5243
9CM7	4	5245	13206	39599
8RS9	6	5245	5245	5245
9NS9	4	5245	13206	39599
8XXS	2	5247	5247	5247
8RR2	6	5248	5248	5248
8Z61	1	5253	5253	5253
8Z5J	1	5253	5253	5253
8Y0P	2	5253	5253	5253
9F9T	28	5253	16464	24448
8Z10	1	5253	5253	5253
8Y0G	1	5253	5253	5253
8Z0U	1	5253	5253	5253
8Y14	1	5253	5253	5253
9PQS	3	5256	5256	5256
8VQ8	12	5258	9715	10017
9BFC	1	5258	5258	5258
9BAW	2	5258	20472	20472
9B4Y	1	5258	5258	5258
9GLF	3	5258	5258	5258
9EMX	12	5263	5263	5263
9KZT	6	5263	8385	8385
9OUW	16	5264	5264	5264
9OUU	30	5264	5264	5264
8XVC	18	5264	5264	5264
8XVD	20	5264	5264	5264
9PQH	2	5270	20158	20158
9HMZ	8	5272	5272	5272
9LRH	9	5274	5274	16739
9NNQ	2	5277	5277	5277
8ZH5	1	5282	5282	5282
9GL7	3	5283	5283	5283
9FQS	3	5283	5283	5283
9GL8	3	5283	5283	5283
9FQP	3	5283	5283	5283
9LW5	15	5285	13450	45547
9GBU	6	5286	5286	5286
8RYH	3	5290	5290	5290
9G3W	4	5295	5295	5295
9WP5	2	5302	5302	5302
9VIQ	15	5304	5304	5304
9D9W	42	5306	13854	13854
9P02	6	5307	5307	5307
9P07	6	5307	5307	5307
9P01	6	5307	5307	5307
9P00	18	5307	5307	5307
9OX9	6	5307	5307	5307
8RH3	12	5311	5311	5311
9LNZ	6	5313	5313	5313
9LN2	4	5313	5313	5313
8VYY	6	5316	5316	5316
9VIX	15	5316	5316	5316
9JGZ	2	5318	5318	5318
8Y1O	1	5324	5324	5324
9E6M	4	5324	5324	5324
8Y1P	3	5329	5329	5329
9UES	1	5330	5330	5330
9P9C	8	5333	6536	6536
9P9E	8	5333	6536	6536
9P9F	8	5333	6536	6536
9P9G	8	5333	6536	6536
9P9D	8	5333	6536	6536
9P9B	8	5333	6536	6536
9O48	8	5334	20158	20158
9O5O	8	5334	20158	20158
8ZDN	30	5334	5334	5334
9O53	8	5334	20158	20158
8ZDL	36	5334	6497	7902
9O51	8	5334	20158	20158
9O52	8	5334	20158	20158
8ZEA	30	5334	5334	5334
9QCX	5	5335	6392	16249
9I9I	4	5335	9301	16558
9SKQ	5	5335	6127	16171
9I9K	4	5335	9301	16249
9I9J	4	5335	9301	16249
8YSN	1	5335	5335	5335
9QCV	5	5335	6392	16249
8YSO	1	5335	5335	5335
8YN9	4	5337	6450	39599
8YNA	4	5337	6450	39599
9HAE	4	5344	5344	5344
9HAF	3	5344	5344	5344
9ZRL	4	5345	5345	5345
9D9U	4	5346	10048	10048
9LFL	5	5346	8391	9279
9LHC	15	5348	5348	5348
9LHA	15	5348	5348	5348
9LHB	15	5348	5348	5348
9LH5	15	5348	5348	5348
9LH8	15	5348	5348	5348
9LHD	15	5348	5348	5348
9IIV	15	5348	5348	5348
9LH6	15	5348	5348	5348
9LHE	5	5348	5348	5348
9LH9	15	5348	5348	5348
9IIR	15	5348	5348	5348
8Y45	4	5351	21733	45501
9TB4	12	5355	5355	5355
9KYT	2	5357	5357	5357
9KZ5	2	5357	5357	5357
9KZA	2	5357	5357	5357
9JUU	1	5359	5359	5359
9J6O	1	5359	5359	5359
9JUY	3	5359	5359	5359
9EMW	4	5360	5360	5360
8RKP	3	5362	5362	5362
9GYY	6	5364	5364	5364
9GYZ	6	5364	5364	5364
9MLO	2	5372	5372	5372
9MHS	2	5372	5372	5372
9EFP	4	5375	5375	5375
9OOQ	4	5376	6470	6470
8YT5	3	5376	5376	5376
9OOS	4	5376	6470	6470
9OOT	4	5376	6470	6470
9OOR	4	5376	6470	6470
9ARF	4	5383	6497	6497
9ARE	4	5383	6497	6497
9OOU	4	5383	6497	6497
9BIB	4	5383	6497	6497
9O9B	2	5383	5383	5383
9ARG	4	5383	6497	6497
9ECF	18	5385	5385	5385
9E4Z	8	5392	6668	6668
9E4Y	8	5392	6668	6668
9KZC	3	5395	8385	8385
8Y6B	6	5395	5944	5944
9NX1	5	5396	5396	5396
9VSJ	4	5396	5396	5396
9LSM	1	5397	5397	5397
9LSL	1	5397	5397	5397
9NDS	6	5398	5589	9958
8S4V	3	5399	5399	5399
8S4W	3	5399	5399	5399
8S4X	2	5399	5399	5399
8S60	6	5399	5399	5399
8ZD1	4	5401	22405	47641
9J37	5	5402	5402	5402
9LN7	15	5402	5402	5402
9N7Z	4	5407	5407	5407
9LZF	8	5408	5408	5408
9LZC	8	5408	5408	5408
9LZ7	6	5408	5408	5408
9QTN	10	5408	23880	23880
9LZ6	8	5408	5408	5408
9LZE	8	5408	5408	5408
9LZ9	7	5408	5408	5408
8XOY	3	5408	5408	5408
9LZ5	8	5408	5408	5408
9LZ3	8	5408	5408	5408
9LZ4	8	5408	5408	5408
9LZB	6	5408	5408	5408
9LZA	7	5410	5410	5410
9LZ8	7	5410	5410	5410
9LZD	6	5410	5410	5410
9NX0	15	5411	5411	5411
9E91	2	5413	5413	5413
9IJD	5	5414	22172	47474
9IJE	5	5414	22172	47474
9HBN	12	5422	8876	8876
9MPQ	6	5422	5422	5422
9DLH	1	5424	5424	5424
9DLF	1	5424	5424	5424
9AYI	20	5425	5425	5425
9MYF	6	5425	5425	5425
9UWD	1	5427	5427	5427
9J7H	4	5427	5427	5427
9J7S	4	5427	5427	5427
9WSC	1	5429	5429	5429
8ZMF	1	5432	5432	5432
9DO4	1	5434	5434	5434
8XAR	3	5435	5435	5435
8XB0	3	5435	5435	5435
9GH4	3	5436	5436	5436
9DSF	3	5436	5436	5436
9GH5	6	5436	9626	9626
9G6B	9	5436	6421	16365
9NTO	2	5439	35708	35708
9NTN	4	5439	11362	11362
9F9P	28	5442	17281	24448
9EQE	3	5443	5443	5443
8S3L	3	5443	5443	5443
8S3F	3	5443	5443	5443
9SQJ	12	5443	14042	14042
9SQ9	12	5443	14042	14042
9NGJ	2	5445	5445	5445
9NGM	2	5445	5445	5445
9AVW	6	5447	5447	5447
9B12	6	5447	5447	5447
9B0Z	3	5447	5447	5447
8S4Y	3	5449	5449	5449
9YUD	2	5451	5451	5451
9N5U	3	5452	11217	21924
9N5V	3	5452	11217	21924
8Z9O	3	5457	22794	47641
9Q8N	6	5457	10944	10944
9NSV	4	5458	9593	9593
8W2K	4	5460	5460	5460
8VUG	4	5460	5460	5460
8W1H	4	5460	5460	5460
8VZV	4	5460	5460	5460
9B1Q	4	5460	5460	5460
9AT2	4	5460	5460	5460
8VTQ	4	5460	5460	5460
9B17	4	5460	5460	5460
9CVD	1	5463	5463	5463
9U8C	5	5468	5468	5468
9ESD	12	5469	5469	5469
9ESF	12	5469	5469	5469
9ETV	1	5469	5469	5469
9FON	6	5469	5469	5469
9LYB	4	5469	28884	47468
8VV1	6	5473	5473	5473
9H0A	1	5476	5476	5476
9BAG	6	5479	5479	5479
9DSE	3	5479	5479	5479
8S6N	4	5481	5481	5481
9CQA	4	5481	8357	8357
8XAM	6	5483	5483	5483
9N2E	6	5484	12092	12092
8XJ2	12	5489	5489	5489
9KHI	4	5491	5890	5890
8VZ1	4	5492	5492	5492
9BEX	6	5492	5492	5492
8VYT	8	5492	5492	5492
9RKT	60	5498	5498	5498
7GTK	3	5504	5504	5504
7GTM	3	5504	5504	5504
7GSI	3	5504	5504	5504
7GTO	3	5504	5504	5504
7GTJ	3	5504	5504	5504
7GSY	3	5504	5504	5504
7GU5	1	5504	5504	5504
7GSN	3	5504	5504	5504
7GTX	1	5504	5504	5504
7GUB	1	5504	5504	5504
7GTT	3	5504	5504	5504
7GSL	3	5504	5504	5504
7GS9	3	5504	5504	5504
7GSM	3	5504	5504	5504
7GS8	3	5504	5504	5504
7GTQ	3	5504	5504	5504
7GSJ	3	5504	5504	5504
7GTP	3	5504	5504	5504
7GTA	3	5504	5504	5504
7GSC	3	5504	5504	5504
7GT0	3	5504	5504	5504
7GSF	3	5504	5504	5504
7GSD	3	5504	5504	5504
7GSB	3	5504	5504	5504
7GTW	3	5504	5504	5504
7GTS	3	5504	5504	5504
7GSH	3	5504	5504	5504
7GSE	3	5504	5504	5504
7GU0	1	5504	5504	5504
7GTV	3	5504	5504	5504
7GU9	1	5504	5504	5504
7GTR	3	5504	5504	5504
7GSU	3	5504	5504	5504
7GTH	3	5504	5504	5504
7GU8	1	5504	5504	5504
7GT2	3	5504	5504	5504
7GSO	3	5504	5504	5504
7GT9	3	5504	5504	5504
7GSA	3	5504	5504	5504
7GTD	3	5504	5504	5504
7GST	3	5504	5504	5504
7GTF	3	5504	5504	5504
7GS7	3	5504	5504	5504
7GT7	3	5504	5504	5504
7GU4	1	5504	5504	5504
7GSW	3	5504	5504	5504
7GUA	1	5504	5504	5504
7GSR	3	5504	5504	5504
7GT6	3	5504	5504	5504
7GT8	3	5504	5504	5504
7GTL	3	5504	5504	5504
7GTY	1	5504	5504	5504
7GSQ	3	5504	5504	5504
7GTN	3	5504	5504	5504
7GSX	3	5504	5504	5504
7GTB	3	5504	5504	5504
7GT1	3	5504	5504	5504
7GT5	3	5504	5504	5504
7GTI	3	5504	5504	5504
7GU3	1	5504	5504	5504
7GT4	3	5504	5504	5504
7GT3	3	5504	5504	5504
7GSG	3	5504	5504	5504
7GSK	3	5504	5504	5504
7GU6	1	5504	5504	5504
7GTC	3	5504	5504	5504
7GTU	3	5504	5504	5504
7GSV	3	5504	5504	5504
7GU2	1	5504	5504	5504
7GUC	1	5504	5504	5504
7GSZ	3	5504	5504	5504
7GTE	3	5504	5504	5504
7GU7	1	5504	5504	5504
7GU1	1	5504	5504	5504
7GTZ	1	5504	5504	5504
7GTG	3	5504	5504	5504
9V9O	4	5507	5507	5507
9FRC	1	5509	5509	5509
9FPC	1	5509	5509	5509
9JW0	6	5514	19551	19551
8XCI	3	5517	5517	5517
8YJN	1	5518	5518	5518
8ZPU	2	5522	5522	5522
9BZB	3	5527	5527	5527
8YZK	4	5528	8194	8194
9BHX	1	5528	5528	5528
9R0W	5	5529	5529	5529
9CYQ	3	5531	5531	5531
9MRH	4	5539	5539	5539
9SMQ	3	5543	5543	5543
9F85	3	5546	5546	5546
9F84	3	5546	5546	5546
9CYP	3	5548	5548	5548
9VWB	3	5548	5548	5548
9NR8	6	5549	23356	23635
9CYO	3	5552	5552	5552
8RZ0	12	5553	5553	5553
9XB4	3	5554	5554	5554
9VDG	4	5555	5555	5555
8VYX	4	5556	5556	5556
8W07	12	5556	5556	5556
8VZQ	4	5556	5556	5556
8VZ0	8	5556	5556	5556
8VZP	4	5556	5556	5556
8W03	12	5556	5556	5556
9N1S	1	5556	5556	5556
9BWA	6	5556	5556	5556
9EZA	12	5559	8847	8847
9AYK	1	5562	5562	5562
9AYH	1	5562	5562	5562
9AYG	1	5562	5562	5562
9AYJ	1	5562	5562	5562
9AYL	1	5562	5562	5562
9LO7	2	5563	5563	5563
8YLC	2	5563	5563	5563
8ZQU	2	5563	5563	5563
8ZQ1	2	5563	5563	5563
8ZQ2	2	5563	5563	5563
8ZQW	2	5563	5563	5563
9LP6	3	5565	5565	5565
9NIU	7	5565	5565	5565
9CB9	2	5566	7410	7410
9CBA	1	5566	5566	5566
9KBX	6	5573	18550	18550
9CYR	3	5575	5575	5575
9MQF	1	5575	5575	5575
9J1H	2	5580	5580	5580
9J1I	2	5580	5580	5580
8YUN	12	5581	5581	5581
9J8I	4	5583	5583	5583
9M3W	6	5589	5589	5589
8ZH8	5	5589	10128	46322
9M3Y	6	5589	5589	5589
9M3V	6	5589	5589	5589
9M3X	6	5589	5589	5589
9Z75	3	5595	5595	5595
9M66	7	5598	5598	5598
9FIE	12	5600	5600	5600
9QWD	4	5600	5600	5600
9QWC	3	5600	5600	5600
9QWE	3	5600	5600	5600
9FID	3	5600	5600	5600
9QWB	3	5600	5600	5600
9QWG	3	5600	5600	5600
9QWF	3	5600	5600	5600
9I25	2	5611	7073	7073
9O9C	2	5611	5611	5611
9JLC	4	5613	22526	47641
8XQE	5	5613	22347	47452
9EGO	4	5613	24203	46994
8XQF	4	5613	22347	47452
9IPV	4	5613	22982	46846
8Y6W	4	5613	11527	45732
9J0B	4	5613	23400	37946
9BQJ	4	5613	18857	46994
9JFY	4	5613	23256	46846
9J0I	4	5613	23400	37946
9PLO	4	5613	6424	45547
9B54	4	5613	24203	46994
9B65	4	5613	24203	46994
9BUY	4	5613	23416	46994
8Z7J	5	5613	22347	47452
9XMY	12	5615	5615	5615
9C7H	12	5617	7598	41668
9JF7	3	5619	5619	5619
9BY4	1	5619	5619	5619
9BY6	1	5619	5619	5619
9FDL	9	5620	5620	5620
9RCP	12	5620	5620	5620
9HFP	1	5620	5620	5620
9RCR	8	5620	5620	5620
9RCQ	12	5620	5620	5620
9RCO	12	5620	5620	5620
9H66	12	5623	5623	5623
9H65	2	5623	5623	5623
9Y9W	18	5624	5624	5624
8VUU	8	5624	8786	10052
9YBQ	6	5624	5624	5624
9UNK	4	5627	6520	6520
9UN2	4	5627	6508	6508
9F7O	2	5628	5628	5628
9EOL	2	5628	5628	5628
9F7V	2	5628	5628	5628
9CQY	12	5633	9601	9601
9CJD	4	5633	9601	9601
9CTZ	12	5633	9601	9601
9HBC	12	5633	7819	7819
9CQZ	12	5633	9601	9601
9CJE	4	5633	9601	9601
9CJB	4	5633	9601	9601
9CU0	18	5633	9601	23497
8RHP	48	5633	9601	23497
9CU2	36	5633	9601	23497
9CQX	12	5633	9601	9601
9CJC	4	5633	9601	9601
9MLY	12	5633	9601	9601
9MM1	12	5633	9601	9601
9MM0	12	5633	9601	9601
9HB9	4	5633	8872	8872
9CR0	12	5633	9601	9601
9CU1	36	5633	9601	23497
9MLZ	12	5633	9601	9601
9UN3	4	5635	6513	6513
9FQN	3	5637	5637	5637
9FQC	3	5637	5637	5637
9BA4	2	5637	5637	5637
9FQ5	3	5637	5637	5637
9N0P	4	5640	5640	5640
9N0N	4	5640	5640	5640
9IYP	4	5644	6495	6495
9G2W	2	5648	5648	5648
9G2R	12	5648	5648	5648
9G2U	2	5648	5648	5648
9JNN	4	5649	6519	6519
8XZ6	4	5649	5649	5649
9GR8	4	5649	5649	5649
9OA2	12	5652	19697	19697
9OA1	11	5652	19697	19697
9KGB	3	5652	5652	5652
9BFS	2	5656	5656	5656
9BFP	1	5656	5656	5656
9BFU	2	5656	5656	5656
8VUY	12	5658	6515	6515
9JMA	2	5659	5659	5659
9JN3	2	5659	5659	5659
9UNR	4	5659	6507	6507
8YJO	2	5661	5661	5661
9VXW	1	5667	5667	5667
9FQM	8	5668	5668	5668
8VV0	5	5669	5669	5669
9HGY	1	5670	5670	5670
9HGU	1	5670	5670	5670
9HGV	1	5670	5670	5670
9HGW	1	5670	5670	5670
9HGX	1	5670	5670	5670
9BJS	6	5675	5675	5675
9DXI	6	5678	5678	5678
9BJQ	6	5679	5679	5679
9FWD	4	5681	5681	5681
9BJT	4	5681	5681	5681
9FXD	4	5681	5681	5681
9BJR	6	5683	5683	5683
9UNP	4	5684	6520	6520
9UNQ	4	5684	6525	6525
9BTU	2	5685	5856	5856
9IYQ	4	5688	6523	6523
9ILW	2	5689	5689	5689
9MS6	1	5691	5691	5691
9D0Z	6	5691	5691	5691
9O8Y	12	5693	5693	5693
9O8N	3	5693	5693	5693
8XZ5	1	5694	5694	5694
8ZLD	4	5697	5697	5697
9D16	6	5701	5701	5701
9EBG	6	5706	5706	5706
8ZMG	2	5718	5718	5718
8RZ1	6	5723	5723	5723
8XZ4	1	5724	5724	5724
9GIU	1	5726	5726	5726
9QS7	2	5726	5726	5726
9I1Q	20	5730	8966	9918
9NR7	6	5733	15265	15337
9NR9	6	5733	15265	15337
9NRA	6	5733	15265	15329
8S1M	1	5736	5736	5736
8XZ0	1	5736	5736	5736
9UOO	1	5736	5736	5736
8XIG	3	5738	5738	5738
9QKS	4	5738	5738	5738
9JDM	4	5741	5741	5741
9JEF	4	5741	5741	5741
9JEG	4	5741	5741	5741
9JEE	4	5741	5741	5741
9JE5	4	5741	5741	5741
8S6O	8	5742	5742	5742
9YG1	6	5743	5743	5743
9YG0	6	5743	5743	5743
9M8S	4	5749	5749	5749
9M8N	4	5749	5749	5749
9LU9	7	5750	10991	10991
9LUB	7	5750	10991	10991
9R0V	12	5753	5753	5753
9B9P	10	5755	5755	5755
9BAE	2	5755	6193	6193
9DRA	8	5758	5758	5758
9DR6	8	5758	5758	5758
9DR5	26	5758	5758	5758
9DR8	8	5758	5758	5758
9XB1	2	5762	5762	5762
9UWJ	2	5762	5762	5762
9UWL	2	5762	5762	5762
9UWI	2	5762	5762	5762
9LC1	12	5763	5763	5763
9YF8	12	5763	5763	5763
9EWP	3	5766	5766	5766
9EN5	4	5766	5766	5766
8YTN	3	5767	5767	5767
8YTO	4	5767	5767	5767
8Y5Y	2	5767	5767	5767
8Y5U	2	5767	5767	5767
8Y5X	2	5767	5767	5767
8Y5Z	2	5767	5767	5767
8Y5W	2	5767	5767	5767
9UDU	4	5767	5767	5767
8YTP	3	5767	5767	5767
9B99	3	5768	5768	5768
9CSX	3	5770	5770	5770
9GVY	3	5770	5770	5770
9GVZ	3	5770	5770	5770
9GVX	3	5770	5770	5770
9GW0	1	5770	5770	5770
9HT9	4	5773	5773	5773
9W6W	4	5773	20535	45321
9HTB	12	5773	5773	5773
9L1W	6	5774	20751	20751
9K1D	3	5775	6415	47452
8W3C	3	5777	5777	5777
9YG2	6	5777	5777	5777
9YDM	4	5777	5777	5777
8W3M	3	5777	5777	5777
9T2E	6	5779	5779	5779
9SH5	2	5780	5780	5780
9KAS	2	5784	5784	5784
8YMX	3	5784	5784	5784
9KAT	2	5784	5784	5784
9QX6	3	5788	5788	5788
9S71	1	5788	5788	5788
9S70	1	5788	5788	5788
9RMR	4	5788	5788	5788
8V6L	4	5789	5789	5789
8V6M	4	5789	5789	5789
8V6K	4	5789	5789	5789
8V6O	4	5789	5789	5789
8V6N	4	5789	5789	5789
8S6K	6	5789	5789	5789
9LW9	4	5790	12933	12933
9I8W	1	5790	5790	5790
9I8X	1	5790	5790	5790
9IJM	7	5797	11052	11052
8ZYV	7	5797	11052	11052
8ZYW	7	5797	11052	11052
9CQD	16	5798	8573	8573
9BJ7	24	5804	5804	5804
8S1K	3	5804	5804	5804
8YMW	3	5805	5805	5805
9UDS	8	5807	5807	5807
9UDT	4	5807	5807	5807
8ZYZ	21	5808	11052	11052
8ZZ0	21	5808	11052	11052
8RYE	4	5809	5809	5809
8RYD	4	5809	5809	5809
8RYF	2	5809	5809	5809
8RVY	9	5812	12278	30524
8RVU	9	5812	12278	30524
8VNI	3	5814	5814	5814
8YMS	3	5817	5817	5817
8YMR	3	5817	5817	5817
8YMT	3	5817	5817	5817
8YMU	3	5817	5817	5817
9I1Y	2	5824	5824	5824
8XGO	4	5826	22731	45732
8XGS	4	5826	22731	45732
9K27	4	5826	11987	45732
9K26	4	5826	11987	45732
8XGU	4	5826	22731	45732
8RVV	6	5831	11821	33420
8ZRN	5	5838	5979	5979
8ZRP	5	5838	5979	5979
8ZCI	3	5840	5840	5840
9L9I	1	5849	5849	5849
8W02	6	5851	5851	5851
9LVQ	4	5855	5855	5855
9DHS	8	5856	15443	15443
9DHP	8	5856	15443	15443
9DHR	8	5856	15443	15443
9DHT	8	5856	15443	15443
9DHQ	8	5856	15443	15443
9MP2	3	5858	5858	5858
8XIF	3	5858	5858	5858
9OB7	3	5858	5858	5858
8Y8Y	1	5858	5858	5858
9OB8	3	5858	5858	5858
9MIZ	3	5858	5858	5858
9MIW	3	5858	5858	5858
8VSX	1	5860	5860	5860
8YJ7	26	5864	28553	28553
9BTG	3	5864	5864	5944
9BLR	3	5864	5944	6387
9EWR	6	5866	5866	5866
8ZSA	4	5866	5866	5866
8VZY	4	5868	5868	5868
9D8M	2	5872	5872	5872
9EYH	6	5872	5872	5872
9D8N	2	5872	5872	5872
9UGA	8	5874	5874	5874
9ETD	2	5876	5876	5876
9ETF	2	5876	5876	5876
9ETC	6	5876	5876	5876
9ETG	5	5876	5876	5876
9ETE	6	5876	5876	5876
8S2R	12	5877	8065	8065
8S02	14	5877	8065	8065
8S1T	12	5877	8065	8065
9LDI	1	5877	5877	5877
9LD4	4	5877	5877	5877
9LDH	1	5877	5877	5877
9OMQ	18	5881	5881	5881
9OLJ	18	5881	5881	5881
9PCX	14	5881	8127	15219
9NVD	6	5881	5881	5881
9OKC	18	5881	5881	5881
9OK5	18	5881	5881	5881
9OJU	18	5881	5881	5881
9PDB	18	5881	5881	5881
9NV9	7	5881	5881	5881
9OJR	18	5881	5881	5881
9M4W	4	5881	5881	5881
9O4J	2	5884	6032	6032
8W00	2	5886	5886	5886
9PT3	6	5886	5886	5886
9PSY	6	5886	5886	5886
9PT1	3	5886	5886	5886
9PSW	3	5886	5886	5886
9PT0	3	5886	5886	5886
9PSZ	3	5886	5886	5886
9PSV	6	5886	5886	5886
9J03	4	5887	20180	20180
8RU3	3	5888	5888	5888
8VZZ	2	5888	5888	5888
9LDE	2	5888	5888	5888
9LD3	4	5888	5888	5888
9LZY	4	5890	5890	5890
9KHJ	4	5890	5890	5890
9KHK	4	5890	5890	5890
9LZZ	4	5890	5890	5890
8YHI	3	5892	5892	5892
9UDO	3	5894	5894	5894
9UDN	3	5894	5894	5894
9GAL	48	5895	12037	12147
9GAI	48	5895	12037	12147
9GBA	24	5895	12037	12147
9G87	6	5895	6767	6767
9D8O	6	5896	5896	5896
9DDU	6	5896	5896	5896
9DE1	6	5896	5896	5896
9DF1	6	5896	5896	5896
8VZX	4	5897	5897	5897
9PF2	18	5898	5898	5898
9PFC	18	5898	5898	5898
9LUM	2	5899	7460	7460
9BCB	6	5900	5900	5900
9EI7	1	5901	5901	5901
9EI6	3	5901	5901	5901
8RTN	2	5902	5902	5902
9G4Y	4	5903	5903	5903
9EM9	2	5906	5906	5906
9UDP	3	5910	5910	5910
9UDR	4	5910	5910	5910
9GL6	4	5913	5913	5913
9GKB	4	5913	5913	5913
9M36	4	5913	5913	5913
9G50	4	5913	5913	5913
9LRE	4	5915	6450	46322
9KQY	2	5916	5916	5916
9DFB	2	5916	5916	5916
9PSX	3	5916	5916	5916
9DF8	6	5916	5916	5916
8ZOM	10	5929	7582	40684
8ZNO	10	5929	7582	40684
9PVG	4	5936	5936	5936
9NOM	4	5938	5938	5938
9L3F	12	5939	5939	5939
8ZOS	10	5941	7638	41943
8ZP0	10	5941	7638	41943
8ZOW	10	5941	7638	41943
9M57	4	5942	9757	45577
9M55	12	5942	9757	45577
8ZBJ	4	5945	20714	46846
8ZBI	4	5945	20067	46846
9F3X	8	5948	5948	5948
9F3Y	8	5948	5948	5948
9F3W	8	5948	5948	5948
9LQ3	1	5949	5949	5949
8RTC	2	5966	5966	5966
8RST	3	5966	5966	5966
8RSV	6	5966	5966	5966
8RSU	3	5966	5966	5966
9N3U	3	5968	5968	5968
8XW4	1	5975	5975	5975
9O54	3	5975	8591	9763
9EOI	2	5976	5976	5976
9KBS	2	5982	5982	5982
9PZR	4	5985	6487	6487
9PZQ	4	5985	6487	6487
9PZX	4	5985	36824	43718
9PZW	8	5985	36824	43718
9FP8	4	5985	5985	5985
8VUR	6	5987	6492	8020
9M4N	3	5987	5987	5987
9AZ0	3	5988	5988	5988
9G58	6	5989	5989	5989
9ZQ1	4	5994	5994	5994
9ZPY	4	5994	5994	5994
9ZPV	12	5994	5994	5994
9ZPW	4	5994	5994	5994
9MLP	3	5994	5994	5994
9ZPZ	4	5994	5994	5994
9ZPX	4	5994	5994	5994
9ZQ0	4	5994	5994	5994
9DF2	1	5997	5997	5997
8XUJ	2	5997	5997	5997
9KNL	3	6003	6003	6003
9KNJ	3	6003	6003	6003
9KNK	3	6003	6003	6003
9EL7	2	6004	14603	14603
9EL8	2	6004	14603	14603
9ELA	2	6004	14603	14603
8VGB	4	6005	6005	6005
9B35	12	6006	6006	6006
8S2T	4	6006	23386	46846
9XU9	1	6006	6006	6006
9B38	12	6006	6006	6006
9B39	12	6006	6006	6006
9PR9	4	6008	6008	6008
9O44	6	6010	6010	6010
9O45	6	6010	6010	6010
9O46	2	6010	6010	6010
9L8X	2	6014	6014	6014
9LBM	7	6016	6016	6016
8S6B	1	6016	6016	6016
9S0V	5	6017	6017	6017
9VAK	4	6020	6020	6020
9WFH	2	6020	6020	6020
9S3Z	4	6020	6326	6326
8VGA	4	6021	6021	6021
9F7B	3	6036	6036	6036
8XQD	2	6037	6037	6037
9O43	6	6038	6038	6038
9O41	6	6038	6038	6038
9O42	6	6038	6038	6038
9DF4	3	6040	6040	6040
9DF3	3	6040	6040	6040
9S3Q	4	6041	6326	6326
9S41	6	6041	6326	8087
9QW7	2	6045	6045	6045
9U93	18	6048	8259	8259
8XCD	3	6052	9000	15736
9KPS	4	6054	12580	22747
9V0I	1	6058	6058	6058
9UNS	3	6058	6058	6058
9IZE	3	6059	6059	6059
9IZO	1	6059	6059	6059
9C55	3	6063	6063	6063
9C56	3	6063	6063	6063
9C54	3	6063	6063	6063
9MZK	4	6066	6066	6066
9C5Z	4	6066	6066	6066
9MZL	4	6066	6066	6066
9C5Y	4	6066	6066	6066
9MZI	4	6066	6066	6066
9C60	4	6066	6066	6066
9MZJ	4	6066	6066	6066
9MZM	4	6066	6066	6066
9MZP	4	6066	6066	6066
9CAZ	4	6066	6066	6066
9DXS	4	6067	6067	6067
9IMV	24	6067	10750	10750
9N4R	12	6067	6067	6067
9DXR	4	6067	6067	6067
9N4M	4	6067	6067	6067
9ILP	24	6067	10750	10750
9N4N	12	6067	6067	6067
9DXQ	4	6067	6067	6067
9N4O	4	6067	6067	6067
9N4L	4	6067	6067	6067
9DXT	4	6067	6067	6067
9KR0	3	6070	6070	6070
9KR1	1	6070	6070	6070
8VLV	6	6071	6071	6071
8VLG	2	6071	6071	6071
9IVZ	1	6071	6071	6071
8VKJ	6	6071	6071	6071
8VLY	2	6071	6071	6071
8VLU	6	6071	6071	6071
9IXH	1	6071	6071	6071
8VLI	6	6071	6071	6071
9HX8	1	6072	6072	6072
9IXW	1	6072	6072	6072
9KR2	3	6074	6074	6074
9KR3	3	6074	6074	6074
9KQZ	3	6074	6074	6074
8ZIY	3	6078	33705	34649
8XWQ	4	6080	21598	46994
8ZRZ	5	6080	6080	6080
8XWP	4	6080	21598	46994
9V6O	4	6081	22592	46846
9W49	4	6081	23101	46846
9DYT	6	6088	6088	6088
9LVA	1	6088	6088	6088
9G59	6	6088	6088	6088
9E92	6	6088	6088	6088
9DZS	3	6088	6088	6088
9MIE	1	6095	6095	6095
9MIG	1	6095	6095	6095
9MGY	1	6095	6095	6095
9RMS	8	6097	11075	11075
9RMW	24	6097	11075	11075
9QPW	12	6097	6097	6097
9RN7	24	6097	11075	11075
9IGZ	4	6097	6097	6097
9QDN	24	6097	11075	11075
9RN4	24	6097	11075	11075
9CD2	2	6099	6099	6099
8VUS	8	6099	8740	10052
9F5B	3	6106	6106	6106
9V6J	24	6106	6106	6106
9M07	1	6110	6110	6110
9EWS	1	6111	6111	6111
9EWT	2	6111	6111	6111
9HBO	4	6111	6111	6111
9GC4	3	6111	6111	6111
8YK2	2	6113	6113	6113
9RNH	8	6116	11075	11075
9GDV	2	6117	6117	6117
9GC5	2	6117	6117	6117
9GC6	2	6117	6117	6117
9BLQ	4	6120	6120	6120
8ZTM	6	6123	6123	6123
8ZTG	2	6123	6123	6123
8ZTK	2	6123	6123	6123
8ZTI	2	6123	6123	6123
8ZTE	2	6123	6123	6123
8ZTH	2	6123	6123	6123
8ZTL	2	6123	6123	6123
8ZTJ	2	6123	6123	6123
8ZTN	2	6123	6123	6123
8ZVF	2	6123	6123	6123
8VQJ	6	6125	9993	10789
9BUO	24	6125	9993	10775
8ZJC	10	6126	8093	41793
8YIN	10	6126	8093	41793
8YHQ	10	6126	8093	41793
8YIO	10	6126	8093	41793
8ZMT	10	6126	8093	41793
8YIL	10	6126	8093	41793
8VO2	3	6127	6127	6127
8VO3	3	6127	6127	6127
9O6C	6	6127	6127	6127
9L42	4	6127	23800	46012
9N45	12	6133	6133	6133
9N43	12	6133	6133	6133
8VO1	3	6133	6133	6133
9F2K	3	6134	6134	6134
8W0K	6	6135	6135	6135
9C8B	6	6135	6135	6135
9D7L	6	6135	6135	6135
9C8A	6	6135	6135	6135
8XZH	4	6136	13696	47468
8Y7L	6	6139	6139	6139
9D3V	1	6141	6141	6141
9D3W	1	6141	6141	6141
9M5V	4	6145	6145	6145
9UNM	4	6150	6515	6515
8ZG5	1	6151	6151	6151
9M8V	4	6155	19585	45732
9GYO	4	6155	19394	46440
9HAN	6	6158	6361	6361
8S81	6	6160	6160	6160
8ZIS	6	6162	6162	6162
9NWM	12	6162	6162	6162
9UNO	4	6166	6501	6501
8ZG0	1	6166	6166	6166
8ZG1	1	6166	6166	6166
8ZGV	1	6166	6166	6166
9UNJ	4	6166	6501	6501
8ZGW	1	6166	6166	6166
9KTI	10	6168	6168	6168
9UYJ	4	6170	8764	23861
9UYL	4	6170	8764	23861
9UYH	4	6170	8764	23861
9M53	4	6170	6170	6170
9UYI	4	6170	8764	23861
9GL9	3	6170	6170	6170
9UYN	3	6170	8854	23752
8ZI4	3	6172	33705	34649
8ZIV	3	6172	33705	34649
8VUN	8	6173	9555	9632
9UNN	4	6173	6496	6496
8VUT	8	6173	9555	9632
9GI9	1	6177	6177	6177
9FRD	3	6177	6177	6177
9KL4	1	6177	6177	6177
9C1O	6	6184	6184	6184
8YUT	4	6185	28884	45907
8VUJ	4	6188	6521	6534
8VUH	4	6188	6521	6534
9D95	30	6192	6439	8522
9CBL	3	6192	18237	47468
9CBM	3	6192	18237	47468
9IPL	2	6198	6198	6198
9IKA	2	6198	6198	6198
9IKT	6	6198	6198	6198
9OGK	4	6212	6212	6212
9R52	9	6218	10424	21153
9R5I	6	6218	10424	21153
9R6Z	36	6218	10424	21153
9R51	36	6218	10424	21153
9FZR	3	6220	6220	6220
9FZS	3	6220	6220	6220
9JQ1	1	6221	6221	6221
9EBL	4	6223	6223	6223
8RQP	3	6223	6223	6223
9SSQ	1	6228	6228	6228
9IUL	1	6228	6228	6228
9SSP	1	6228	6228	6228
9SSU	1	6228	6228	6228
9SST	1	6228	6228	6228
9SSS	1	6228	6228	6228
9IUK	1	6228	6228	6228
9SSV	1	6228	6228	6228
9SSR	1	6228	6228	6228
9IUM	1	6228	6228	6228
9NB5	3	6230	6230	6230
8ZJ4	3	6236	33705	34649
9JEO	6	6238	6238	6238
8YFP	2	6238	6238	6238
9DJ9	3	6245	6245	6245
8YKD	5	6248	6361	45547
9OS6	1	6252	6252	6252
9OU9	1	6252	6252	6252
9NGP	1	6252	6252	6252
9NIS	1	6252	6252	6252
9MSS	1	6252	6252	6252
9MST	1	6252	6252	6252
9NJN	1	6252	6252	6252
9NM0	1	6252	6252	6252
9NJ7	1	6252	6252	6252
9NHW	1	6252	6252	6252
9DM8	3	6252	6252	6252
9PMZ	1	6252	6252	6252
9Q0S	1	6252	6252	6252
9MSR	1	6252	6252	6252
9HDG	3	6253	6253	6253
9EXJ	3	6253	6253	6253
9K3H	4	6254	16661	43099
9JED	4	6254	8743	47468
8Y63	4	6254	22547	45547
8ZJD	4	6254	21847	46322
9KVG	4	6254	8140	47065
9KVH	4	6254	8140	47065
9M54	4	6254	23386	46296
8Y53	5	6254	19731	46946
8XXV	4	6254	19885	46946
8ZFC	4	6254	18251	37946
9M2F	4	6254	21231	45017
9M1O	4	6254	13835	45017
8ZFA	4	6254	21750	37946
9JHJ	4	6254	22547	45547
9V1H	4	6254	23386	43099
8Y62	4	6254	22547	45547
8Z65	4	6254	18893	37946
9XQC	4	6254	20944	47106
8Z3M	4	6254	18893	46946
9M0R	4	6254	18190	45017
8ZPS	4	6254	11987	43099
8XYD	4	6254	23527	47065
9V0X	4	6254	11987	43099
8Z3Q	4	6254	18893	37946
8ZPT	4	6254	11987	43099
9JMC	4	6254	22941	46946
8Z3Y	4	6254	18893	37946
8Z68	4	6254	22675	37946
9WPM	5	6254	28884	46946
8ZF9	5	6254	13465	37946
9KVI	4	6254	8140	47065
9IV6	4	6254	18893	37946
9JVG	4	6254	18251	37946
9K3L	5	6254	11985	43099
8ZJE	4	6254	22628	46322
9K3F	4	6254	21113	43099
9K3K	5	6254	11985	43099
9K3P	5	6254	11985	43099
8Y51	4	6254	22468	46946
9JMD	4	6254	22941	46946
8ZF6	4	6254	21750	37946
8VHV	1	6255	6255	6255
9H46	1	6257	6257	6257
9H47	1	6257	6257	6257
9H42	1	6257	6257	6257
9MBA	6	6258	8645	9476
9ATV	9	6261	6261	6261
8XOJ	4	6263	24407	46322
8XOG	4	6263	24407	46322
9NWP	4	6263	6263	6263
8XOI	4	6263	24407	46322
8XOH	4	6263	24407	46322
9NWO	4	6263	6263	6263
9D14	3	6265	6265	6265
9D15	3	6265	6265	6265
9D13	3	6265	6265	6265
9QGP	24	6266	7083	7083
9VJ6	4	6267	16899	45547
9YDV	4	6267	23487	47451
9VNF	4	6267	16899	45547
9VJE	4	6267	16899	45547
9VJF	4	6267	16899	45547
9VJ5	4	6267	16899	45547
9VNY	12	6267	16618	45732
9E7R	4	6267	24265	47468
9VO1	4	6267	16618	45732
9VO0	12	6267	16618	45732
9VNZ	12	6267	16618	45732
9D0A	4	6267	11712	47468
9CGJ	4	6267	22001	47451
9YDU	4	6267	23487	47451
9VMY	4	6267	16899	45547
9VJG	4	6267	16899	45547
9CGK	4	6267	22001	47451
8YKX	4	6269	23979	47452
8YKV	4	6269	23979	47452
8YKW	4	6269	23979	47452
8RWN	6	6270	12278	30524
9PQD	3	6273	6273	6273
9PLN	1	6273	6273	6273
9BS1	1	6276	6276	6276
9CIP	2	6276	6276	6276
9KSN	5	6280	6280	6280
8XMK	3	6282	6282	6282
9VD8	1	6282	6282	6282
9IZA	4	6285	24846	47769
9J8Z	4	6285	24300	47769
9IZC	4	6285	24846	47769
9IZD	4	6285	24300	47769
8XXU	4	6287	20421	46946
8Y73	4	6287	22772	46154
9IXX	4	6287	23031	46322
9IYB	4	6287	25185	46946
8Y72	4	6287	22772	46154
9OOO	4	6287	6287	6287
8Y71	4	6287	20683	43099
9S3O	2	6291	6326	6326
9S3X	3	6292	6292	6292
9FF7	12	6293	6293	6293
9OOP	4	6293	6293	6293
9C6D	6	6294	6294	6294
9LL7	4	6294	22538	47452
9JH3	4	6294	13696	47451
9F5Z	10	6298	10721	41154
9B61	24	6300	11359	11359
9MKZ	3	6300	6300	6300
9B63	24	6300	11359	11359
9B67	24	6300	11359	11359
9B5Z	24	6300	11359	11359
9B6A	24	6300	11359	11359
9B60	24	6300	11359	11359
9B69	4	6300	6300	6300
9B64	24	6300	11359	11359
9B68	4	6300	6300	6300
9GB6	18	6303	6303	6303
9LRC	1	6303	6303	6303
9GB8	18	6303	6303	6303
9NLP	2	6304	9511	9511
9IAE	3	6307	6307	6307
9IGY	4	6307	6307	6307
9FEX	15	6310	6310	6310
9FF2	15	6310	6310	6310
9G2E	15	6310	6310	6310
9FEU	15	6310	6310	6310
9FF1	15	6310	6310	6310
9FEY	15	6310	6310	6310
9FEZ	15	6310	6310	6310
9FEW	15	6310	6310	6310
9FEV	15	6310	6310	6310
9G2D	5	6310	6310	6310
9GCU	18	6312	6312	6312
8XZF	4	6316	13696	47468
8XZJ	4	6316	13696	47468
8Z8A	4	6316	23305	46946
9LR1	5	6316	13696	46946
9LR3	4	6316	13696	46946
8Z9P	4	6316	22794	46946
8Z8B	4	6316	23305	46946
9LR2	7	6316	13696	46946
8XZI	4	6316	13696	47468
8ZBW	3	6317	25022	47641
8RJP	6	6320	6320	6320
8RJU	6	6320	6320	6320
8RJQ	7	6320	6320	6320
8RJM	6	6320	6320	6320
8RJR	7	6320	6320	6320
8RJS	6	6320	6320	6320
8RJT	4	6320	6320	6320
9WQU	5	6321	6321	6321
9JH5	5	6324	22699	45554
9JH6	5	6324	22733	45554
9H68	4	6330	6330	6330
8Z5U	79	6330	12008	26143
8Z5X	90	6330	9240	19306
8Z5S	38	6330	9240	24606
8RJO	7	6337	6337	6337
8RJN	6	6337	6337	6337
8Z5H	3	6339	22675	46946
9WX3	2	6346	6346	6346
8RQI	1	6347	6347	6347
9NCU	18	6350	6350	6350
9CUJ	4	6351	6351	6351
8YIC	3	6351	17172	47009
8ZMD	3	6351	11712	46946
9ITB	4	6351	23612	46946
9CUK	5	6351	6351	20158
8ZFM	5	6355	6355	6355
9G8C	6	6355	6355	6355
8ZFK	5	6355	6355	6355
8ZFL	5	6355	6355	6355
9FBU	3	6356	6356	6356
8XJJ	3	6358	6358	6358
9GCX	18	6360	9347	42164
9LKB	3	6361	29439	47452
9JCQ	4	6361	28884	47889
9JCO	4	6361	28884	47889
8YFO	4	6361	25491	43771
8YG4	4	6361	12334	46923
8X9S	3	6361	8256	47065
9IV2	3	6361	8256	47065
9G8D	6	6363	6363	6363
9RN8	6	6363	6363	6363
9GB0	10	6365	6365	6365
9GAZ	7	6365	6365	6365
9YG3	6	6365	6365	6365
9GAY	7	6365	6365	6365
8XGM	5	6370	7694	47452
8YYW	4	6370	24243	47468
9JKY	4	6370	24846	47769
9IQT	4	6370	16378	47474
9JKS	4	6370	24609	47769
9KFT	4	6370	22872	47709
8YYX	4	6370	24243	47468
8XIO	4	6372	22102	46322
9EBH	4	6372	12370	46508
8XIP	4	6372	22102	46322
8XIQ	4	6372	13465	44321
9KO4	4	6372	23394	43771
9VI9	4	6372	23291	47641
9VIF	4	6372	23291	47641
8XIR	4	6372	22095	37946
9M1H	3	6373	21231	46946
9JCP	4	6373	28884	47889
8Y52	3	6373	19731	46946
8RVX	4	6376	6376	6376
9LDZ	3	6376	29506	47468
9LL9	3	6379	22538	47452
9LLB	3	6379	22538	47452
9LLA	3	6379	22538	47452
9AZ8	6	6382	6382	6382
9B07	7	6382	6382	6382
9B2Y	6	6382	6382	6382
8XOF	4	6385	24407	46322
9QUB	6	6391	9070	36479
9QUW	6	6391	9070	36479
9RP2	2	6398	6398	6398
9HHD	3	6403	6403	6403
9HH7	3	6403	6403	6403
9HHC	3	6403	6403	6403
9RP0	2	6405	6405	6405
9RP1	2	6405	6405	6405
9OJL	16	6412	6412	6412
9ER4	2	6414	6414	6414
9F4I	2	6414	6414	6414
9QZT	4	6414	6414	6414
9L3Y	4	6415	12144	47452
9L3W	4	6415	24457	47452
9K1C	3	6415	19687	47452
8VLQ	12	6418	6418	6418
9LL8	3	6418	22538	47452
9IUZ	2	6422	6422	6422
9NB8	6	6423	15094	34451
8YK0	4	6424	10944	47641
9DYD	3	6424	19032	45547
9DYE	3	6424	19032	45547
9H8T	11	6424	9494	41835
9KY1	4	6425	26315	26315
9KXU	2	6425	26315	26315
9KXT	2	6425	26315	26315
9KXW	2	6425	26315	26315
9KY0	4	6425	26315	26315
9KXY	4	6425	26315	26315
9KXZ	4	6425	26315	26315
9KXV	2	6425	26315	26315
9IJ9	3	6430	28872	47065
9EPP	9	6430	22036	47468
9EPQ	9	6430	22036	47468
8Z9X	2	6432	6432	6432
9Y4S	8	6433	6433	6433
9Y9Y	8	6433	6433	6433
9CG3	10	6435	9490	41788
9HZL	12	6435	9490	41788
9EPR	3	6436	11147	47452
9JTZ	3	6437	6437	6437
9JZ1	3	6437	6437	6437
9JZP	3	6437	6437	6437
8RBM	7	6439	8922	12039
8RB9	6	6439	10092	12039
8RB8	6	6439	9370	12039
8RBQ	6	6439	10092	12039
9DBR	2	6441	6441	6441
9D2H	6	6442	6442	6442
9IK9	4	6442	22095	42741
9IK8	4	6442	22095	42741
8RIN	6	6446	6446	6446
9GBE	3	6446	6446	6446
9S2T	3	6448	6448	6448
9AVL	4	6449	10255	46964
9JR0	4	6450	10236	45547
9MB9	4	6450	9476	47009
8Z87	3	6450	23305	46946
9DYF	3	6450	19032	45547
8XZG	3	6450	13696	47468
9L60	3	6451	23655	46154
9LAZ	9	6451	12660	17214
9LAY	9	6451	12660	17214
9LB1	9	6451	12660	17214
9VKF	2	6451	6451	6451
9LB0	9	6451	12660	17214
9J0F	3	6452	23400	37946
9ODK	3	6452	22484	46994
9ODJ	9	6452	22484	46994
9ODL	3	6452	22484	46994
8XOS	4	6452	11362	21524
9B0K	8	6455	19377	19377
9AZ4	8	6455	19377	19377
9B03	8	6455	19377	19377
9L76	2	6461	6461	6461
8XC8	2	6465	6465	6465
8XKD	6	6465	6465	6465
8XGX	6	6465	6465	6465
8ZYU	4	6467	9701	21844
8ZYY	4	6467	9701	21844
8ZYT	4	6467	9701	22185
9M0D	4	6467	9701	22048
9SDI	2	6475	6475	6475
9JRY	2	6476	6476	6476
9OSW	4	6480	6480	6480
9OSY	4	6480	6480	6480
9FNH	15	6485	6485	6485
9FNG	6	6485	6485	6485
9FNF	7	6485	6485	6485
9KO2	3	6488	23394	43771
9DZP	6	6491	6491	6491
8XLZ	6	6491	6491	6491
9DZ3	6	6491	6491	6491
9MD9	6	6491	6491	6491
9DZA	2	6491	6491	6491
8XOC	6	6491	6491	6491
9MEB	6	6491	6491	6491
9JQ0	3	6495	6495	6495
9Q1G	24	6496	6496	6496
8XUE	3	6498	6498	6498
8XIN	3	6498	6498	6498
8XHJ	3	6498	6498	6498
8XQZ	3	6498	6498	6498
8XII	3	6498	6498	6498
8XLY	6	6498	6498	6498
8XUG	1	6498	6498	6498
8XR0	3	6498	6498	6498
8XUC	3	6498	6498	6498
8XLX	3	6498	6498	6498
8XU9	3	6498	6498	6498
8XQY	3	6498	6498	6498
8XLW	3	6498	6498	6498
8XIB	3	6498	6498	6498
9MD1	4	6504	19032	45547
9K29	18	6505	6505	11976
8W0R	2	6507	6507	6507
8W0S	2	6507	6507	6507
8Z0F	2	6508	6508	6508
9IUF	18	6512	6512	6512
9JV8	1	6514	6514	6514
8YWG	1	6520	6520	6520
9FZI	6	6521	6521	6521
9Y0E	3	6523	8916	9935
9Y0A	9	6523	8916	9935
9FXL	12	6526	6526	6526
9FXM	12	6526	6526	6526
9O9W	6	6531	6531	6531
9PIA	4	6545	6545	6545
9HX4	10	6545	6545	6545
8RAH	12	6546	6546	6546
9G66	6	6550	6550	6550
9C4L	3	6550	6550	6550
9QCW	6	6554	6554	6554
8VE5	4	6555	6555	6555
8VE6	4	6555	6555	6555
9QCZ	12	6557	6557	6557
9WSW	3	6557	22567	42996
8RUA	6	6557	6557	6557
9WST	3	6557	8618	42996
9G67	6	6557	6557	6557
8RUD	12	6557	6557	6557
9G68	6	6557	6557	6557
8RUE	12	6558	6558	6558
9QCY	12	6560	6560	6560
9QCU	6	6560	6560	6560
8RUF	12	6561	6561	6561
8RUG	6	6561	6561	6561
9GCB	7	6562	6562	6562
9QCT	12	6566	6566	6566
9M20	1	6568	6568	6568
9M21	3	6568	6568	6568
9MXS	2	6572	6572	6572
9MXQ	2	6572	6572	6572
9MXR	2	6572	6572	6572
9MXT	4	6572	6572	6572
9EQH	3	6578	6578	6578
8XHO	2	6580	6580	6580
9GO9	4	6580	6580	6580
9NWU	12	6586	6586	6586
9C68	4	6592	6592	6592
9IJS	6	6596	6705	8964
9IJR	6	6596	6612	8964
9CJL	12	6598	6598	6598
9CJK	8	6598	6598	6598
8RXU	9	6600	6600	6600
9EVF	6	6600	6600	6600
8RV0	3	6600	6600	6600
9ERQ	8	6600	6600	6600
8RVM	3	6600	6600	6600
9AZ2	16	6602	6602	6602
9BWS	2	6612	6612	6612
8YA7	1	6614	6614	6614
8YA6	1	6614	6614	6614
8YB4	2	6616	6616	6616
8VU9	6	6617	10207	10207
8ZXC	1	6618	6618	6618
9C09	2	6624	6624	6624
9C07	2	6624	6624	6624
8VUM	6	6628	10207	10207
8VUF	4	6628	10207	10207
8W3T	3	6631	6631	6631
9MXB	6	6634	10207	10207
8VUB	6	6634	10207	10207
9IBR	1	6640	6640	6640
9HJ1	2	6643	16218	16218
9HIW	2	6643	16218	16218
9HIU	2	6643	16218	16218
8XOX	3	6648	6648	6648
8YGX	3	6648	6648	6648
9CJ0	3	6648	6648	6648
8V8P	8	6649	6649	6649
9GFE	3	6651	6651	6651
8V8L	2	6651	6651	6651
9GFI	3	6654	6654	6654
9BSN	2	6660	6660	6660
9BYI	2	6660	6660	6660
9LSO	3	6665	6665	6665
9LSN	3	6665	6665	6665
9EID	3	6668	6668	6668
9EIF	6	6668	6668	6668
9EIA	6	6668	6668	6668
9D7Z	12	6670	6670	6747
9BF2	9	6675	6675	6675
9BEZ	3	6675	6675	6675
9BS5	2	6678	6678	6678
9EQ2	7	6682	6764	6764
9HNP	2	6685	6685	6685
9AY2	18	6687	6687	6687
9W1K	4	6688	6688	6688
9W2C	4	6688	6688	6688
9Z5Q	2	6689	20291	20291
9G8K	2	6690	6690	6690
9G8J	4	6690	6690	6690
9LMZ	3	6692	6692	6692
9BF0	9	6693	6693	6693
8Z22	2	6694	6694	6694
9KAO	2	6700	6700	6700
9DVQ	3	6705	23405	23405
9DVR	4	6705	23405	23405
9EFZ	5	6716	6716	6716
9KAH	24	6718	25090	25090
9KAI	3	6718	6718	6718
8VJ7	4	6721	6721	6721
8VJ6	4	6721	6721	6721
9SGQ	6	6722	6722	6722
9SGP	2	6722	6722	6722
9Y48	1	6723	6723	6723
8V8O	2	6724	6724	6724
9SGS	6	6727	6727	6727
9SGT	2	6727	6727	6727
9N0O	2	6728	6728	6728
9SGN	2	6728	6728	6728
9F81	2	6730	6730	6730
9VMM	4	6731	6731	6731
9SGR	6	6734	6734	6734
9SGO	2	6734	6734	6734
8W1W	12	6735	6735	6735
8W1X	2	6735	6758	6758
8W1Y	12	6735	6735	6735
9DAU	2	6735	6735	6735
9D3X	6	6735	6735	6735
9DCA	2	6735	6735	6735
9SGM	2	6737	6737	6737
9SGY	2	6737	6737	6737
9SGL	2	6743	6743	6743
9K4G	7	6745	6745	6745
9RKR	12	6749	6749	6749
9DB2	16	6753	7316	7316
9WWE	3	6754	6754	6754
9WWF	3	6754	6754	6754
9VDW	12	6757	6757	6757
9GA7	1	6758	6758	6758
9GA8	1	6758	6758	6758
9GA6	3	6758	6758	6758
9NDJ	20	6764	23181	29752
8RAG	12	6768	6768	6768
9OH6	4	6773	6773	6773
9LIJ	1	6776	6776	6776
9LIC	1	6776	6776	6776
9BHD	8	6779	6779	6779
8Z2Z	4	6779	6779	6779
8Z7H	8	6779	6779	6779
9BH4	6	6779	6779	6779
9BHG	4	6779	6779	6779
8Z7O	24	6779	6779	6779
9G5X	4	6780	6780	6780
9G6P	5	6780	6780	6780
9GRE	12	6780	6780	6780
9G5S	4	6780	6780	6780
9G5N	4	6780	6780	6780
9G5W	4	6780	6780	6780
9GRD	4	6780	6780	6780
9G6M	5	6780	6780	6780
9G6N	5	6780	6780	6780
9G6O	5	6780	6780	6780
9R46	3	6780	6780	6780
9XEY	3	6780	6780	6780
9R45	3	6780	6780	6780
9G6L	5	6780	6780	6780
9I79	5	6780	6780	6780
9G61	4	6780	6780	6780
9R47	3	6780	6780	6780
9I7L	5	6780	6780	6780
9IZ2	3	6782	6782	6782
9IZ1	4	6782	6782	6782
9B27	8	6785	19377	19377
9LIN	1	6785	6785	6785
9E6H	4	6786	6786	6786
8Y6H	3	6787	9078	9595
8Y6I	3	6787	9078	9595
8YUD	6	6788	6788	6788
9G18	3	6794	6794	6794
9G17	4	6794	6794	6794
9O4X	9	6796	7866	8238
9EO4	1	6802	6802	6802
9QCJ	9	6802	6802	6802
8XUK	3	6803	6803	6803
9CLP	9	6804	9665	9788
8RTT	6	6807	19822	19822
9BY1	4	6808	10312	10312
9BX9	4	6808	10312	10312
9BZ9	4	6808	10312	10312
9BY7	4	6808	10312	10312
9BYX	4	6808	10312	10312
9BZD	4	6808	10312	10312
9BX2	4	6808	10312	10312
9BZO	4	6808	10312	10312
9BZ5	4	6808	10312	10312
9BYZ	4	6808	10312	10312
9BY3	4	6808	10312	10312
9BZI	4	6808	10312	10312
9BXS	4	6808	10312	10312
9PJD	20	6808	26286	26286
9BZH	4	6808	10312	10312
9BXX	4	6808	10312	10312
9BZ6	4	6808	10312	10312
9BYL	4	6808	10312	10312
9BY8	4	6808	10312	10312
9BZM	4	6808	10312	10312
9BXT	4	6808	10312	10312
9BX3	4	6808	10312	10312
9BZJ	4	6808	10312	10312
9BZ2	4	6808	10312	10312
9BY0	4	6808	10312	10312
9BX8	4	6808	10312	10312
9BZE	4	6808	10312	10312
9PIO	20	6808	26286	26286
9BYC	4	6808	10312	10312
9BYD	4	6808	10312	10312
9BZK	4	6808	10312	10312
9BYW	4	6808	10312	10312
9BX6	4	6808	10312	10312
9BYG	4	6808	10312	10312
9BWX	4	6808	10312	10312
9BYH	4	6808	10312	10312
9BY9	4	6808	10312	10312
9BXC	4	6808	10312	10312
9BYV	4	6808	10312	10312
9BY2	4	6808	10312	10312
9BZF	4	6808	10312	10312
9BYT	4	6808	10312	10312
9BW3	4	6808	10312	10312
9BYY	4	6808	10312	10312
9BYA	4	6808	10312	10312
9BZ3	4	6808	10312	10312
9BXZ	4	6808	10312	10312
9BZA	4	6808	10312	10312
9CN0	3	6812	12945	33046
9ASK	2	6815	6815	6815
9ASJ	2	6815	6815	6815
9BPA	4	6815	6815	6815
9BP9	2	6815	6815	6815
9ASL	4	6815	6815	6815
9BH6	4	6817	6817	6817
9BH7	2	6817	6817	6817
8RIS	3	6822	6822	6822
9MFE	6	6822	6822	6822
8ZX0	2	6840	6840	6840
8RDC	6	6846	6846	6846
9VRS	2	6847	6847	6847
9CLE	3	6847	6847	6847
9CL8	3	6847	6847	6847
9CLG	3	6847	6847	6847
9CLF	4	6847	6847	6847
9VRR	2	6847	6847	6847
9AZ1	3	6850	6850	6850
9QQ6	3	6852	15398	15398
8YK3	2	6855	6855	6855
8YQC	1	6855	6855	6855
9CKQ	1	6861	6861	6861
9UZT	1	6866	6866	6866
8VXE	1	6872	6872	6872
9QCI	12	6874	6874	6874
9HB4	8	6879	7128	8452
8XAU	6	6882	6882	6882
9VZR	1	6887	6887	6887
8ZD4	4	6888	7893	7893
9LSY	4	6888	7893	7893
9HU8	6	6889	20781	20781
8XPV	3	6891	6891	6891
9N6G	4	6892	6892	6892
9I1L	6	6892	20846	20846
9KB9	6	6894	7892	11282
9KB7	2	6894	11282	11282
9KB6	1	6894	6894	6894
9KB8	4	6894	7892	11282
9UZ6	2	6897	6897	6897
9C0R	12	6898	29904	29904
9C0Q	4	6898	29904	29904
9BRH	1	6902	6902	6902
9BRM	1	6902	6902	6902
9BRP	1	6902	6902	6902
9CKS	1	6902	6902	6902
9BRG	1	6902	6902	6902
9CKR	1	6902	6902	6902
9BRF	1	6902	6902	6902
9BRN	1	6902	6902	6902
9BRK	1	6902	6902	6902
9BRO	1	6902	6902	6902
9BRL	1	6902	6902	6902
9BRE	1	6902	6902	6902
9BRJ	1	6902	6902	6902
9CKP	1	6902	6902	6902
9BRI	1	6902	6902	6902
9EMA	6	6910	6996	6996
9EMC	6	6910	6996	6996
9UWN	3	6911	6911	6911
9J7B	4	6913	6913	6913
9LKX	2	6913	34330	34330
9J7A	2	6913	6913	6913
9JCE	1	6913	6913	6913
9C7C	4	6914	7303	7303
9C7P	4	6914	7303	7303
9C7E	4	6914	7303	7303
9C7Q	4	6914	7303	7303
9M6K	12	6916	6916	6916
9UWK	3	6918	6918	6918
9UWO	3	6918	6918	6918
9UEQ	2	6921	6921	6921
9L0F	6	6923	6923	6923
9AZQ	8	6925	19377	19377
9C7R	4	6927	7303	7303
8VGM	8	6928	9717	10044
8VGL	8	6928	8881	9859
8W0P	9	6942	6942	29040
8YQA	1	6943	6943	6943
8YP1	4	6950	6950	6950
9FAY	3	6951	6951	6951
9FAL	3	6951	6951	6951
9FA3	3	6951	6951	6951
9FB2	3	6951	6951	6951
9FAD	1	6951	6951	6951
9FDI	3	6951	6951	6951
9FAZ	3	6951	6951	6951
9FA6	3	6951	6951	6951
9OH7	12	6962	6962	6962
8YTK	2	6962	6962	6962
9HPF	2	6964	6964	6964
9HPC	8	6964	6964	6964
9HPE	6	6964	6964	6964
9HPD	6	6964	6964	6964
9HPO	12	6968	7128	7128
9J8C	1	6968	6968	6968
9J8D	1	6968	6968	6968
9J8B	1	6968	6968	6968
9CKO	3	6969	6969	6969
9N54	1	6972	6972	6972
9CFT	1	6972	6972	6972
8VPR	1	6972	6972	6972
9NZ1	1	6972	6972	6972
9YY4	1	6972	6972	6972
9Y7K	1	6972	6972	6972
9PYR	1	6972	6972	6972
9YTZ	1	6972	6972	6972
8VPU	1	6972	6972	6972
9MIK	1	6972	6972	6972
9Y0R	3	6972	6972	6972
9HPK	24	6974	6974	6974
9UWS	3	6978	6978	6978
9UWP	3	6978	6978	6978
9UWU	3	6978	6978	6978
9UWT	1	6978	6978	6978
9MFG	12	6988	6988	6988
9KU6	3	6989	6989	6989
9M0I	3	6989	6989	6989
9IT8	3	6989	6989	6989
8Y9X	3	6989	6989	6989
9JMJ	3	6992	24154	24154
8YQB	1	6993	6993	6993
9HPG	2	6994	6994	6994
9UDD	6	6999	6999	6999
9UDE	6	6999	6999	6999
9UDB	2	6999	6999	6999
9BJX	12	7002	7002	7002
8W23	20	7005	7005	7005
8W25	2	7005	7005	7005
8W28	2	7005	7005	7005
8W27	20	7005	7005	7005
9IFV	6	7009	7009	7009
9QFH	24	7010	7010	7010
9P8S	8	7014	7014	7014
9YON	1	7017	7017	7017
9I2P	2	7019	7019	7019
9O60	3	7025	7154	7154
9SDS	2	7026	7026	7026
9QE3	6	7026	7026	7026
9QEX	6	7026	7026	7026
9QGA	6	7026	7026	7026
9QJ3	6	7026	7026	7026
9QJO	6	7026	7026	7026
9GZH	3	7028	7028	7028
9K1Z	2	7031	17059	17059
9K0N	2	7031	17059	17059
9K21	2	7031	17059	17059
9K1X	2	7031	17059	17059
9K1H	2	7031	17059	17059
9K1V	2	7031	17059	17059
9K0O	2	7031	17059	17059
9K0C	2	7031	17059	17059
9K1I	2	7031	17059	17059
9K1B	2	7031	17059	17059
9K1F	2	7031	17059	17059
9QPX	4	7033	7033	7033
8VKR	204	7034	12873	12873
8XP0	18	7034	12873	12873
8XP1	21	7034	12873	54530
9N4Z	204	7034	12873	12873
8VKQ	204	7034	12873	12873
8YJT	204	7034	12873	12873
8VID	6	7034	12873	12873
9N49	6	7034	12873	12873
8VIB	6	7034	12873	12873
9KFD	2	7037	7037	7037
9C08	4	7039	7039	7039
9UBR	12	7041	17839	17839
9VNE	6	7048	12622	12622
9R4P	1	7053	7053	7053
9P8V	8	7054	7054	7054
9H2S	7	7054	7054	7054
9CUW	3	7062	7062	7062
9CUX	3	7062	7062	7062
9KXX	1	7063	7063	7063
9SP7	4	7066	7066	7066
8XQ2	2	7069	7069	7069
8XQ1	2	7069	7069	7069
9DWS	6	7069	7069	7069
8XQ0	4	7069	7069	7069
8XRR	1	7072	7072	7072
9DX5	6	7073	7073	7073
9DX4	5	7073	7073	7073
9R4S	1	7075	7075	7075
9R4Q	3	7075	7075	7075
9R4L	3	7075	7075	7075
9R4U	3	7075	7075	7075
9R4M	3	7075	7075	7075
8XVR	12	7075	7075	7075
9R4T	3	7075	7075	7075
9R4R	3	7075	7075	7075
9R4N	3	7075	7075	7075
9R4K	3	7075	7075	7075
9EMG	6	7077	7077	7077
8RRZ	3	7079	7079	7079
9IY7	1	7079	7079	7079
8RRQ	3	7079	7079	7079
8RGC	4	7083	7083	7083
8RGB	4	7083	7083	7083
8RG9	4	7083	7083	7083
8RGD	4	7083	7083	7083
8RFX	4	7083	7083	7083
8RFW	4	7083	7083	7083
8RFY	4	7083	7083	7083
8RFV	4	7083	7083	7083
8RG8	4	7083	7083	7083
8ZUV	3	7087	7087	7087
9R4O	3	7091	7091	7091
8ZPR	8	7098	7098	7098
8ZRI	8	7098	7098	7098
8ZPJ	8	7098	7098	7098
9GNX	3	7099	7099	7099
9GNN	2	7099	7099	7099
9GNV	1	7099	7099	7099
9DX3	9	7100	7100	7100
9CYS	6	7111	10042	10042
9NN5	1	7121	7121	7121
8S46	2	7125	7125	7125
9J4C	3	7125	8991	9641
8S49	4	7125	7125	7125
8S48	6	7125	7125	7125
8S4B	6	7125	7125	7125
8S47	4	7125	7125	7125
8S45	6	7125	7125	7125
8S4A	2	7125	7125	7125
8S4C	4	7125	7125	7125
9FYJ	8	7129	7129	7129
8VEK	4	7129	7129	7129
9DAI	1	7130	7130	7130
9MS7	6	7131	7131	7131
8XGY	12	7153	7153	7153
8XGT	12	7153	7153	7153
9IVV	1	7153	7153	7153
9KMB	3	7153	7153	7153
9BT3	8	7160	7160	7160
9BT7	6	7160	7160	7160
9BT6	8	7160	7160	7160
9CCK	12	7164	7164	10548
9KRI	1	7167	7167	7167
9KRH	1	7167	7167	7167
9KR7	1	7167	7167	7167
9IAQ	12	7169	7169	7169
8S87	3	7171	7171	7171
9DTG	2	7172	7172	7172
9VDM	1	7173	7173	7173
9VDL	1	7173	7173	7173
9VDK	1	7173	7173	7173
9VDN	1	7173	7173	7173
22TN	2	7193	7193	7193
22RH	6	7193	7193	7193
22WM	6	7193	7193	7193
9XWT	6	7193	7193	7193
9LG2	2	7193	7193	7193
9XVS	2	7193	7193	7193
9XW4	2	7193	7193	7193
22RL	6	7193	7193	7193
9MCX	9	7195	7195	27130
9OUV	3	7195	7195	27984
9MCY	12	7195	7195	27869
9N5P	9	7197	7197	27130
8XUL	1	7200	7200	7200
9IBA	3	7201	7201	7201
9KS5	2	7206	7206	7206
9BHJ	3	7214	7214	7214
9BHK	3	7214	7214	7214
9OQA	1	7214	7214	7214
9BHI	1	7214	7214	7214
8VEM	4	7215	7215	7215
9F9U	3	7216	7216	7216
9KH4	1	7221	7221	7221
9JOH	6	7227	7227	7227
9JOG	6	7227	7227	7227
9JOF	6	7227	7227	7227
8XUA	4	7229	7229	7229
9H0I	2	7232	8256	8256
8RMU	3	7232	7232	7232
9H0H	6	7232	8256	8256
9I4N	3	7232	7232	7232
9S62	3	7232	7232	7232
9JMM	3	7232	22078	22078
8RMV	3	7232	7232	7232
9H0J	6	7232	8283	8283
8RMT	3	7232	7232	7232
9O65	3	7235	15303	21437
9M26	4	7242	7242	7242
9LTY	2	7245	7245	7245
8RS8	12	7245	7245	7245
8YOT	2	7246	7246	7246
9GEK	3	7247	7247	7247
9QEK	1	7250	7250	7250
9ELW	3	7251	7251	26823
9ELU	9	7251	7251	26987
8RXM	3	7258	7258	7258
9GP8	3	7259	7259	7259
9EH6	2	7262	7262	7262
9G69	4	7263	35955	35955
8RR9	3	7266	7266	7266
8S67	3	7266	7266	7266
8RRG	3	7266	7266	7266
8RR7	3	7266	7266	7266
9FDB	3	7266	7266	7266
8RR8	3	7266	7266	7266
8RRE	3	7266	7266	7266
8RRF	3	7266	7266	7266
8RRC	3	7266	7266	7266
9FDC	3	7266	7266	7266
8RRB	3	7266	7266	7266
8RRA	3	7266	7266	7266
9GF1	3	7267	7267	7267
9MK9	2	7267	14697	14697
8RTG	3	7269	7269	7269
8RXI	3	7269	7269	7269
8RTI	3	7269	7269	7269
9B3D	8	7269	19377	19377
9JP3	1	7272	7272	7272
8RXJ	3	7274	7274	7274
8ZYQ	4	7276	7276	7276
8ZYO	12	7276	7276	7276
8ZYP	4	7276	7276	7276
8ZYN	4	7276	7276	7276
9K8V	15	7284	7284	7284
8YMD	1	7284	7284	7284
9NB9	4	7289	19551	29213
8RU4	6	7290	7290	7290
9JP2	1	7294	7294	7294
9JOS	1	7294	7294	7294
8VPO	3	7296	7296	7296
9T1Q	3	7297	7297	7297
9T3Q	3	7297	7297	7297
9T0B	3	7297	7297	7297
9J1W	60	7300	7300	7300
9YV3	3	7304	7304	7304
9J6I	2	7306	7306	7306
9EED	1	7307	7307	7307
9U6G	1	7308	7308	7308
9FJ2	8	7309	7309	7309
9GWT	9	7312	8270	9468
8VHO	2	7316	7316	7316
8VHN	2	7316	7316	7316
8XQV	6	7316	7316	7316
9U6K	1	7319	7319	7319
9T62	6	7321	7321	7321
9KDH	2	7322	7322	7322
9KE3	2	7322	7322	7322
9KDA	2	7322	7322	7322
9KDM	2	7322	7322	7322
9P9V	6	7329	7329	7329
8VHU	6	7332	7332	7332
8Y8R	1	7335	7335	7335
9QQK	2	7335	7335	7335
8Y8Q	1	7335	7335	7335
9SR2	6	7335	7335	7335
9U6H	1	7338	7338	7338
9U6I	1	7338	7338	7338
9I51	6	7345	7345	7345
9KFE	3	7345	7345	7345
9I4V	4	7345	7345	7345
9I53	6	7345	7345	7345
9I1S	4	7345	7345	7345
8VJM	4	7346	11585	11585
8VJL	8	7349	11585	11585
8RBV	3	7351	7351	7351
8Y8S	4	7352	7352	7352
8Y8O	1	7352	7352	7352
8Y8N	1	7352	7352	7352
9F9Z	1	7354	7354	7354
9N9Y	2	7362	13242	13242
8RBU	3	7365	7365	7365
8RH6	9	7365	7365	7365
8RHQ	9	7365	7365	7365
9U6J	1	7369	7369	7369
9U6M	1	7369	7369	7369
9U6L	1	7369	7369	7369
8Y8P	1	7369	7369	7369
9VBL	1	7372	7372	7372
9VBM	1	7372	7372	7372
9DZZ	6	7377	18129	18129
9ELZ	3	7385	7385	26823
9CBP	1	7388	7388	7388
9L26	8	7393	7393	7393
9KY7	11	7393	7393	7393
9KMD	27	7393	7393	7393
9LN9	48	7393	7393	7393
9LO8	66	7393	7393	7393
8XB1	1	7398	7398	7398
9EOB	3	7404	7404	7404
9CBR	1	7407	7407	7407
9LMI	2	7409	7409	7409
9LMG	2	7409	7409	7409
9LMJ	6	7409	7409	7409
9LMH	2	7409	7409	7409
9MAQ	2	7412	7412	7412
9P1C	2	7412	32419	32419
9H6M	6	7412	7412	7412
9MU3	2	7419	7419	7419
8RS4	6	7421	7421	7421
9H6N	6	7423	7423	7423
9JQT	4	7424	9647	22058
9QG1	16	7428	7428	7428
9NTB	9	7431	7431	7431
9JV3	7	7431	7431	7431
9JWJ	12	7431	7431	7431
9K0G	12	7431	7431	7431
9U6Q	1	7435	7435	7435
9INY	3	7438	7438	7438
9FXK	16	7438	7438	7438
9LTB	6	7439	7439	7439
9F13	3	7440	7440	7440
9FVR	4	7442	7442	7442
9MYP	3	7447	7447	7447
9MYL	6	7449	8935	9110
9SKM	36	7452	34733	37160
9SKH	12	7452	34673	37160
9LU2	2	7452	7452	7452
9H8V	2	7457	7457	7457
9GEX	4	7467	7467	7467
8RZU	1	7467	7467	7467
9FZJ	3	7478	7478	7478
9FZH	3	7478	7478	7478
9FZG	3	7478	7478	7478
9G4A	1	7481	7481	7481
9ME3	3	7482	7482	7482
9EJX	1	7482	7482	7482
9ME2	3	7482	7482	7482
9EJS	7	7482	7482	7482
9NNT	3	7483	7483	7483
8YTV	8	7484	7484	7484
8VE9	4	7486	7486	7486
9BEQ	1	7486	7486	7486
9K34	4	7486	7486	7486
9M3L	2	7490	7490	7490
9HL5	3	7492	7492	7492
9NS1	1	7497	7497	7497
9NS0	1	7500	7500	7500
9JS2	3	7503	7503	7503
9JHU	3	7503	7503	7503
9QYX	6	7506	7506	7506
9CC3	6	7506	7506	7506
9CC1	6	7506	7506	7506
9CC0	6	7506	7506	7506
9FET	1	7509	7509	7509
9LUQ	4	7509	7509	7509
9L61	2	7514	7514	7514
8RQ9	4	7515	19401	19401
9KL9	2	7516	7516	7516
9QYW	6	7517	7517	7517
9M8I	2	7524	7524	7524
8RVK	6	7526	7526	7526
9QZ0	6	7527	7527	7527
9QZ1	6	7527	7527	7527
9QYY	4	7530	7530	7530
9JF4	1	7533	7533	7533
9F6C	6	7538	7538	7538
9QYZ	7	7539	7539	7539
9J16	2	7541	7541	7541
9J12	2	7541	7541	7541
9J13	2	7541	7541	7541
9J15	2	7541	7541	7541
9J14	2	7541	7541	7541
9J18	2	7541	7541	7541
9J17	2	7541	7541	7541
9QZ3	7	7549	7549	7549
9LMU	3	7552	7552	7552
8Z2G	2	7554	7554	7554
9QYV	6	7557	7557	7557
9IRD	6	7557	18078	18642
9SZJ	3	7559	7559	7559
8VHR	4	7561	7561	7561
8VHP	20	7561	7561	7561
8VHQ	4	7561	7561	7561
8ZI9	2	7569	19341	19341
9E9E	4	7570	7570	7570
9E9D	4	7570	7570	7570
9PJ2	18	7577	7577	7577
9PJ3	6	7577	7577	7577
9M9P	1	7579	7579	7579
8REJ	2	7579	7579	7579
9QZ2	4	7580	7580	7580
8ZO4	4	7581	7697	7697
9GRN	4	7587	7587	7587
9OLY	4	7588	7588	7588
9ON0	6	7588	7588	7588
8S6C	3	7588	7588	7588
9UKR	6	7593	7593	7593
9V17	4	7593	7593	7593
9V16	4	7593	7593	7593
9UKQ	6	7593	7593	7593
9HIZ	4	7595	7595	7595
8YE8	6	7596	7596	7596
8REF	3	7605	7605	7605
8RCV	3	7605	7605	7605
9FRM	3	7607	7607	7607
9KS9	2	7609	7609	7609
9KRZ	2	7609	7609	7609
9KRY	2	7609	7609	7609
9HTG	3	7613	7613	7613
9LHY	1	7619	7619	7619
9LHW	5	7619	7619	7619
8ZIU	2	7620	19311	19311
8VEL	4	7620	7620	7620
9F31	1	7621	7621	7621
9NCL	3	7624	7624	7624
9NCE	3	7624	7624	7624
9NCG	1	7624	7624	7624
8ZIP	2	7624	19311	19311
9FZF	2	7626	7626	7626
9QDV	8	7629	7629	7629
9HG0	8	7630	7630	7630
9HG1	48	7630	7630	7630
8RY1	8	7630	7630	7630
8RY6	8	7630	7630	7630
8RY5	24	7630	7630	7630
9HFZ	8	7630	7630	7630
8RY7	8	7630	7630	7630
8RY9	8	7630	7630	7630
8RY3	24	7630	7630	7630
8RY4	24	7630	7630	7630
8RYA	12	7630	7630	7630
8RY0	8	7630	7630	7630
9HG2	48	7630	7630	7630
9HG3	24	7630	7630	7630
8RYB	8	7630	7630	7630
8RY8	8	7630	7630	7630
9I0L	8	7634	7634	7634
9I0K	8	7634	7634	7634
9I0M	24	7634	7634	7634
9I8P	3	7634	7634	7634
9HTF	3	7636	7636	7636
9LIG	4	7637	12555	22763
9KQ3	4	7637	12536	22712
9LIH	4	7637	12602	22712
9KPT	4	7637	12602	22747
9B15	6	7640	7640	7640
8YXK	2	7641	7641	7641
9DFV	12	7643	19551	19551
9RCI	6	7645	7645	7645
9RDI	4	7645	7645	7645
8S85	6	7648	7648	7648
8W01	1	7653	7653	7653
8Z25	3	7653	7653	7653
8Z1T	3	7653	7653	7653
8W04	2	7653	7653	7653
8Z1S	6	7653	7653	7653
9LHU	1	7657	7657	7657
9WSV	4	7662	9254	22567
9WSX	4	7662	9254	22567
9ISA	6	7664	7664	7664
8RIR	2	7665	7665	7665
9D40	3	7667	7667	7667
9D4D	3	7667	7667	7667
9D17	3	7667	7667	7667
9D3Y	1	7667	7667	7667
9CSK	8	7672	16554	16554
9K2Y	4	7681	7681	7681
8VI1	2	7692	7692	7692
9E4O	3	7696	13760	24377
9E4N	3	7696	13760	24377
8RR6	1	7697	7697	7697
9IVB	2	7706	7706	7706
9C5F	2	7711	7711	7711
9GXZ	3	7713	7713	7713
9UL0	8	7714	15960	15960
9UB9	6	7714	15960	15960
9UEW	6	7714	15960	15960
9JQL	1	7723	7723	7723
9C4N	1	7727	7727	7727
9FJL	1	7727	7727	7727
8RIT	6	7731	7731	7731
9CDU	2	7735	7735	7735
9CDV	6	7735	7735	7735
9KFF	3	7737	7737	7737
9JC9	1	7737	7737	7737
9N7G	6	7738	7738	7738
9JCA	1	7739	7739	7739
9LMS	3	7744	7744	7744
9C1R	3	7744	7744	7744
9NWX	3	7745	7745	7745
8XHR	3	7746	7746	7746
9H2V	7	7747	7747	7747
9EJJ	6	7749	7749	7749
9EJR	6	7749	7749	7749
9EWX	23	7749	7749	7749
9K1M	1	7749	7749	7749
9BMK	2	7754	7754	7754
9MVX	6	7756	7900	7900
8RBF	4	7760	19985	19985
8XZ2	2	7772	7772	7772
9CFU	5	7790	19527	20398
9CFV	5	7790	19527	20398
9FBS	1	7790	7790	7790
9FBQ	3	7790	7790	7790
9FBR	3	7790	7790	7790
9CFW	5	7790	19527	20398
9CFX	5	7790	19527	20398
9DMU	8	7793	7793	7793
9MUC	8	7797	7797	7797
9H80	13	7797	7797	7797
9MUB	4	7797	7797	7797
8YVV	6	7802	7802	7802
9T6K	3	7825	7825	7825
8RUO	1	7825	7825	7825
9SXJ	3	7825	7825	7825
9T08	1	7825	7825	7825
9T0D	3	7825	7825	7825
9T2V	3	7825	7825	7825
9D92	6	7836	7836	7836
9PY7	3	7845	8317	8317
9XW3	1	7855	7855	7855
8ZML	7	7856	7856	7856
8ZDU	102	7861	7861	7861
8ZDT	33	7861	7861	7861
8ZDS	99	7861	7861	7861
8RBG	1	7873	7873	7873
9T5S	6	7873	7873	7873
8RDX	12	7889	8126	8126
8YL9	3	7900	7900	7900
9OAP	3	7910	9647	14185
9K7B	1	7915	7915	7915
9K7N	1	7915	7915	7915
9CBO	6	7926	7926	7926
9CBV	1	7927	7927	7927
9IGQ	12	7929	7929	7929
9IGR	4	7929	7929	7929
9B44	4	7931	10281	10281
9GYK	3	7937	7937	7937
9EYR	1	7937	7937	7937
9RCG	1	7937	7937	7937
9GYC	1	7937	7937	7937
9FW8	1	7937	7937	7937
9EZ2	3	7937	7937	7937
9GYJ	1	7937	7937	7937
9GYA	3	7937	7937	7937
9GY8	1	7937	7937	7937
9FBF	1	7937	7937	7937
9EZ1	3	7937	7937	7937
9QBN	4	7942	7942	7942
9F7X	3	7943	7943	7943
9F7W	4	7943	7943	7943
9CBQ	1	7943	7943	7943
8RCE	1	7943	7943	7943
8XNA	2	7950	7950	7950
8YTU	9	7961	7961	7961
8S5S	3	7965	7965	7965
9CX3	3	7966	8556	9320
9NFC	3	7968	8116	9528
9NFB	3	7968	8118	9528
9JDB	2	7972	7972	7972
9JDC	2	7972	7972	7972
9OZY	3	7978	7978	7978
8XBK	4	7982	7982	7982
9QK3	1	7982	7982	7982
9QK4	1	7982	7982	7982
9QK5	3	7982	7982	7982
9QK6	1	7982	7982	7982
9HX2	2	7983	7983	7983
9L3Z	3	7985	8367	22263
8ZM5	4	7987	7987	7987
9P16	3	7987	7987	7987
9F56	1	7987	7987	7987
9P17	3	7987	7987	7987
8ZM4	4	7987	7987	7987
8ZM6	4	7987	7987	7987
9GOA	4	7991	7991	7991
9GHL	18	8004	8004	8004
9MNZ	12	8007	22737	24257
9MNX	12	8007	22737	24257
9MNW	4	8007	22737	24257
9MNY	12	8007	22737	24257
9MO0	12	8007	22737	24257
9H2O	6	8011	8011	8011
8YV4	6	8015	8015	8015
9IHL	3	8017	8017	8017
9OAO	3	8018	9735	14185
9CX9	3	8021	8556	9320
9PD2	9	8027	8305	9196
9R5Z	2	8028	8028	8028
9HYD	3	8034	8034	8034
9HW9	1	8035	8035	8035
9L3T	6	8043	8043	8043
9N1X	3	8044	8044	8044
9N1E	3	8044	8044	8044
9N2A	3	8044	8044	8044
9N1A	3	8044	8044	8044
9NH9	3	8044	8044	8044
9H29	6	8051	8051	8051
9H2N	6	8051	8051	8051
9H1T	6	8051	8051	8051
9R6I	3	8052	8052	8052
9IWK	2	8052	8052	8052
9R6K	3	8052	8052	8052
9LRG	1	8053	8053	8053
8VG4	2	8054	8063	8063
8VM0	2	8054	8054	8054
8VLP	2	8054	8054	8054
8VMC	2	8054	8054	8054
8VF7	2	8054	8063	8063
8VLE	2	8054	8054	8054
8VM5	2	8054	8054	8054
8VLO	2	8054	8054	8054
8VM6	2	8054	8054	8054
8VM7	2	8054	8054	8054
9GRH	4	8059	8059	8059
8VVB	4	8060	10100	10100
8VUZ	4	8060	10100	10241
8VMD	2	8063	8063	8063
9D1X	3	8065	8065	8065
9CWN	3	8072	8072	8072
9O9N	1	8072	8072	8072
9CK0	2	8072	8072	8072
9V45	10	8073	8073	8073
9V4F	10	8073	8073	8073
8W3D	12	8074	8074	8074
9C61	6	8085	8085	8085
9GWC	2	8086	8086	8086
9GWX	2	8086	8086	8086
9GZB	2	8086	8086	8086
9GWY	2	8086	8086	8086
9GVT	2	8086	8086	8086
9GW4	2	8086	8086	8086
9GX7	2	8086	8086	8086
9GWB	2	8086	8086	8086
9GX6	2	8086	8086	8086
9GX0	2	8086	8086	8086
9GX1	2	8086	8086	8086
9GWP	2	8086	8086	8086
9GWL	2	8086	8086	8086
9GWR	2	8086	8086	8086
9GX3	6	8086	8086	8086
9GX4	2	8086	8086	8086
9GWN	2	8086	8086	8086
9GZ9	2	8086	8086	8086
9GWS	2	8086	8086	8086
9GWM	2	8086	8086	8086
9GXD	2	8086	8086	8086
9GW8	2	8086	8086	8086
9GZF	2	8086	8086	8086
9GW7	2	8086	8086	8086
9GWF	2	8086	8086	8086
9GW3	2	8086	8086	8086
9GZI	2	8086	8086	8086
9GWG	2	8086	8086	8086
9GFU	2	8086	8086	8086
9GZ8	2	8086	8086	8086
9GWK	2	8086	8086	8086
9GVS	2	8086	8086	8086
9GWQ	2	8086	8086	8086
9GZ7	2	8086	8086	8086
9GX5	2	8086	8086	8086
9GWI	2	8086	8086	8086
9GZA	2	8086	8086	8086
9GWE	2	8086	8086	8086
9GWH	2	8086	8086	8086
9GZC	2	8086	8086	8086
8W38	9	8087	8087	8087
9DOR	5	8098	25242	42054
9GGN	12	8098	28085	28085
9GGL	9	8098	8098	28085
9DOQ	5	8098	25242	42054
9GGM	4	8100	28085	28085
8ZFS	2	8101	8101	8101
9V8E	1	8101	8101	8101
8ZFQ	2	8101	8101	8101
8ZFT	2	8101	8101	8101
9V8D	3	8101	8101	8101
8ZFP	2	8101	8101	8101
9JE3	8	8101	9896	9924
9V8G	3	8101	8101	8101
8ZFO	2	8101	8101	8101
8ZFN	2	8101	8101	8101
9V8H	3	8101	8101	8101
8ZFR	2	8101	8101	8101
9IWO	3	8103	8103	8103
9IWL	3	8103	8103	8103
9IWM	3	8103	8103	8103
9IWN	3	8103	8103	8103
9IWJ	8	8103	8103	8103
9GZE	2	8106	8106	8106
9GC7	4	8106	8106	8106
8W2X	2	8108	8108	8108
9O1K	3	8109	25357	25357
9O1J	12	8109	21153	25357
9O1F	12	8109	21153	25357
9O1G	3	8109	25357	25357
9O1E	3	8109	25357	25357
9O1A	12	8109	21153	25357
9O1B	3	8109	25357	25357
9O1D	12	8109	21153	25357
9YIO	6	8116	9740	9740
9GVP	2	8117	8117	8117
9GX2	2	8117	8117	8117
8RWB	9	8124	9182	10292
8W3B	6	8125	8125	8125
9YY0	6	8127	9938	9938
9QBJ	24	8131	22829	23750
9K0H	6	8132	8132	8132
9HH8	3	8133	8133	8133
9HHA	3	8133	8133	8133
9HGF	3	8133	8133	8133
9HHB	3	8133	8133	8133
9N0Z	3	8141	12010	50280
9MZW	3	8141	12010	50280
9C6B	3	8141	12010	50280
9C7T	3	8141	12010	50280
9BDH	3	8142	9864	26399
8YEL	1	8160	8160	8160
9II9	4	8165	10045	10045
8ZNN	1	8166	8166	8166
9GFF	6	8180	9887	9887
8S6J	3	8180	8180	8180
9OK1	6	8184	8184	8184
9OMX	6	8184	8184	8184
9OON	6	8184	8184	8184
9OM9	6	8184	8184	8184
9OJD	4	8184	8184	8184
9OK2	6	8184	8184	8184
9OMU	6	8184	8184	8184
9OPG	6	8184	8184	8184
9OMW	6	8184	8184	8184
9OMC	6	8184	8184	8184
9OJX	6	8184	8184	8184
9OP2	6	8184	8184	8184
9OOY	6	8184	8184	8184
9OJW	6	8184	8184	8184
9OQ9	6	8184	8184	8184
9OJQ	6	8184	8184	8184
9OLN	6	8184	8184	8184
9OJP	4	8184	8184	8184
9V8F	1	8187	8187	8187
9YTF	3	8188	8478	10133
9BIM	1	8189	8189	8189
9BFI	1	8189	8189	8189
9BFJ	1	8189	8189	8189
9BFK	1	8189	8189	8189
8RPC	3	8193	8193	8193
9D82	9	8193	8193	8193
9T0L	3	8194	8194	8194
9ETI	3	8198	10257	10414
9ETH	9	8198	10257	10414
9PRR	6	8199	8199	8199
9PKF	9	8201	8977	9514
9PKV	9	8201	8660	9190
9PKC	9	8201	8977	9514
9T0M	3	8201	8201	8201
9PIX	9	8201	9260	9541
8XPZ	1	8207	8207	8207
9GFH	8	8207	10525	10525
9M06	6	8213	8213	8213
9EY8	10	8215	8215	8215
9GV1	3	8219	8219	8219
9GTQ	3	8219	8219	8219
9GRO	6	8221	8221	8221
9MSO	4	8221	9637	9637
9GFG	16	8232	11230	11230
9O3Q	1	8234	8234	8234
9CHP	4	8236	8236	8236
9CHR	4	8236	8236	8236
9CHS	4	8236	8236	8236
9CHQ	4	8236	8236	8236
9EY5	1	8248	8248	8248
9EY6	3	8248	8248	8248
9BT4	6	8248	31588	31617
9EY7	1	8248	8248	8248
8YMH	3	8249	8249	8249
9LRA	9	8249	9698	16739
8YMF	3	8249	8249	8249
8YMG	3	8249	8249	8249
8YMI	3	8249	8249	8249
8YME	3	8249	8249	8249
9BCA	4	8250	8250	8250
9BCC	4	8250	8250	8250
9EOP	1	8254	8254	8254
9CD5	6	8254	8254	8254
9EOO	1	8254	8254	8254
9EON	1	8254	8254	8254
9EOM	1	8254	8254	8254
9U94	6	8259	13812	13812
9MPX	2	8260	9833	9833
9T9M	2	8261	9841	9841
8YU8	1	8265	8265	8265
8YT6	1	8265	8265	8265
8YWU	3	8265	8265	8265
8YTL	3	8265	8265	8265
8YT9	1	8265	8265	8265
8YWV	1	8265	8265	8265
9GWZ	24	8270	9468	9468
9ILR	3	8271	8271	8271
9OHX	4	8271	8271	8271
9ILS	1	8271	8271	8271
9CD7	3	8275	8275	8275
9KO5	4	8278	8278	8278
9KO3	4	8278	8278	8278
9LPB	1	8280	8280	8280
8W1L	1	8281	8281	8281
9KFU	3	8283	8283	8283
8XS1	2	8286	8765	8765
8XS2	6	8286	8765	8765
8XLO	4	8291	8291	8291
8XZ7	6	8291	8291	8291
9UHC	2	8291	8291	8291
9UHI	2	8291	8291	8291
8Y22	6	8293	8293	8293
9CF7	3	8296	10580	14185
9EAJ	4	8300	9009	9239
9CCG	6	8300	9505	17417
9BDI	18	8300	9814	26398
9DVB	8	8300	11173	16586
9HAP	4	8300	14771	21378
9DVC	6	8300	11173	16586
9EAH	4	8300	10206	10206
9HB3	4	8300	14771	21378
9EAI	4	8300	9009	9239
8ZKD	3	8301	8301	8301
8YKI	2	8302	8302	8302
9IA4	6	8304	9958	9958
9IA3	6	8304	9958	9958
9U3N	2	8304	8304	8304
9FE1	2	8306	32103	32103
9MI6	3	8311	9688	9806
9IYA	3	8311	9163	22943
9EHS	4	8311	21728	24281
9CRZ	6	8314	8314	8314
8REP	4	8314	8314	8314
8REQ	12	8314	8314	8314
8REN	12	8321	8321	8321
8REO	12	8321	8321	8321
9K0I	1	8331	8331	8331
9K0J	1	8331	8331	8331
9R3E	2	8345	8345	8345
8VS8	32	8346	9571	9712
9DC8	3	8347	8347	8347
9DC9	3	8347	8347	8347
9GNM	2	8350	8350	8350
9GNL	2	8350	8350	8350
9RC4	4	8353	8353	8353
9HZM	60	8355	8355	8355
9HZQ	60	8355	8355	8355
9HZO	60	8355	8355	8355
9HZR	60	8355	8355	8355
9HZN	60	8355	8355	8355
9HZP	60	8355	8355	8355
8RO6	3	8363	8363	8363
8RO7	3	8363	8363	8363
9LMO	3	8367	9184	22418
9U81	3	8367	9191	21482
9LMP	3	8367	9184	22144
9LVB	4	8367	11033	18153
9U80	3	8367	9188	21482
9DQ3	2	8374	9370	9370
9DQ4	2	8374	9370	9370
9N6U	6	8375	9681	9681
9DSS	6	8378	9872	9872
9DSR	2	8378	10075	10075
9DSU	2	8378	9872	9872
9DST	6	8378	10075	10075
9OAQ	3	8380	9573	14340
9OHV	3	8380	8380	8380
9OHU	1	8383	8383	8383
9OHT	1	8383	8383	8383
9OHW	3	8383	8383	8383
9OHY	3	8383	8383	8383
9FXT	4	8388	9492	9492
9FY8	4	8388	9492	9492
8RDF	2	8390	10416	10416
8RDA	2	8390	10220	10220
8VR9	3	8394	8480	10061
8VRB	3	8394	8489	10061
8VRA	3	8394	8484	10061
9YTD	3	8394	8459	10233
9M5B	9	8395	9829	20165
9T2H	1	8396	8396	8396
9T2D	3	8396	8396	8396
9H44	4	8396	8396	8396
9DS3	4	8397	10025	10025
8Z2I	6	8398	8398	8398
9N7K	4	8398	9945	9945
8Z2K	4	8398	8398	8398
8Z2H	6	8398	8398	8398
8Z2J	4	8398	8398	8398
9U7S	6	8400	8400	8400
9U7E	6	8400	8400	8400
8VLC	3	8407	8407	8407
9EB2	3	8410	8410	8410
9FQO	6	8410	9408	9408
22PS	6	8413	9971	12238
9XDG	6	8415	8415	8415
9X0I	6	8415	8415	8415
9XAU	4	8415	8415	8415
9E24	6	8417	8417	8417
9OHZ	4	8417	8417	8417
9QG8	3	8417	8417	8417
9E27	6	8417	8417	8417
9E25	6	8417	8417	8417
9E26	6	8417	8417	8417
9E29	6	8417	8417	8417
8ZCA	6	8418	9914	15971
8Z0H	4	8425	8425	8425
9DZH	4	8428	9682	9682
9DZK	4	8428	9682	9682
9DZJ	6	8428	9682	9682
9PAV	7	8431	8670	25691
9PC6	6	8431	8670	23199
9PAT	7	8431	8670	25691
9WRN	8	8432	10001	10001
9MSN	4	8434	10097	10097
9MXX	3	8436	8436	8436
9GV5	1	8438	8438	8438
9GYI	4	8439	8439	8439
9C96	2	8444	8809	8809
9NIH	2	8445	11729	11729
8VGI	12	8445	10157	32888
9NH3	6	8446	8446	8446
9CQ7	4	8449	9896	11120
9OAR	6	8450	9605	14185
9B7B	8	8452	9944	9947
9AXN	16	8456	8829	8829
8Z4D	34	8458	8458	8458
8Z4G	35	8458	8458	8458
9O5S	12	8459	8459	8459
9LUD	1	8459	8459	8459
9BC9	2	8459	8459	8459
9OI0	3	8467	8467	8467
8Y74	2	8471	8471	8471
9MEG	1	8472	8472	8472
9MEF	1	8472	8472	8472
9MDA	1	8472	8472	8472
9EB3	3	8473	8473	8473
9EB4	3	8473	8473	8473
9EB6	3	8473	8473	8473
9EB5	3	8473	8473	8473
9M01	1	8475	8475	8475
9D74	3	8477	9077	9146
9ASF	3	8477	8477	8477
8VCL	1	8477	8477	8477
9J3V	6	8477	8477	8477
9ASG	1	8477	8477	8477
9UL1	1	8477	8477	8477
9WVE	4	8479	8479	8479
9WVF	4	8479	8479	8479
9UV8	1	8479	8479	8479
9L4H	4	8479	21691	21691
9CR9	4	8479	9042	9042
8XKC	1	8480	8480	8480
8ZCK	6	8480	8480	8480
8ZCM	6	8480	8480	8480
8XG2	1	8480	8480	8480
8XES	1	8480	8480	8480
8XFZ	1	8480	8480	8480
8ZCL	6	8480	8480	8480
9IIE	2	8480	8480	8480
9HK1	12	8481	10162	22845
9PX5	3	8482	9758	31663
8RNF	3	8482	8482	8482
8RNE	3	8482	8482	8482
8XJ0	8	8482	9724	9724
9HKQ	3	8484	8500	10083
9JQZ	9	8488	9574	11296
9JQY	9	8488	9574	11296
8V8Q	3	8489	8489	8489
9L49	1	8489	8489	8489
9J4V	6	8489	8489	8489
9L47	2	8489	8489	8489
8RNI	1	8492	8492	8492
9K2S	2	8492	20919	20919
9L4I	4	8492	21691	21691
9HNF	2	8493	8493	8493
8RIP	4	8493	8493	8493
9SL0	3	8494	8494	8494
9SKO	3	8494	8494	8494
9SKP	3	8494	8494	8494
8ZV9	3	8496	8496	8496
9CWY	1	8497	8497	8497
9CWZ	1	8497	8497	8497
9CX2	3	8498	8498	8498
9CX1	3	8498	8498	8498
9KHB	3	8500	8500	8500
9KHC	6	8500	8500	8500
8Z05	1	8500	8500	8500
8Z07	1	8503	8503	8503
8YZZ	1	8503	8503	8503
8Z06	1	8503	8503	8503
8Z08	1	8503	8503	8503
8YZR	1	8503	8503	8503
8YZW	2	8503	8503	8503
8S16	6	8504	8504	8504
8S14	3	8504	8504	8504
9BL9	2	8504	15970	15970
8RJI	4	8504	8504	8504
8S1A	6	8504	8504	8504
8S19	6	8504	8504	8504
9BL6	2	8504	15970	15970
8S13	3	8504	8504	8504
8S1B	6	8504	8504	8504
8S15	3	8504	8504	8504
8S17	6	8504	8504	8504
9BL5	6	8504	15189	15189
9BLA	2	8504	16036	16036
8RJH	6	8504	8504	8504
8S18	6	8504	8504	8504
9K2U	1	8505	8505	8505
9K2T	1	8505	8505	8505
9L48	3	8506	8506	8506
9BWI	2	8506	8506	8506
9BWH	6	8506	8506	8506
9C7D	6	8506	9806	9806
9BWF	2	8506	8506	8506
9L4A	4	8506	8506	8506
9BL4	6	8507	16036	16036
8XKE	1	8507	8507	8507
9BL3	6	8507	15970	15970
9BL2	6	8507	15189	15189
8RNG	4	8511	8511	8511
8RNH	4	8511	8511	8511
8XLQ	1	8511	8511	8511
8ROO	4	8511	8511	8511
8ROP	4	8511	8511	8511
9DY8	4	8511	8511	8511
8VTD	6	8512	9542	9542
9L4G	3	8513	8513	8513
9CX0	1	8515	8515	8515
9VYL	4	8517	8517	8517
9NF9	3	8518	8518	8518
9QDE	4	8519	8519	8519
9BS9	1	8519	8519	8519
9D96	2	8522	15979	15979
9D97	6	8522	15979	15979
9N8Q	6	8524	9341	9341
9YQ2	9	8525	9638	13428
8VJZ	3	8525	8525	8525
9YQ4	3	8528	9638	13428
9YQ5	9	8528	9638	13428
9NER	3	8530	8530	8530
9M8H	3	8532	8532	8532
9NG8	3	8536	8536	8536
9NG9	3	8536	8536	8536
9SGH	12	8536	9956	9956
9D72	3	8540	9511	10594
9PEE	4	8540	18228	23372
8Y6F	36	8540	8540	8540
9D3G	4	8540	18228	23372
9D3E	4	8540	18228	23372
9C7F	24	8546	9394	9394
9CPH	9	8547	9796	31247
9YZZ	2	8550	9275	9275
8RQF	9	8551	9254	15973
8XON	20	8556	18043	27454
8XOO	20	8556	18043	27454
9LXR	4	8556	9902	11659
8YWP	6	8558	9890	9890
8VGU	4	8560	8560	8560
9FKN	1	8560	8560	8560
9FOT	1	8560	8560	8560
9GF8	1	8560	8560	8560
9JCB	6	8565	8565	8565
9BR5	8	8572	10282	10282
9EHT	4	8573	9899	9899
8XM2	3	8574	8574	8574
9P4C	2	8575	10742	10742
9T0K	3	8575	8575	8575
9BDJ	4	8576	8576	8576
8RP8	18	8577	9066	18464
9PWN	6	8578	9955	9955
8VWE	6	8583	9880	9880
9DFS	12	8584	19551	19551
9O4L	3	8589	8589	8589
9NYT	3	8589	8589	8589
8S4S	6	8590	8590	8590
9EE5	3	8596	9188	9407
9JFU	3	8596	15859	21903
9EKH	3	8596	9188	9407
9EI5	3	8596	9188	9407
9B76	6	8597	9275	9275
9DSC	4	8598	9802	9802
9X1H	6	8601	8969	9826
9JOM	3	8603	8603	8603
9JOO	1	8603	8603	8603
9BLX	8	8605	10267	10267
8RTX	6	8606	9280	9280
9J9Z	3	8611	9595	29769
8ZBB	3	8611	9595	30218
8VZO	3	8611	9794	26130
8VS7	12	8613	9571	9901
9MQK	5	8615	16901	23624
9MQI	4	8615	16901	22659
8VC7	6	8615	9287	17962
9RSJ	12	8615	15719	34126
9DPE	4	8615	17556	24281
9QZQ	4	8615	13291	15973
9B3K	9	8615	9681	24635
9LFI	6	8616	8616	8616
9LFQ	6	8616	11116	11116
8XWZ	6	8621	8621	8621
9AXP	4	8634	10063	10063
9AXQ	16	8634	9895	9895
8VGP	9	8634	10211	12180
9JG0	4	8635	21693	24270
9DBO	2	8648	9737	9737
8ZLC	6	8650	8650	8650
9MZ9	6	8652	9887	9887
9NQ3	4	8656	9268	9268
9V2A	5	8659	8659	8659
9OAS	12	8659	9777	14340
9E0Q	10	8660	8660	8660
9E0O	30	8660	8660	8660
9E0M	30	8661	8661	8661
9B74	6	8662	9891	9891
9R1F	3	8662	9182	17601
9R1E	3	8662	9182	17601
9B75	6	8662	9275	9275
9R10	3	8662	9182	17601
9R1G	3	8662	9182	17601
8VGG	8	8672	9976	9976
8VGK	12	8672	10085	33529
9ESU	16	8678	16218	16218
9ESQ	12	8678	16218	16218
9ESX	12	8678	16218	16218
9ESO	12	8678	16218	16218
9ESV	14	8678	16218	16218
9ESK	12	8678	16218	16218
9ET2	8	8678	16218	16218
9ESL	12	8678	16218	16218
9ET9	12	8678	16218	16218
9ESY	8	8678	16218	16218
9ESS	12	8678	16218	16218
9ET6	12	8678	16218	16218
9ESP	12	8678	16218	16218
9ETA	16	8678	16218	16218
9ET5	16	8678	16218	16218
9ET0	12	8678	16218	16218
9ESN	12	8678	16218	16218
9ESW	16	8678	16218	16218
9ET3	12	8678	16218	16218
9ET8	12	8678	16218	16218
9ETP	12	8678	16218	16218
9ET1	12	8678	16218	16218
9ESZ	14	8678	16218	16218
9ET7	12	8678	16218	16218
9ETB	12	8678	16218	16218
9ESR	12	8678	16218	16218
9ET4	8	8678	16218	16218
9ESJ	14	8678	16218	16218
9MZ8	6	8681	9887	9887
9MZ6	6	8681	9887	9887
9MMJ	6	8681	9887	9887
8VGH	12	8682	9734	32888
9NGB	1	8683	8683	8683
9C6V	3	8684	8684	8684
9F91	4	8684	10178	10178
9C6W	6	8684	8684	8684
9FEK	36	8685	8685	8685
8VZN	3	8685	9549	26130
8V9D	10	8693	10018	28966
8VGJ	12	8700	9927	32888
8VEG	6	8700	10208	10208
8VGE	6	8700	9927	9927
9Q9B	3	8704	8704	8704
9Q9A	3	8704	8704	8704
9IHI	3	8704	8704	8704
9QB0	3	8704	8704	8704
9Q9D	3	8704	8704	8704
9IHG	3	8704	8704	8704
9Q9G	3	8704	8704	8704
9QAG	3	8704	8704	8704
9Q8C	3	8704	8704	8704
9QAB	3	8704	8704	8704
9QB6	3	8704	8704	8704
9Q8Q	3	8704	8704	8704
9QB9	3	8704	8704	8704
9QAK	3	8704	8704	8704
9Q9C	3	8704	8704	8704
9J0H	7	8710	8710	8710
8S6E	2	8714	9425	9425
9IIP	1	8716	8716	8716
8YYK	4	8718	8718	8718
8YYG	3	8719	8719	8719
8YYI	1	8719	8719	8719
9C7J	4	8722	8722	8722
9C7I	4	8722	8722	8722
8VGF	6	8724	9871	9871
9DL0	4	8725	9387	9387
9MZ7	6	8728	9887	9887
8YYH	3	8729	8729	8729
8YYJ	4	8730	8730	8730
9J82	3	8736	9415	21436
9J83	3	8736	9415	21418
8Z2V	9	8738	9961	21759
8YYZ	9	8738	9961	21759
8Z3A	9	8738	9958	21759
9LRF	3	8739	10052	16739
9BGN	9	8742	8742	8742
9LLS	2	8748	8748	8748
9KMF	8	8749	8749	8749
9IMA	4	8750	11593	11593
9VTK	1	8750	8750	8750
9J05	3	8750	9102	23536
9GKF	20	8750	8750	8750
9JPE	1	8752	8752	8752
9F1I	12	8756	10761	10761
9C7M	2	8758	8758	8758
9C7L	6	8758	8758	8758
9C7K	2	8758	8758	8758
9Y6K	3	8758	8758	8758
8YYF	3	8759	8759	8759
9C6X	3	8759	8759	8759
9ZBV	4	8761	8761	8761
9BU9	12	8762	8762	8762
9BUA	12	8762	8762	8762
8ZX8	4	8763	8763	8763
8ZWW	4	8763	8763	8763
8ZX9	2	8763	8763	8763
8ZWR	4	8763	8763	8763
8ZWP	4	8763	8763	8763
8ZWY	4	8763	8763	8763
8ZX3	4	8763	8763	8763
8ZX2	4	8763	8763	8763
9AXR	6	8769	9364	9364
9AXS	2	8769	9364	9364
9LEI	4	8769	8769	8769
8Z39	9	8771	9958	21759
9Y6J	1	8774	8774	8774
9Y6I	3	8774	8774	8774
9Y6M	1	8774	8774	8774
9G43	3	8783	8783	8783
9LW7	12	8784	8784	8784
9LW6	54	8784	8784	8784
9LW8	53	8784	8784	8784
8VUV	4	8786	15768	20131
8Y6J	2	8790	8790	8790
9Y6L	1	8792	8792	8792
9G8H	3	8795	8795	8795
8Z95	4	8797	9269	9269
9AXO	2	8806	10144	10144
9LEH	6	8807	8807	8807
9I4E	12	8813	9304	9304
9IY0	2	8816	10189	10189
9LMW	3	8817	8817	8817
9MML	4	8822	9592	9609
9MMV	4	8822	9592	9719
9CS9	6	8826	8826	8826
9VXG	1	8828	8828	8828
8VFU	2	8829	9990	9990
9Z3B	20	8833	9654	9654
8Z5W	39	8835	9240	26143
9ECI	6	8836	9503	9503
9LIA	1	8838	8838	8838
9G6S	2	8838	9288	9288
9EQK	2	8841	8841	8841
9Z0F	6	8845	9127	9127
9KKJ	6	8849	10126	10126
8XTV	2	8855	8855	8855
9F18	12	8858	10761	10761
9DHB	12	8860	8860	8860
9DLT	24	8860	8860	8860
9LMV	3	8861	8861	8861
10LG	3	8862	8862	8862
9HZW	60	8863	8863	8863
9HZX	60	8863	8863	8863
9HZY	60	8863	8863	8863
9HZT	60	8863	8863	8863
9I01	60	8863	8863	8863
9HZZ	60	8863	8863	8863
9HZV	60	8863	8863	8863
9HZS	60	8863	8863	8863
9I00	60	8863	8863	8863
9HZU	60	8863	8863	8863
9PRU	12	8868	10017	26588
9CQL	8	8873	9240	11579
8XS3	3	8873	9817	18116
9CQ8	8	8873	10035	11579
8VEV	6	8875	9952	9952
9GVN	12	8877	9642	9642
8REL	4	8877	9670	9670
9I8K	6	8880	8880	8880
8VUC	8	8886	9447	9447
8VTP	6	8886	9421	9421
8VUA	2	8886	9429	9429
8VVO	11	8886	9447	10223
8VVM	9	8886	9429	10223
8VTR	6	8886	9418	9418
8VUI	9	8886	9421	10223
8VU1	2	8886	9418	9418
8VU4	12	8886	9463	9463
9MSP	8	8887	9500	9500
9JUN	1	8888	8888	8888
9HI6	9	8888	9280	35900
9JUO	1	8888	8888	8888
9JUJ	1	8888	8888	8888
9JUP	1	8888	8888	8888
9G4D	1	8888	8888	8888
9JUL	1	8888	8888	8888
9JUM	1	8888	8888	8888
9JUK	1	8888	8888	8888
9J8A	6	8894	9489	9489
9VX2	4	8904	9823	9823
9I3K	5	8905	8905	8905
9G49	1	8905	8905	8905
9LL6	2	8905	8905	8905
9C4I	6	8905	8905	8905
8VTE	8	8907	10037	10037
9B8G	10	8908	9547	9547
9CP5	3	8909	8961	9325
9CP4	3	8909	8961	9325
9JPV	8	8910	9729	9729
8YLA	2	8912	8912	8912
8ROZ	3	8912	16161	44207
9LMX	3	8913	8913	8913
9Y0D	2	8916	9935	9935
8YOR	4	8919	10161	10161
9EUO	3	8920	10276	18683
9S8W	3	8920	9184	15197
9EUP	3	8920	10276	18683
9C9K	6	8920	9619	9619
9E6K	2	8921	8949	8949
9LTH	1	8923	8923	8923
9RQQ	1	8925	8925	8925
9RRP	3	8925	8925	8925
9N7M	12	8925	9517	9517
9N2V	12	8925	9334	9334
9N7O	6	8925	9843	9843
9MQO	12	8926	9851	9851
8YTW	1	8929	8929	8929
9C87	21	8932	26286	26286
9EGE	1	8934	8934	8934
9N1Y	1	8935	8935	8935
9L9Z	6	8938	9649	9649
9PYF	5	8938	9622	33011
9CG8	18	8939	8939	8939
8S6V	12	8942	9463	9463
9CE6	6	8944	8944	8944
9XV1	4	8947	8947	8947
8RTE	6	8947	8947	8947
9RS5	3	8950	8950	8950
9H8H	8	8955	9060	9060
9RS4	3	8959	8959	8959
9MPB	2	8960	9410	9410
9E69	12	8964	10376	10564
9JU0	12	8966	8966	8966
9NFL	1	8967	8967	8967
9NFI	1	8967	8967	8967
9UP7	4	8967	9343	9343
9NFM	1	8967	8967	8967
9NFK	1	8967	8967	8967
9NFJ	1	8967	8967	8967
9QRV	2	8969	9248	9248
9ZFL	3	8973	8973	8973
9GJV	6	8975	9904	9904
9HUD	18	8975	9904	18914
8ZPX	1	8977	8977	8977
9HPX	3	8977	8977	8977
8ZPZ	1	8977	8977	8977
8XM1	3	8979	8979	8979
8RHI	6	8987	8987	8987
8RHF	4	8987	8987	8987
8RHE	6	8987	8987	8987
9P4X	1	8993	8993	8993
9P4Y	1	8993	8993	8993
9P4Z	1	8993	8993	8993
9JIU	12	8994	8994	8994
9KK6	1	8996	8996	8996
9KG2	1	8996	8996	8996
9KKE	1	8996	8996	8996
9KJC	1	8996	8996	8996
8S73	4	8997	9463	9463
9MFN	6	9000	10015	10015
9HTS	4	9000	9000	9000
9UGO	4	9001	10399	10399
8YTY	4	9002	9002	9002
9GP2	6	9006	10152	10152
9I3X	8	9007	9717	9717
9I43	8	9009	9731	9731
9RRZ	3	9009	9009	9009
8S4K	6	9009	9653	9653
9RS2	2	9009	9009	9009
9YH9	6	9016	9016	9016
9HI4	18	9016	9326	40609
9CTC	1	9017	9017	9017
9CTG	1	9017	9017	9017
9CTF	1	9017	9017	9017
9CR8	1	9017	9017	9017
9LMT	3	9018	9018	9018
9FKD	4	9018	9772	9776
8YHZ	2	9022	9898	9898
9KTR	6	9022	17459	21483
9KTL	6	9022	17459	21483
9EPI	6	9023	9023	9023
9EPK	6	9023	9023	9023
9FYH	6	9023	9023	9023
9EPJ	6	9023	9023	9023
9EPH	6	9023	9023	9023
8RGS	6	9023	9023	9023
8RGW	6	9023	9023	9023
9EPD	6	9023	9023	9023
8RGY	6	9023	9023	9023
9EPG	6	9023	9023	9023
8YS5	6	9024	30902	31782
8YS6	6	9024	30902	31782
9B9H	6	9030	52158	52158
9B9T	6	9030	52158	52158
9DLW	6	9030	52158	52158
9B9W	6	9030	52158	52158
9BA2	6	9030	52158	52158
9I42	12	9036	9687	9687
9JTW	2	9039	9039	9039
8ZAY	4	9040	9415	9415
8YZX	4	9046	9046	9046
8ZLF	2	9050	9050	9050
9JIQ	6	9057	9057	9057
9JIR	2	9057	9057	9057
9JIS	8	9057	9057	9057
9EDC	6	9059	10112	10112
9Q1L	12	9064	9662	9662
9HYW	9	9065	9065	9065
8S6Z	6	9066	9514	24438
9GGP	12	9066	19456	19456
8RPB	2	9066	9651	9651
9D66	3	9070	9070	9070
9D6A	1	9070	9070	9070
9D67	3	9070	9070	9070
9D68	1	9070	9070	9070
9D69	1	9070	9070	9070
8ROC	4	9073	9073	9073
8ROF	3	9073	9073	9073
8ROD	3	9073	9073	9073
8ROE	4	9073	9073	9073
9HX3	5	9073	9073	9073
8ROG	3	9073	9073	9073
9CFA	9	9080	9664	14185
9S2D	2	9081	9081	9081
8W1N	10	9083	9083	9083
9I3W	8	9087	9840	9840
8W2W	1	9090	9090	9090
9EMM	5	9091	14344	14344
9C7X	2	9095	9441	9441
9G86	4	9097	9097	9097
9CFD	8	9100	9259	9259
9BX7	6	9100	9259	9259
9B88	6	9100	9259	9259
9BX5	6	9100	9259	9259
9FYK	6	9104	9104	9104
9FY7	6	9104	9104	9104
8RMO	6	9107	9707	9707
9J6X	3	9107	9868	9868
9LFN	3	9107	9868	9868
9MJ3	3	9108	9897	14394
9MK4	4	9108	9787	9787
9BNS	8	9115	10637	10637
8VE1	4	9118	9118	9118
8VE0	4	9118	9118	9118
8VE3	4	9118	9118	9118
8VE2	4	9118	9118	9118
8VE4	4	9118	9118	9118
8ZA7	2	9120	20599	20599
9I3Z	4	9129	9626	9626
8RY2	4	9130	9797	9797
8RYZ	1	9130	9130	9130
9EDD	2	9132	10112	10112
9EDE	2	9132	10112	10112
9QOF	6	9133	9133	9133
9MEX	2	9134	9134	9134
9HQB	4	9135	9135	9135
9HQA	6	9135	9135	9135
9HQ2	3	9135	9135	9135
9FMB	4	9138	9138	9138
9GVB	1	9138	9138	9138
9O9U	26	9139	23609	23609
9BA5	2	9145	9145	9145
8S6T	2	9145	9510	9510
8ZNU	3	9147	9147	9147
9HQD	2	9152	9152	9152
9L1L	4	9155	10043	11602
9KQW	2	9169	9169	9169
9I9H	24	9173	9450	9450
9MID	3	9176	9733	14394
9KCV	4	9176	9176	9176
9JUE	16	9183	9183	9183
9GLA	6	9184	16310	16310
9QO8	1	9190	9190	9190
9E4R	1	9190	9190	9190
8W2U	20	9192	9192	9192
8W2T	2	9192	9192	9192
9Y0L	14	9193	16496	21256
8ZNT	8	9194	9194	9194
9GZ0	3	9196	9196	9196
9GZ4	3	9196	9196	9196
9GZL	3	9196	9196	9196
9DQ5	8	9196	9458	24970
9KMK	1	9200	9200	9200
9MJD	8	9200	9733	9733
9KML	1	9200	9200	9200
9KMM	1	9200	9200	9200
9KMI	1	9200	9200	9200
9KYO	1	9200	9200	9200
9HNL	3	9210	9210	9210
9HNM	3	9210	9210	9210
9HNO	3	9210	9210	9210
9HNN	3	9210	9210	9210
9HNK	3	9210	9210	9210
9Q8F	3	9211	9211	9211
8YJP	2	9215	9215	9215
9LK7	1	9218	9218	9218
9LK8	1	9218	9218	9218
9LK9	1	9218	9218	9218
9JDR	1	9219	9219	9219
9UTE	1	9219	9219	9219
9UTD	1	9219	9219	9219
9M2H	1	9219	9219	9219
9JDS	1	9219	9219	9219
9JB3	3	9220	9220	9220
8VT9	4	9221	9221	9221
9NWJ	4	9221	9221	9221
9NWK	4	9221	9221	9221
9EKQ	3	9224	9224	9224
9HPL	4	9229	9229	9229
9HPM	4	9229	9229	9229
8Z5V	34	9240	9240	9240
9KUR	12	9248	9796	9796
8VIH	6	9252	9252	9252
8VIK	2	9252	9252	9252
8VIL	2	9252	9252	9252
8VII	4	9252	9252	9252
9G85	4	9256	9256	9256
8YZY	12	9260	9260	9260
8VTA	4	9266	9266	9266
9RLO	6	9269	9269	9269
9TCB	6	9269	9269	9269
9RLP	6	9269	9269	9269
9RLQ	6	9269	9269	9269
9FEG	6	9269	9269	9269
9RLR	6	9269	9269	9269
9G6R	2	9279	9685	9685
9Y45	4	9280	9280	9280
8RI8	4	9281	9281	9281
8RI7	4	9281	9281	9281
8RI6	4	9281	9281	9281
8Y90	2	9282	9282	9282
8Y91	2	9282	9282	9282
9JEL	1	9282	9282	9282
8Y2K	4	9282	9398	9398
8Y8Z	2	9282	9282	9282
8Y93	2	9282	9282	9282
9JF3	1	9282	9282	9282
8YR2	2	9282	9282	9282
8Y95	2	9282	9282	9282
8Y92	2	9282	9282	9282
8Z1L	1	9282	9282	9282
8Y94	2	9282	9282	9282
8VWG	9	9294	9294	9294
8VVW	5	9294	9294	9294
8VW3	6	9294	9294	9294
8VVZ	6	9294	9294	9294
8VIG	3	9296	9296	9296
8S0T	2	9301	14995	14995
9HJ0	6	9301	14865	14865
9HIY	6	9301	14865	14865
9HIX	6	9301	14865	14865
8S0R	2	9301	14995	14995
8VTB	4	9302	9302	9302
9HJK	1	9304	9304	9304
9B2Q	4	9308	9308	9308
9CYM	3	9308	9361	11666
8ZXW	12	9314	10105	10105
9DRY	4	9316	9761	9761
9C1P	6	9324	9797	9797
9C2F	2	9324	9797	9797
9CI8	4	9327	10228	10228
9MRZ	12	9327	10005	10005
9KKG	3	9332	9332	9332
9KKH	4	9332	9332	9332
9JFL	2	9338	9338	9338
9NXK	3	9343	9343	9343
9DMF	6	9345	9684	9684
9MJ6	4	9345	9713	9713
9Q41	6	9358	9358	9358
9KMJ	1	9360	9360	9360
9BEY	3	9360	9360	9360
9CYL	3	9361	11762	17572
9JG4	1	9368	9368	9368
9J7N	1	9368	9368	9368
9JD9	1	9368	9368	9368
9JDG	1	9368	9368	9368
9JDA	1	9368	9368	9368
9JDJ	2	9368	9368	9368
9JG5	1	9368	9368	9368
9KTU	1	9368	9368	9368
9JD3	1	9368	9368	9368
9KTX	1	9368	9368	9368
9J7O	1	9368	9368	9368
9JD4	1	9368	9368	9368
9KTV	1	9368	9368	9368
9KTS	1	9368	9368	9368
9J7M	1	9368	9368	9368
9KTT	1	9368	9368	9368
9JDL	2	9368	9368	9368
9LNO	1	9370	9370	9370
9LNM	1	9370	9370	9370
9LNN	1	9370	9370	9370
8VI3	9	9372	9372	9372
8VI2	12	9372	9372	9372
8VI5	9	9372	9372	9372
8VI4	9	9372	9372	9372
9F4G	3	9374	9374	9374
9HQJ	3	9374	9374	9374
9F4X	3	9374	9374	9374
9F52	3	9374	9374	9374
9F4E	3	9374	9374	9374
9F5F	3	9374	9374	9374
9F55	3	9374	9374	9374
9F4J	3	9374	9374	9374
9HQ9	3	9374	9374	9374
9F4D	3	9374	9374	9374
9F5C	3	9374	9374	9374
9F51	3	9374	9374	9374
9F5K	3	9374	9374	9374
9F50	3	9374	9374	9374
9F4M	3	9374	9374	9374
9F4Q	3	9374	9374	9374
9F4L	3	9374	9374	9374
9F4K	3	9374	9374	9374
9F4N	3	9374	9374	9374
9F4O	3	9374	9374	9374
9HQL	3	9374	9374	9374
9F5G	3	9374	9374	9374
9F4H	3	9374	9374	9374
9F4U	3	9374	9374	9374
9F7H	3	9374	9374	9374
9F4P	3	9374	9374	9374
9F4S	3	9374	9374	9374
9F4V	3	9374	9374	9374
9F4T	3	9374	9374	9374
9F4R	3	9374	9374	9374
9F4Y	3	9374	9374	9374
9F4Z	3	9374	9374	9374
9F5D	3	9374	9374	9374
9F53	3	9374	9374	9374
9F4F	3	9374	9374	9374
9F54	3	9374	9374	9374
9F4W	3	9374	9374	9374
9F7F	3	9374	9374	9374
9F5E	3	9374	9374	9374
8YPA	7	9381	9381	9381
8ZB5	2	9386	9386	9386
8ZB4	2	9386	9386	9386
8ZB3	6	9386	9386	9386
8XFX	2	9387	9387	9387
9DQA	6	9387	9387	9387
9K6K	4	9388	9388	9388
8RAL	2	9389	10361	10361
8YTZ	1	9394	9394	9394
8RTW	4	9400	9622	9622
9BJJ	6	9401	9401	9401
9BJI	6	9401	9401	9401
9GO6	50	9402	11102	27378
9LSK	2	9410	9410	9410
8VY4	6	9412	10654	10654
9ILF	2	9431	9431	9431
9IL3	2	9431	9431	9431
9IKP	2	9431	9431	9431
8V91	6	9431	29591	29591
9ILA	2	9431	9431	9431
8VDU	8	9435	11671	11671
8VDD	6	9435	11671	11671
9ITK	16	9443	19713	25558
9ITS	16	9443	19713	25558
9ITL	16	9443	19713	25558
9ITT	16	9443	19713	25558
9ITJ	16	9443	19713	25558
9ITU	16	9443	19713	25558
9HIH	6	9453	10449	10449
9GFJ	6	9468	9780	9780
9GFL	6	9468	9780	9780
9GFD	6	9468	9780	9780
9GF5	6	9468	9780	9780
9GEA	3	9468	9468	9468
9BP1	4	9471	10201	10201
8Y57	4	9474	9587	9587
9MBD	2	9476	9476	9476
9MBC	2	9476	9476	9476
9MBB	2	9476	9476	9476
8VK2	12	9478	9645	9645
9RWD	12	9481	9481	9481
9F1S	3	9484	9484	9484
8YZU	4	9484	9484	9484
8Z47	1	9489	9489	9489
8Z48	4	9489	9489	9489
9BEU	4	9492	9492	9492
9UC3	1	9501	9501	9501
9OR0	6	9505	9505	9505
8VGQ	9	9507	9823	21689
9QYP	3	9511	9511	9511
9RLS	10	9512	9512	9512
9I3F	12	9516	9516	9516
8Z43	6	9517	9517	9517
9C4B	1	9519	9519	9519
9GM4	3	9523	9523	9523
9OR1	3	9524	9524	9524
9I4C	2	9528	9658	9658
9HAB	1	9542	9542	9542
9GT5	6	9543	9543	9543
9GT6	6	9543	9543	9543
9GT1	6	9543	9543	9543
9GT7	6	9543	9543	9543
9GT2	6	9543	9543	9543
9GT4	6	9543	9543	9543
9GT3	6	9543	9543	9543
9GT0	6	9543	9543	9543
9KKC	3	9544	9544	9544
9KK7	3	9544	9544	9544
9CMR	3	9546	9546	9546
9OQX	6	9551	9551	9551
8VUQ	4	9555	14312	20295
9EGD	7	9557	9557	9557
9EGC	7	9557	9557	9557
8Z4C	4	9559	9869	9869
9I40	4	9559	9933	9933
9FRS	4	9562	9562	9562
9FRP	6	9562	9562	9562
9OQT	6	9566	9566	9566
9OQU	6	9566	9566	9566
9IAT	6	9567	9928	9928
9OQS	3	9567	9567	9567
9I41	8	9568	9606	9606
9RHK	1	9573	9573	9573
9OQZ	1	9575	9575	9575
8RIO	6	9576	9576	9576
9I4D	8	9577	9795	9795
9KEJ	6	9579	9579	9579
9UC2	1	9583	9583	9583
9LB6	1	9583	9583	9583
9LB7	1	9583	9583	9583
9GT8	6	9584	9584	9584
8RYI	18	9589	26529	26529
9QR4	9	9590	9590	9590
9OQV	3	9592	9592	9592
9MHV	6	9592	9592	9592
9QTO	10	9595	10694	10694
9ECY	6	9599	10312	10312
9DYS	6	9599	9599	9599
9CXR	8	9599	9599	9599
9Z2I	6	9599	9599	9599
9PZ5	6	9600	9957	9957
9OQW	6	9602	9602	9602
9R2E	18	9603	9707	10651
8VLT	2	9605	10235	10235
8XND	4	9605	9605	9605
8VBS	4	9609	40913	40913
9PZ6	6	9615	9957	9957
9KEA	4	9618	9618	9618
9C79	6	9618	10066	10066
8VT0	4	9622	9622	9622
9PGZ	1	9623	9623	9623
9GH6	1	9626	9626	9626
9Q0P	6	9629	10391	10391
9I1B	1	9630	9630	9630
9RGH	3	9630	9630	9630
9RGI	3	9630	9630	9630
9HQ6	120	9630	9630	9630
9JGO	1	9630	9630	9630
9RGJ	3	9630	9630	9630
9QR5	3	9631	9631	9631
9MPC	2	9632	9740	9740
9I1E	3	9636	9636	9636
9I19	1	9636	9636	9636
9EQB	3	9637	9637	9637
9KF7	3	9638	9638	9638
9Q8L	9	9639	9711	10317
9BIS	2	9640	25773	25773
9BIT	2	9640	25773	25773
9BIR	2	9640	25773	25773
9BIU	6	9640	25773	25773
9O8J	6	9645	9645	9645
9OMP	2	9645	9645	9645
9ZAX	12	9645	9645	9645
9OMO	2	9645	9645	9645
9NV5	12	9645	9645	9645
9BPK	24	9646	9646	9646
9BPJ	24	9646	9646	9646
9BPI	24	9646	9646	9646
9DH2	12	9650	9828	28297
9JGP	3	9651	9651	9651
9I1A	3	9651	9651	9651
9HYC	3	9651	9651	9651
9BQ5	24	9654	9654	9654
9UC4	1	9658	9658	9658
9AX3	4	9659	9659	9659
9AWX	4	9659	9659	9659
9AWY	4	9659	9659	9659
9AX1	4	9659	9659	9659
9AX2	4	9659	9659	9659
9UC1	1	9660	9660	9660
8XGK	4	9661	9661	9661
8XGV	3	9661	9661	9661
9I1C	3	9662	9662	9662
9FVS	5	9663	9663	9663
9FW4	6	9664	9664	9664
9JQB	24	9664	9664	9664
9JQC	24	9664	9664	9664
9EQA	3	9667	9667	9667
9EQC	3	9667	9667	9667
9EQ9	3	9667	9667	9667
9EQ8	3	9667	9667	9667
9EGB	7	9667	9667	9667
9JTA	1	9669	9669	9669
9F5U	3	9670	9670	9670
9F66	3	9670	9670	9670
9FIK	6	9670	9817	9817
9I1D	3	9671	9671	9671
9I1F	3	9671	9671	9671
9PUK	4	9673	10041	10041
9EBM	6	9675	9675	9675
9EBK	6	9675	9675	9675
8RQB	72	9677	9677	9677
9JQD	72	9679	9679	9679
9JQE	24	9679	9679	9679
9LNY	1	9681	9681	9681
8XWB	3	9681	9681	9681
9FY4	2	9683	9683	9683
9KLE	4	9683	9683	9683
9KF9	3	9684	9684	9684
9WAL	24	9689	9689	9689
9KQC	2	9689	14996	14996
9IUY	24	9691	9691	9691
22IX	24	9691	9691	9691
9E6X	1	9691	9691	9691
9KF8	3	9692	9692	9692
9G0G	8	9692	9692	9692
9KN8	3	9696	9696	9696
9KKP	4	9696	9696	9696
9ENA	6	9696	10851	10851
9KKR	3	9696	9696	9696
9KN7	3	9697	9697	9697
9MJI	8	9698	9740	9740
9H0Y	4	9700	9700	9700
9H0X	4	9700	9700	9700
9KRS	3	9702	9702	9702
9QMP	3	9703	9703	9703
9KAY	24	9705	9705	9705
9IY9	1	9707	9707	9707
9FVK	7	9709	9709	9709
9CF6	3	9710	9725	14185
8Y7W	3	9711	9711	9711
9KP7	3	9720	9720	9720
9KPA	3	9720	9720	9720
8ZN8	18	9721	9721	9721
9HLM	4	9722	9722	9722
9I45	2	9722	9932	9932
9HKI	4	9722	9722	9722
9MJC	8	9722	9782	9782
9V0G	16	9724	23323	23323
9V0Z	8	9724	23323	23323
9V2K	32	9724	23323	23323
9V2M	16	9724	23323	23323
9V0Y	16	9724	23323	23323
9V57	16	9724	23323	23323
9KFA	3	9725	9725	9725
9HV9	6	9729	10165	10165
9HV2	4	9729	10165	10165
9HVA	36	9729	10165	10165
9KF5	3	9737	9737	9737
9LCO	1	9739	9739	9739
8YKR	18	9739	9739	9739
9LCP	1	9739	9739	9739
9MIF	3	9740	9860	14394
9P8W	1	9741	9741	9741
9G88	6	9749	9749	9749
9KP5	3	9749	9749	9749
9G8A	2	9749	9749	9749
9G8F	2	9749	9749	9749
9G89	4	9749	9749	9749
9KP2	4	9749	9749	9749
8ZH7	12	9753	9940	19854
9N89	6	9754	10082	10082
9MIC	3	9763	9782	14394
9I0F	8	9764	9874	9874
9HMB	3	9771	9771	9771
9LCQ	1	9774	9774	9774
9JN4	4	9790	9790	9790
9JN5	8	9790	9790	9790
9JN6	4	9790	9790	9790
9MS9	6	9797	10427	10427
9HV1	2	9806	10305	10305
9HV8	2	9813	10099	10099
9ECX	4	9813	9861	9861
9ERH	2	9821	9821	9821
8S72	12	9824	10549	10549
9B9V	14	9833	9833	9833
9NJU	2	9833	9833	9833
9JD6	1	9836	9836	9836
9JCZ	3	9836	9836	9836
9JD5	1	9836	9836	9836
9JCV	1	9836	9836	9836
9JLN	1	9836	9836	9836
9OLZ	6	9837	9837	9837
9C88	20	9842	26286	26286
8V9R	21	9842	26286	26286
9W5W	8	9843	9843	9843
9MQX	9	9846	14402	21627
9I4B	4	9846	9890	9890
8XTZ	4	9854	9854	9854
8XU7	4	9854	9854	9854
9IWV	4	9854	9854	9854
8Z5Y	40	9867	9867	9867
8Z5Z	40	9867	9867	9867
9J60	2	9868	9868	9868
9MI7	6	9874	10236	10236
9ONK	3	9874	9874	9908
9ONJ	3	9874	9874	9908
8YVO	6	9874	9874	9874
9I4U	18	9881	9881	9881
9IA9	24	9881	9881	9881
9IAA	24	9881	9881	9881
9I6G	24	9881	9881	9881
9I4S	18	9881	9881	9881
9IT0	4	9886	9886	9886
9HL1	18	9893	9893	9893
9FWB	8	9896	18947	18947
9FX8	3	9896	11067	19026
9FW9	8	9896	18947	18947
9FXB	4	9896	18947	19026
9FWZ	10	9896	18947	18947
9FXS	4	9896	19026	19026
9FBJ	18	9899	9899	9899
9FBA	6	9899	9899	9899
9FBZ	18	9899	9899	9899
9FC1	18	9899	9899	9899
9FB9	6	9899	9899	9899
9FB7	18	9899	9899	9899
9FBC	6	9899	9899	9899
9FBN	18	9899	9899	9899
9FC0	18	9899	9899	9899
9UO3	12	9904	9904	9904
9W5X	4	9904	9904	9904
9JYM	3	9909	9909	9909
9JYN	1	9909	9909	9909
9L29	1	9909	9909	9909
9F1R	6	9912	22991	22991
8RD3	2	9913	14898	14898
9KEO	2	9914	9914	9914
9KE8	2	9914	9914	9914
9EWJ	6	9915	9915	9915
9EWI	18	9915	9915	9915
9HO7	24	9915	9915	9915
8Z8L	1	9926	9926	9926
9FXQ	1	9930	9930	9930
9LUZ	1	9931	9931	9931
9JQX	2	9932	11143	11143
9EF0	1	9932	9932	9932
9RDA	4	9934	9934	9934
9D41	6	9938	9970	9970
9WLP	3	9939	9939	9939
9L7W	2	9939	9939	9939
9IWT	4	9952	9952	9952
9RE7	3	9955	9955	9955
9REA	3	9955	9955	9955
9RED	3	9955	9955	9955
9RDZ	3	9955	9955	9955
9REP	3	9955	9955	9955
9RE6	3	9955	9955	9955
9REL	4	9955	9955	9955
9REI	3	9955	9955	9955
9REE	3	9955	9955	9955
9RER	3	9955	9955	9955
9REC	3	9955	9955	9955
9RET	3	9955	9955	9955
9RE4	3	9955	9955	9955
9REH	3	9955	9955	9955
9RE1	3	9955	9955	9955
9RDV	3	9955	9955	9955
9REG	3	9955	9955	9955
9RE5	3	9955	9955	9955
9REJ	3	9955	9955	9955
9RE9	3	9955	9955	9955
9RE0	3	9955	9955	9955
9REM	3	9955	9955	9955
9RE8	4	9955	9955	9955
9RDU	3	9955	9955	9955
9REO	3	9955	9955	9955
9RE3	3	9955	9955	9955
9RES	3	9955	9955	9955
9RDW	3	9955	9955	9955
9RDY	3	9955	9955	9955
9REN	3	9955	9955	9955
9REQ	3	9955	9955	9955
9REF	3	9955	9955	9955
9RDX	3	9955	9955	9955
9RE2	3	9955	9955	9955
9REB	3	9955	9955	9955
9REK	3	9955	9955	9955
9MVA	18	9957	9957	9957
8Y55	6	9958	9958	9958
9IWQ	1	9961	9961	9961
9HSI	1	9968	9968	9968
9HSY	1	9968	9968	9968
9HSL	1	9968	9968	9968
9HSS	1	9968	9968	9968
9HSH	3	9968	9968	9968
9HSN	1	9968	9968	9968
9HSV	1	9968	9968	9968
9HSQ	1	9968	9968	9968
9HSW	1	9968	9968	9968
9HSZ	1	9968	9968	9968
9HSK	1	9968	9968	9968
9HSR	1	9968	9968	9968
9HSJ	1	9968	9968	9968
9HSU	1	9968	9968	9968
9HST	1	9968	9968	9968
9HSG	1	9968	9968	9968
9HSX	3	9968	9968	9968
9HSP	1	9968	9968	9968
9HSO	1	9968	9968	9968
9MRL	8	9979	15323	15323
9MRK	8	9979	15323	15323
9MRN	8	9979	15323	15323
9MRM	8	9979	15323	15323
9LN3	1	9982	9982	9982
9LN0	1	9982	9982	9982
9KBT	1	9984	9984	9984
9HXX	18	9985	9985	9985
8RWY	18	9985	9985	9985
9HYV	18	9985	9985	9985
9I4Q	18	9985	9985	9985
9GTI	4	9985	9985	9985
9M0E	6	9990	9990	9990
9EFU	4	9991	9993	9993
8VQI	4	9993	10789	10789
9E7H	12	9993	10789	10789
8VQH	12	9993	10495	10495
9IX9	12	9999	9999	9999
9GDF	2	9999	10856	10856
8Y1W	3	10005	10005	10005
9GH3	3	10026	10026	10026
8XPX	6	10026	10026	10026
9HY4	2	10029	10029	10029
9QYQ	3	10035	10035	10035
9QYS	3	10036	10036	10036
9G7J	6	10057	10057	10057
9QYR	4	10060	10060	10060
9J35	4	10061	10061	10061
9J36	4	10061	10061	10061
9HYQ	2	10062	10062	10062
9L8G	4	10062	10062	10062
9HF1	7	10079	10079	10079
9LW1	2	10080	10080	10080
9KM8	1	10085	10085	10085
9KM7	1	10085	10085	10085
9O55	1	10090	10090	10090
9KBQ	2	10091	10091	10091
9RKQ	12	10094	10094	10094
9HS0	4	10098	10098	10098
8RYV	4	10098	10098	10098
8S2Q	5	10098	10098	10098
8RYJ	4	10098	10098	10098
8S0W	5	10098	10098	10098
8RU9	4	10098	10098	10098
8S69	5	10098	10098	10098
8RYR	4	10098	10098	10098
8S68	5	10098	10098	10098
8S5X	5	10098	10098	10098
8S5Y	5	10098	10098	10098
8S64	5	10098	10098	10098
8S63	5	10098	10098	10098
8RUR	4	10098	10098	10098
8RYU	4	10098	10098	10098
9EVM	4	10098	10098	10098
9CGL	2	10105	10105	10105
9F1O	2	10106	10106	10106
9KM4	1	10112	10112	10112
9O7V	2	10112	10271	10271
9HMN	28	10116	17528	25769
7GXO	4	10117	10117	10117
7GVO	4	10117	10117	10117
7GVG	4	10117	10117	10117
7GXV	4	10117	10117	10117
7GUG	4	10117	10117	10117
7GX0	4	10117	10117	10117
7GXU	4	10117	10117	10117
7GXE	4	10117	10117	10117
7GWG	4	10117	10117	10117
7GWV	4	10117	10117	10117
7GVF	4	10117	10117	10117
7GW4	4	10117	10117	10117
7GVU	4	10117	10117	10117
7GWL	4	10117	10117	10117
7GXY	4	10117	10117	10117
7GUS	4	10117	10117	10117
7GV6	4	10117	10117	10117
7GWO	4	10117	10117	10117
7GX5	4	10117	10117	10117
7GWW	4	10117	10117	10117
7GV5	4	10117	10117	10117
7GW5	4	10117	10117	10117
7GW8	4	10117	10117	10117
7GXJ	4	10117	10117	10117
7GWU	4	10117	10117	10117
7GWN	4	10117	10117	10117
7GV8	4	10117	10117	10117
7GXQ	4	10117	10117	10117
7GUX	4	10117	10117	10117
7GUU	4	10117	10117	10117
7GX3	4	10117	10117	10117
7GVQ	4	10117	10117	10117
7GV2	4	10117	10117	10117
7GUP	4	10117	10117	10117
7GWZ	4	10117	10117	10117
7GWR	4	10117	10117	10117
7GW3	4	10117	10117	10117
7GWT	4	10117	10117	10117
7GV3	4	10117	10117	10117
7GX1	4	10117	10117	10117
7GXZ	4	10117	10117	10117
7GV9	4	10117	10117	10117
7GW9	4	10117	10117	10117
7GWP	4	10117	10117	10117
7GVJ	4	10117	10117	10117
9J34	4	10117	10117	10117
7GUK	4	10117	10117	10117
7GUE	4	10117	10117	10117
7GX7	4	10117	10117	10117
7GXP	4	10117	10117	10117
7GW7	4	10117	10117	10117
7GUI	4	10117	10117	10117
7GXW	4	10117	10117	10117
7GVR	4	10117	10117	10117
7GUY	4	10117	10117	10117
7GXI	4	10117	10117	10117
7GX6	4	10117	10117	10117
7GY3	4	10117	10117	10117
7GY1	4	10117	10117	10117
7GX9	4	10117	10117	10117
7GXH	4	10117	10117	10117
7GW1	4	10117	10117	10117
7GUQ	4	10117	10117	10117
7GVM	4	10117	10117	10117
7GWK	4	10117	10117	10117
7GVH	4	10117	10117	10117
7GXN	4	10117	10117	10117
7GVV	4	10117	10117	10117
7GWB	4	10117	10117	10117
7GWQ	4	10117	10117	10117
7GWD	4	10117	10117	10117
7GWX	4	10117	10117	10117
7GWH	4	10117	10117	10117
7GVT	4	10117	10117	10117
7GVD	4	10117	10117	10117
7GW6	4	10117	10117	10117
7GUZ	4	10117	10117	10117
7GWC	4	10117	10117	10117
7GVE	4	10117	10117	10117
7GXX	4	10117	10117	10117
7GWA	4	10117	10117	10117
7GXM	4	10117	10117	10117
7GX4	4	10117	10117	10117
7GXR	4	10117	10117	10117
7GUT	4	10117	10117	10117
7GX2	4	10117	10117	10117
7GXF	4	10117	10117	10117
7GUM	4	10117	10117	10117
7GUV	4	10117	10117	10117
7GVN	4	10117	10117	10117
7GXL	4	10117	10117	10117
7GXC	4	10117	10117	10117
7GUR	4	10117	10117	10117
7GVL	4	10117	10117	10117
7GXT	4	10117	10117	10117
7GW2	4	10117	10117	10117
7GUL	4	10117	10117	10117
7GWS	4	10117	10117	10117
7GVW	4	10117	10117	10117
7GUO	4	10117	10117	10117
7GUW	4	10117	10117	10117
7GWY	4	10117	10117	10117
7GXG	4	10117	10117	10117
7GUJ	4	10117	10117	10117
7GX8	4	10117	10117	10117
7GXS	4	10117	10117	10117
7GV0	4	10117	10117	10117
7GVB	4	10117	10117	10117
7GV1	4	10117	10117	10117
7GWM	4	10117	10117	10117
7GVY	4	10117	10117	10117
7GXA	4	10117	10117	10117
7GXD	4	10117	10117	10117
7GV7	4	10117	10117	10117
7GVC	4	10117	10117	10117
7GWE	4	10117	10117	10117
7GW0	4	10117	10117	10117
7GVK	4	10117	10117	10117
7GUN	4	10117	10117	10117
7GVZ	4	10117	10117	10117
7GVX	4	10117	10117	10117
7GVI	4	10117	10117	10117
7GY0	4	10117	10117	10117
7GWJ	4	10117	10117	10117
7GVA	4	10117	10117	10117
7GUH	4	10117	10117	10117
7GVP	4	10117	10117	10117
7GV4	4	10117	10117	10117
7GXK	4	10117	10117	10117
7GXB	4	10117	10117	10117
7GY2	4	10117	10117	10117
7GUD	4	10117	10117	10117
7GWF	4	10117	10117	10117
7GVS	4	10117	10117	10117
7GWI	4	10117	10117	10117
7GUF	4	10117	10117	10117
9XNH	22	10120	10120	10120
9CV6	2	10123	10123	10123
8S8U	2	10130	10130	10130
8YR6	1	10132	10132	10132
9SD6	3	10137	10137	10137
9DW9	2	10139	18500	18500
9DW5	2	10139	18532	18532
9DW8	2	10139	18500	18500
9DW4	2	10139	18532	18532
9DW7	3	10139	10139	18532
9DCD	3	10147	10147	10147
9HSM	1	10148	10148	10148
9HF0	7	10149	10149	10149
9HEZ	7	10149	10149	10149
9HEY	7	10149	10149	10149
9HF3	7	10156	10156	10156
9F1Q	4	10161	10161	10161
9SD5	4	10161	10161	10161
8S78	1	10166	10166	10166
9FKA	2	10168	13585	13585
9C91	6	10172	11292	11292
9SD8	6	10173	10173	10173
9SD7	4	10173	10173	10173
9K7L	6	10174	10174	10174
9ETN	3	10184	10184	10184
9V12	16	10207	23323	23323
8ZR9	6	10209	10209	10209
9JEK	4	10209	10209	10209
9JEH	2	10209	10209	10209
9HEW	7	10216	10216	10216
9HEX	7	10216	10216	10216
9HEV	7	10216	10216	10216
9HF2	7	10216	10216	10216
9D5D	1	10219	10219	10219
9FLO	1	10233	10233	10233
9FLQ	3	10233	10233	10233
8RDK	1	10233	10233	10233
9FLR	3	10233	10233	10233
9FLB	3	10233	10233	10233
9FLC	3	10233	10233	10233
9FYC	1	10251	10251	10251
9LI4	4	10251	10251	10251
8VY6	2	10254	10254	10254
9F6B	6	10258	10258	10258
9HKX	4	10263	10263	10263
9HKZ	4	10263	10263	10263
9HKV	4	10263	10263	10263
9HKW	4	10263	10263	10263
9HKY	4	10263	10263	10263
9Q8O	1	10280	10280	10280
8XPN	9	10281	10281	10281
9E2T	12	10289	10289	11346
9FMQ	3	10291	10291	10291
8XEY	1	10314	10314	10314
9UO4	12	10324	10324	10324
9BKY	9	10330	10330	10330
9BKW	3	10330	10330	10330
9G46	6	10353	10353	10353
9G47	6	10353	10353	10353
9G07	3	10353	10353	10353
9G4K	6	10353	10353	10353
9G4H	6	10353	10353	10353
9G45	6	10353	10353	10353
9FZT	3	10353	10353	10353
9ERG	2	10357	10357	10357
9LNR	3	10358	10358	10358
9F8X	12	10371	10371	10371
8RO9	6	10372	10372	10372
8ROA	6	10372	10372	10372
8RO8	3	10372	10372	10372
8ROB	3	10372	10372	10372
8ROJ	1	10383	10383	10383
9JGK	1	10394	10394	10394
9H9T	3	10403	10403	10403
9H9O	3	10403	10403	10403
9LKK	27	10406	10406	10406
9HSB	1	10413	10413	10413
9FSH	1	10413	10413	10413
9HSD	1	10413	10413	10413
9HSC	1	10413	10413	10413
9HSE	1	10413	10413	10413
9HSF	1	10413	10413	10413
9KGK	3	10414	17049	17049
9B56	6	10416	16296	16296
9M2R	24	10416	10416	10416
9B59	6	10416	16296	16296
9M2Q	24	10416	10416	10416
9M2P	24	10416	10416	10416
9B58	6	10416	16296	16296
9B5A	6	10416	16296	16296
9B55	6	10416	16296	16296
9B5B	6	10416	16296	16296
9B57	6	10416	16296	16296
8ZAT	2	10430	10430	10430
9IZL	2	10439	10439	10439
9QAT	6	10440	10440	10440
9QAR	6	10440	10440	10440
9QAV	4	10440	10440	10440
9QAS	6	10440	10440	10440
9FSK	4	10449	10449	10449
9FSJ	1	10449	10449	10449
9N4W	10	10453	10453	10453
9FKC	4	10455	10455	10455
9FHF	8	10455	10455	10455
9FCW	12	10455	10455	10455
9FKF	8	10455	10455	10455
9KCU	4	10461	10461	10461
8ROK	4	10463	10463	10463
8ROI	3	10463	10463	10463
8ROL	1	10463	10463	10463
9BIK	6	10471	10471	10471
9BI8	6	10471	10471	10471
9NAC	6	10471	10471	10471
9N7R	6	10471	10471	10471
9NBS	6	10471	10471	10471
9N9X	4	10471	10471	10471
9NC2	6	10471	10471	10471
9BJ1	6	10471	10471	10471
8XFS	3	10474	16735	16735
8YP8	1	10474	10474	10474
8RVE	78	10474	10474	10474
7H2N	5	10482	10482	10482
7HPC	3	10482	10482	10482
7H24	5	10482	10482	10482
7HPF	3	10482	10482	10482
7H2K	5	10482	10482	10482
7H2P	3	10482	10482	10482
7HOV	5	10482	10482	10482
7H1V	5	10482	10482	10482
7H1W	5	10482	10482	10482
7IA8	3	10482	10482	10482
7H2L	5	10482	10482	10482
7I9Z	3	10482	10482	10482
7H21	5	10482	10482	10482
7IAK	3	10482	10482	10482
7H1Z	5	10482	10482	10482
7I1P	5	10482	10482	10482
7I9J	3	10482	10482	10482
7H2E	5	10482	10482	10482
7HOW	5	10482	10482	10482
7HOP	6	10482	10482	10482
7IA9	3	10482	10482	10482
7HOR	5	10482	10482	10482
7I1Q	5	10482	10482	10482
7I9L	3	10482	10482	10482
7IAO	3	10482	10482	10482
7IAC	3	10482	10482	10482
7IAL	3	10482	10482	10482
7H26	5	10482	10482	10482
7H1H	5	10482	10482	10482
7HPG	3	10482	10482	10482
7H29	5	10482	10482	10482
7I9W	3	10482	10482	10482
7H2J	5	10482	10482	10482
7I1T	5	10482	10482	10482
7I1V	5	10482	10482	10482
7HOL	5	10482	10482	10482
7IAE	3	10482	10482	10482
7H2D	5	10482	10482	10482
7I9K	3	10482	10482	10482
7I9V	3	10482	10482	10482
7IA4	3	10482	10482	10482
7IAA	3	10482	10482	10482
7IAF	3	10482	10482	10482
7H1J	5	10482	10482	10482
7I9T	3	10482	10482	10482
7HPE	3	10482	10482	10482
7HOO	5	10482	10482	10482
7H2Q	5	10482	10482	10482
7IAM	3	10482	10482	10482
7HOZ	5	10482	10482	10482
7H2O	5	10482	10482	10482
7HOQ	5	10482	10482	10482
7H2F	5	10482	10482	10482
7H1Q	5	10482	10482	10482
7I1M	5	10482	10482	10482
7I9R	3	10482	10482	10482
7HP8	5	10482	10482	10482
7H1S	3	10482	10482	10482
7H1L	5	10482	10482	10482
7I1N	5	10482	10482	10482
7HP9	3	10482	10482	10482
7HOY	6	10482	10482	10482
7HOS	5	10482	10482	10482
7I9M	3	10482	10482	10482
7HOX	5	10482	10482	10482
7IA3	3	10482	10482	10482
7H1X	5	10482	10482	10482
7IAB	3	10482	10482	10482
7HP7	5	10482	10482	10482
7I1L	5	10482	10482	10482
7HOU	5	10482	10482	10482
7H2H	5	10482	10482	10482
7HP4	5	10482	10482	10482
7I9X	3	10482	10482	10482
7HOJ	5	10482	10482	10482
7IAJ	3	10482	10482	10482
7IA7	3	10482	10482	10482
7HP2	5	10482	10482	10482
7IAD	3	10482	10482	10482
9B9R	4	10482	10482	10482
7H22	5	10482	10482	10482
7H20	5	10482	10482	10482
9D8E	6	10482	10482	10482
7HPA	3	10482	10482	10482
7H1Y	5	10482	10482	10482
7H2S	5	10482	10482	10482
7H1T	5	10482	10482	10482
7H25	5	10482	10482	10482
7H2I	5	10482	10482	10482
7HPB	3	10482	10482	10482
7H2M	5	10482	10482	10482
7H1U	3	10482	10482	10482
7IAP	3	10482	10482	10482
7H1M	5	10482	10482	10482
7I9N	3	10482	10482	10482
7H27	5	10482	10482	10482
7HOT	5	10482	10482	10482
7I1Z	5	10482	10482	10482
7H2G	3	10482	10482	10482
7IAI	3	10482	10482	10482
7HOK	5	10482	10482	10482
7I1O	5	10482	10482	10482
7H1K	3	10482	10482	10482
7H28	5	10482	10482	10482
7I1S	5	10482	10482	10482
7IA5	3	10482	10482	10482
7HP3	5	10482	10482	10482
7I1Y	5	10482	10482	10482
7H1O	5	10482	10482	10482
7I9U	3	10482	10482	10482
7H2B	5	10482	10482	10482
7I21	5	10482	10482	10482
7H1P	5	10482	10482	10482
7HPD	3	10482	10482	10482
7HP5	5	10482	10482	10482
7I9P	3	10482	10482	10482
7H1N	5	10482	10482	10482
7I20	5	10482	10482	10482
7IAH	3	10482	10482	10482
7I9Y	3	10482	10482	10482
7I9S	3	10482	10482	10482
7IA0	3	10482	10482	10482
7IA6	3	10482	10482	10482
7IAG	3	10482	10482	10482
7I1W	5	10482	10482	10482
7H1R	5	10482	10482	10482
7IA1	3	10482	10482	10482
7HP0	5	10482	10482	10482
7H2R	5	10482	10482	10482
7IA2	3	10482	10482	10482
7IAN	3	10482	10482	10482
7HOM	3	10482	10482	10482
7H1I	5	10482	10482	10482
7HP6	5	10482	10482	10482
7HPH	3	10482	10482	10482
7I1K	5	10482	10482	10482
7H23	5	10482	10482	10482
7H2C	5	10482	10482	10482
7I9Q	3	10482	10482	10482
7I9O	3	10482	10482	10482
7HP1	5	10482	10482	10482
7I22	5	10482	10482	10482
7H2A	5	10482	10482	10482
9QAU	6	10483	10483	10483
9J7I	1	10486	10486	10486
9IQU	1	10501	10501	10501
9MZA	12	10509	11063	11063
9UHD	1	10526	10526	10526
8Y6P	1	10536	10536	10536
9RXI	10	10551	26765	26765
9C19	10	10551	18895	18895
9NJD	3	10562	10562	10562
9NJC	3	10562	10562	10562
9NJE	3	10562	10562	10562
9EQQ	1	10569	10569	10569
9DEO	2	10577	10577	10577
9DEP	3	10577	10577	10577
9DEL	2	10577	10577	10577
9G5L	2	10577	18596	18596
9DEK	6	10577	10577	10577
9DEM	1	10577	10577	10577
9DEN	2	10577	10577	10577
9J6N	6	10581	10581	10581
9J6M	4	10582	10582	10582
8YAS	2	10592	13421	13421
8Y9Y	2	10592	13421	13421
8Y9Z	2	10592	13421	13421
9OQI	7	10593	10593	10593
9OQK	7	10593	10593	10593
9OQH	7	10593	10593	10593
9OQO	7	10593	10593	10593
9OQN	7	10593	10593	10593
9OQM	7	10593	10593	10593
9OQJ	7	10593	10593	10593
9OQL	7	10593	10593	10593
9OQG	7	10593	10593	10593
9K7K	6	10599	10599	10599
9K7J	6	10599	10599	10599
9LAA	10	10599	10599	10599
9K7I	6	10599	10599	10599
9BJE	1	10600	10600	10600
9PDH	12	10613	10613	10613
9CZX	2	10618	10618	10618
9CZT	2	10618	10618	10618
9CZW	2	10618	10618	10618
9CZU	12	10618	10618	10618
9KJT	3	10618	10618	10618
9D00	4	10618	10618	10618
9I0N	1	10629	10629	10629
9I0O	1	10629	10629	10629
8RDD	3	10635	10635	10635
9KCT	3	10636	10636	10636
9KCS	3	10636	10636	10636
9BAM	3	10643	10643	10643
9KJR	3	10648	10648	10648
8RPA	3	10657	10657	10657
9K3O	1	10660	10660	10660
9K3C	1	10660	10660	10660
9HZI	9	10675	10675	10675
9HFW	3	10679	10679	10679
9O0D	4	10681	10681	10681
9LWM	6	10686	10686	10686
9EMT	3	10690	10690	10690
9EMD	3	10690	10690	10690
9IR2	1	10691	10691	10691
9IQC	1	10691	10691	10691
8Y64	6	10693	10693	10693
9H8D	1	10696	10696	10696
9H8E	1	10696	10696	10696
9EN2	9	10696	25523	33524
9H8F	1	10696	10696	10696
9QT6	3	10696	10696	10696
9GQR	6	10698	10698	10698
9LJ7	6	10709	10709	10709
8XN7	2	10718	10718	10718
9S38	3	10725	10725	10725
9S37	3	10725	10725	10725
9SSD	3	10745	10745	10745
9SG6	3	10745	10745	10745
9SGE	3	10745	10745	10745
9SGA	3	10745	10745	10745
9SGD	3	10745	10745	10745
9SSI	3	10745	10745	10745
8ZAW	1	10745	10745	10745
9SG9	3	10745	10745	10745
9SGB	3	10745	10745	10745
9SGC	3	10745	10745	10745
9SSF	3	10745	10745	10745
9SSE	3	10745	10745	10745
9SG8	3	10745	10745	10745
9SSH	3	10745	10745	10745
9SG7	3	10745	10745	10745
9SSG	3	10745	10745	10745
9SG5	3	10745	10745	10745
9RDE	1	10751	10751	10751
8RC6	6	10754	10754	10754
9IW9	12	10762	10762	10762
9NOS	2	10782	11088	11088
9NOR	2	10782	11088	11088
9NOT	2	10782	11088	11088
9O38	5	10782	11344	47452
9NOX	4	10782	11985	47452
9NOY	1	10782	10782	10782
9HIQ	6	10783	13058	13058
9HIR	2	10783	10783	10783
9HIP	4	10783	13058	13058
8ZU0	2	10785	10785	10785
8RFP	4	10806	10806	10806
8VUD	2	10806	10806	10806
8RFU	4	10806	10806	10806
8RFQ	4	10806	10806	10806
8RFO	4	10806	10806	10806
8RFT	4	10806	10806	10806
8RFL	4	10806	10806	10806
8RFR	4	10806	10806	10806
9HNC	48	10807	10807	10807
9JKP	1	10816	10816	10816
9SD4	3	10817	10817	10817
9W58	12	10822	18229	18229
9ONM	18	10826	10826	10826
9ONN	18	10826	10826	10826
9ONQ	6	10826	10826	10826
9ONO	18	10826	10826	10826
9AV1	3	10831	10831	10831
9AV3	1	10831	10831	10831
9AV2	3	10831	10831	10831
8ZSI	8	10835	23370	23370
9XVC	16	10856	23370	23370
8ZSF	12	10862	10862	10862
8ZSH	32	10862	23370	23370
8ZSG	24	10862	23370	23370
8Z5B	3	10862	10862	10862
9NP9	1	10870	10870	10870
9NPL	6	10870	10870	10870
9NPD	3	10870	10870	10870
9NPN	6	10873	10873	10873
9NP8	3	10873	10873	10873
9NPA	1	10873	10873	10873
9NPC	9	10873	10873	10873
9NPB	1	10873	10873	10873
9NFE	3	10873	10873	10873
9NPE	6	10873	10873	10873
9NPF	6	10873	10873	10873
9M9Y	1	10877	10877	10877
9U5A	1	10877	10877	10877
9NH2	16	10883	10883	10883
9G1Y	12	10900	18596	18596
9NIQ	1	10904	10904	10904
9Z8K	6	10910	10910	10910
10BL	2	10910	10910	10910
8YT7	1	10912	10912	10912
9R19	9	10913	16179	25428
9LUC	5	10916	10916	10916
9N8R	3	10916	10916	10916
9G48	12	10919	18596	18596
9BC6	4	10931	10931	10931
8YEP	3	10931	10931	10931
9BC7	4	10931	10931	10931
10JU	2	10934	10934	10934
9HFV	3	10936	10936	10936
9HFU	6	10936	10936	10936
9QTP	2	10937	10937	10937
9AUZ	3	10946	10946	10946
9AUY	3	10946	10946	10946
9AV0	3	10946	10946	10946
9Q35	4	10954	10954	10954
8ZMQ	34	10957	10957	10957
8YK8	1	10959	10959	10959
8YKC	3	10959	10959	10959
9VYR	6	10960	10960	10960
9VYU	6	10960	10960	10960
9VYV	6	10960	10960	10960
9UNT	6	10960	10960	10960
9VYY	3	10960	10960	10960
9VYW	3	10960	10960	10960
9VYX	3	10960	10960	10960
9VYS	6	10960	10960	10960
9VYQ	6	10960	10960	10960
9VYT	6	10960	10960	10960
9C4M	24	10964	10964	10964
9AUX	24	10964	10964	10964
9AUW	24	10964	10964	10964
9AUV	24	10964	10964	10964
9MHW	3	10971	10971	10971
9MHX	6	10971	10971	10971
9MHY	6	10971	10971	10971
9CQ1	2	10972	10972	10972
9CQ9	2	10972	10972	10972
9VIO	9	10974	10974	10974
9VIP	3	10974	10974	10974
9VIS	3	10974	10974	10974
9HGG	3	10975	10975	10975
8Z3F	3	10981	10981	10981
9WZ6	8	10982	10982	10982
9WZI	8	10982	10982	10982
9CTM	2	10986	10986	10986
9CTK	6	10986	10986	10986
9CTL	6	10986	10986	10986
9CTI	2	10986	10986	10986
9CTN	6	10986	10986	10986
9CTO	6	10986	10986	10986
9VIT	3	10990	10990	10990
8RFS	4	10993	10993	10993
9NKB	2	10993	10993	10993
9HGH	1	10993	10993	10993
9KPV	4	11018	11018	11018
9OPY	2	11035	11530	11530
9G3P	60	11041	11041	11041
9B3S	6	11055	11055	11055
9C8L	3	11057	11057	11057
9C8P	3	11057	11057	11057
9C8O	3	11057	11057	11057
9C8M	3	11057	11057	11057
9OQ4	2	11061	11349	11349
9OQ5	2	11061	11349	11349
9OQ2	2	11061	11209	11209
9OQ3	2	11061	11209	11209
9OQ6	2	11061	11349	11349
9G7K	24	11064	18596	18596
9MC8	3	11068	11068	11068
9U55	1	11068	11068	11068
9MAU	1	11068	11068	11068
8XOV	1	11076	11076	11076
9S9T	1	11078	11078	11078
9FIS	2	11100	11100	11100
9GNZ	22	11102	11102	11133
9LFY	6	11116	11116	11116
9M6I	5	11122	11122	11122
9D4V	6	11142	11142	11142
9D4Y	6	11142	11142	11142
9D4W	4	11142	11142	11142
9LER	6	11143	11143	11143
9FK6	1	11147	11147	11147
9U77	2	11148	11148	11148
9L6M	3	11162	11162	11162
9D50	4	11164	11164	11164
9D4X	6	11164	11164	11164
8ZBV	1	11174	11174	11174
9UGE	4	11179	11179	11179
8YES	6	11181	11181	11181
8YTC	2	11206	11206	11206
8ROH	1	11211	11211	11211
9SWJ	24	11216	23559	23559
9FK8	1	11216	11216	11216
8Y1J	2	11230	11230	11230
9KLY	1	11232	11232	11232
9LKR	2	11232	11232	11232
9KLA	1	11232	11232	11232
9KM1	2	11232	11232	11232
9H24	1	11233	11233	11233
9IBH	3	11241	11241	11241
9HC0	3	11242	11242	11242
9HC3	3	11242	11242	11242
9KUE	2	11244	11244	11244
9I4G	4	11248	11248	11248
9I4F	4	11248	11248	11248
9DSW	4	11256	11256	11256
9DG5	7	11256	11256	11256
9DSV	7	11256	11256	11256
9DSQ	6	11256	11256	11256
9D3H	6	11256	11256	11256
9CAO	2	11257	11257	11257
9CAM	6	11257	11257	11257
8XJ5	2	11265	11265	11265
9LBF	2	11270	11270	11270
9QH3	3	11284	11284	11284
9QH0	3	11286	11286	11286
9KKK	1	11295	11295	11295
9KL5	1	11295	11295	11295
9KLZ	1	11295	11295	11295
9J02	1	11295	11295	11295
9UNX	1	11295	11295	11295
9J06	1	11295	11295	11295
9J04	1	11295	11295	11295
9EF8	3	11297	11297	11297
9EF6	6	11297	11297	11297
9EF7	7	11297	11297	11297
9HQF	6	11303	11303	11303
9HQH	6	11303	11303	11303
9HQ0	6	11303	11303	11303
9NZY	6	11307	11307	11307
9FK7	1	11311	11311	11311
9FIP	2	11317	11317	11317
9FIO	4	11317	11317	11317
9FIR	2	11317	11317	11317
9FIQ	2	11317	11317	11317
9QJE	2	11318	11318	11318
9ISQ	4	11324	11324	11324
8RUV	4	11342	11342	11342
9IRW	1	11342	11342	11342
9NO2	4	11345	18311	18311
9FIU	2	11348	11348	11348
9FIT	2	11348	11348	11348
9FIV	2	11348	11348	11348
9UO6	12	11352	11352	11352
9O85	8	11366	20199	20199
9O93	8	11366	20199	20199
9HJ7	6	11371	11371	11371
9O7S	8	11373	20139	20139
9EIO	8	11373	20399	20399
9ZRQ	8	11373	20238	20238
9LJ9	2	11397	11397	11397
9IML	4	11399	11399	11399
9IJU	4	11399	11399	11399
8YQF	14	11408	11408	11408
9M68	10	11409	12372	12372
9XVW	2	11419	11419	11419
9PFB	1	11422	11422	11422
9PMD	1	11422	11422	11422
9PDQ	1	11422	11422	11422
9IRY	1	11434	11434	11434
9IRX	1	11434	11434	11434
9CGN	2	11438	11438	11438
9HUR	1	11457	11457	11457
9DH3	4	11457	11457	11457
9FK1	3	11460	11460	11460
9FK2	3	11460	11460	11460
9FK4	3	11460	11460	11460
9FK3	1	11460	11460	11460
9LES	2	11466	11466	11466
9DVY	6	11468	11468	11468
9WHD	2	11489	11489	11489
9LYF	1	11490	11490	11490
9MW3	8	11502	11502	11502
9MW1	6	11502	11502	11502
9MW2	6	11502	11502	11502
9OH9	16	11504	11504	11504
9DK9	1	11504	11504	11504
9ISK	6	11505	11505	11505
9J72	1	11510	11510	11510
9J73	1	11510	11510	11510
9J76	1	11510	11510	11510
9J75	1	11510	11510	11510
9J74	1	11510	11510	11510
9J5W	1	11516	11516	11516
9J5X	1	11516	11516	11516
9J5Z	1	11516	11516	11516
9JDY	1	11523	11523	11523
9JDV	1	11523	11523	11523
9JE0	1	11523	11523	11523
9JDZ	1	11523	11523	11523
9JE1	1	11523	11523	11523
9KMR	3	11526	11526	11526
9QD3	8	11537	11537	11537
9BEH	2	11538	11538	11538
9FK9	3	11538	11538	11538
9ISM	4	11545	25685	25685
9ISO	4	11545	25685	25685
9I3G	9	11546	11546	11546
8YUE	2	11547	11547	11547
9FBO	2	11549	11549	11549
9GU4	1	11557	11557	11557
8RI2	1	11557	11557	11557
9SFG	1	11557	11557	11557
9HG4	1	11557	11557	11557
8XUP	24	11564	30594	30594
9L6K	2	11567	11567	11567
9L78	2	11569	11569	11569
8RJX	1	11569	11569	11569
9C1B	4	11571	11571	11571
9B1I	1	11573	11573	11573
9B1J	1	11573	11573	11573
9B1G	1	11573	11573	11573
9B1N	3	11573	11573	11573
9B1F	1	11573	11573	11573
9B1L	1	11573	11573	11573
9B1H	1	11573	11573	11573
9B1K	1	11573	11573	11573
9B1M	3	11573	11573	11573
9B1O	1	11573	11573	11573
8RUZ	3	11585	11585	11585
8RV1	3	11585	11585	11585
9I4J	3	11599	11599	11599
8RKY	9	11599	11599	11599
9I9R	9	11599	11599	11599
9BEV	4	11603	11603	11603
8ZEM	1	11609	11609	11609
9F5N	5	11618	11618	11618
9EWA	15	11618	11618	11618
9F5O	5	11618	11618	11618
9EWL	5	11618	11618	11618
9EX4	5	11618	11618	11618
9EX6	5	11618	11618	11618
9M9V	1	11621	11621	11621
9I8C	1	11623	11623	11623
8ZHT	2	11628	44283	44283
9IL4	2	11640	11640	11640
9L7E	1	11647	11647	11647
8XNB	2	11648	11648	11648
9R0S	5	11686	11686	11686
9R0P	3	11686	11686	11686
8W21	24	11690	11690	11690
9UDY	1	11693	11693	11693
9UDZ	2	11693	11693	11693
9TDX	12	11699	11699	11699
9TDW	12	11711	11711	11711
9TDV	12	11711	11711	11711
9BOX	8	11719	11719	11719
8Z03	2	11725	22393	22393
9FXN	2	11725	11725	11725
8Z02	2	11725	22393	22393
9HIV	3	11742	18452	31247
9NAA	2	11744	11744	11744
9D8Z	7	11751	11751	11751
8VX3	10	11757	11757	11757
9NVK	36	11757	11757	11757
9NV4	24	11757	11757	11757
9NV8	24	11757	11757	11757
9NVC	24	11757	11757	11757
9NV7	24	11757	11757	11757
9NVJ	34	11757	11757	11757
9D51	2	11774	11774	11774
9NLO	2	11775	11775	11775
9ZZV	1	11778	11778	11778
9XVH	4	11785	11785	11785
9LAD	3	11803	11803	11803
9LI1	3	11807	11807	11807
9EN9	1	11829	11829	11829
9C1W	1	11833	11833	11833
9DGH	16	11845	11845	11845
9IRB	1	11864	11864	11864
9KP9	1	11867	11867	11867
9JOB	2	11867	11867	11867
9JZA	6	11867	11867	11867
9JZE	2	11867	11867	11867
9JZB	2	11867	11867	11867
9JOA	2	11867	11867	11867
9JZC	2	11867	11867	11867
9JZ9	6	11867	11867	11867
9JZ8	6	11867	11867	11867
9JZD	2	11867	11867	11867
9JZ7	2	11867	11867	11867
9V7V	4	11869	11869	11869
9UAP	1	11872	11872	11872
9PMK	4	11880	11880	11880
9PM9	1	11880	11880	11880
9TDU	2	11884	11884	11884
9JBP	6	11884	11884	11884
9JBO	3	11888	11888	11888
8ZC7	2	11891	11891	11891
9RCM	1	11911	11911	11911
9RC5	3	11911	11911	11911
9RCN	3	11911	11911	11911
9JQW	6	11924	11924	11924
9G3Q	4	11928	11928	11928
9ND5	1	11929	11929	11929
9ECG	3	11932	11932	11932
9D2P	3	11932	11932	11932
9ECH	1	11932	11932	11932
9CLQ	1	11932	11932	11932
9D2O	1	11932	11932	11932
9J9D	3	11957	11957	11957
8YHL	3	11957	11957	11957
9CDJ	6	11958	11958	11958
9CDI	6	11958	11958	11958
9CR4	4	11962	11962	11962
9CRA	4	11962	11962	11962
9LFX	4	11968	11968	11968
9F6X	1	11980	11980	11980
8ZVT	3	11993	11993	11993
9RYG	12	11999	11999	11999
8RDY	6	12005	26923	26923
9NEV	6	12015	12015	12015
9OPW	2	12018	12081	12081
9ICZ	8	12025	12025	12025
9RC3	6	12027	12027	12027
9DV9	3	12035	12035	12035
9DV8	3	12035	12035	12035
9RCL	9	12045	12045	12045
8ZHV	2	12045	12045	12045
8ZHU	2	12045	12045	12045
9RCJ	8	12045	12045	12045
9RCK	8	12045	12045	12045
9YD8	2	12050	12050	12050
8ZVL	12	12055	12055	12055
9OQ1	2	12056	12081	12081
9OPZ	2	12056	12081	12081
9V4C	30	12059	12059	12059
8S4U	2	12063	24794	24794
8S5U	2	12063	24794	24794
9LGT	2	12066	12066	12066
9VP5	2	12079	12079	12079
9VP7	2	12079	12079	12079
9VP6	2	12079	12079	12079
9D6L	1	12083	12083	12083
9OQ0	2	12086	12535	12535
9OPX	2	12086	12535	12535
9N2F	2	12092	30961	30961
9ZK5	1	12094	12094	12094
9ZK3	6	12094	12094	12094
9ZK6	2	12094	12094	12094
9ZK0	6	12094	12094	12094
9ZK1	10	12094	12094	12094
9ZK4	6	12094	12094	12094
9ZK2	4	12094	12094	12094
9MEC	4	12098	12098	12098
9MDT	4	12098	12098	12098
9DQM	6	12098	12098	12098
9MEA	4	12098	12098	12098
9MED	12	12098	12098	12098
9MF6	12	12098	12098	12098
9VIM	4	12109	12109	12109
9DIK	6	12114	12114	12114
9DI6	1	12114	12114	12114
9DLK	3	12114	12114	12114
9DKQ	3	12114	12114	12114
9DIZ	1	12114	12114	12114
9DKO	1	12114	12114	12114
9DKY	1	12114	12114	12114
9DLY	1	12114	12114	12114
8ROS	3	12132	12132	12132
8ZYB	8	12143	12143	12143
9FAN	3	12144	12144	12144
9FAR	3	12144	12144	12144
9ATB	22	12168	12168	12168
8ZVU	6	12171	12171	12171
8ZVM	6	12171	12171	12171
8ZVW	3	12171	12171	12171
8ZVV	12	12171	12171	12171
8ZVR	6	12171	12171	12171
8ZW1	6	12171	12171	12171
9HWQ	3	12177	12177	12177
9HWT	3	12177	12177	12177
9F2P	3	12177	12177	12177
9HWX	3	12177	12177	12177
9F2Q	3	12177	12177	12177
9HWU	3	12177	12177	12177
9HWR	3	12177	12177	12177
9HWW	3	12177	12177	12177
9HWS	3	12177	12177	12177
9HWV	3	12177	12177	12177
8RUT	3	12196	12196	12196
9COZ	3	12206	12206	12206
9CWL	3	12206	12206	12206
8RQJ	2	12208	12208	12208
8S3O	1	12218	12218	12218
9R31	4	12222	12222	12222
9E5G	18	12224	12224	12224
9U5L	3	12233	12233	12233
9H73	16	12235	12235	12235
9H4I	16	12235	12235	12235
9H2L	8	12235	12235	12235
9DKB	1	12246	12246	12246
9DKA	1	12246	12246	12246
9DKC	1	12246	12246	12246
9W54	2	12252	18229	18229
9FQK	2	12262	22481	22481
9W57	12	12265	18229	18229
9NOW	2	12269	12609	12609
9NOV	2	12269	12609	12609
9RC6	9	12285	12285	12285
8VWN	4	12289	12289	12289
8VWL	8	12289	12289	12289
9SNT	1	12291	12291	12291
8XFY	10	12297	12297	12297
9F3G	12	12300	12300	12300
9F2O	12	12300	12300	12300
9FN8	12	12300	12300	12300
9FN7	12	12300	12300	12300
9F30	12	12300	12300	12300
9F2N	6	12300	12300	12300
9IYK	40	12302	12302	12302
9D5X	2	12302	12302	12302
8VER	18	12310	12310	12310
9U5B	4	12320	12320	12320
9JWU	4	12320	12320	12320
9JWW	4	12320	12320	12320
8YHH	6	12322	12322	12322
9JWE	4	12322	12322	12322
9R0U	8	12322	12322	12322
9R0L	8	12322	12322	12322
8YD3	26	12323	12323	12323
22VI	2	12325	12325	12325
8RQG	1	12325	12325	12325
8ZD5	12	12326	45150	45425
8ZD6	12	12326	45150	45425
8XXE	6	12327	12327	12327
8XXD	6	12327	12327	12327
8XXF	18	12327	12327	12327
9HE8	12	12349	12349	12349
9Q5C	6	12355	12355	12355
9ETK	3	12365	12365	12365
9IVU	1	12365	12365	12365
9IVT	1	12373	12373	12373
9IYD	3	12376	12376	12376
9NGR	5	12390	12390	12390
9NGQ	5	12390	12390	12390
9NGF	15	12390	12390	12390
9NGG	15	12390	12390	12390
9NH4	5	12390	12390	12390
9NGS	5	12390	12390	12390
9ND3	3	12395	12395	12395
9FPW	6	12397	12397	12397
9FPV	6	12397	12397	12397
9TP6	3	12400	12400	12400
9F19	2	12402	12402	12402
9F6G	1	12402	12402	12402
8YHK	1	12406	12406	12406
8XIZ	2	12418	12418	12418
9CEB	84	12421	19010	19010
9CE8	28	12421	18974	18974
9CEG	28	12421	19010	19010
9CEE	84	12421	19010	19010
9CE5	28	12421	18974	18974
9IYJ	3	12422	12422	12422
8YAT	8	12430	25532	25532
8YAF	12	12430	24678	24678
9FG0	5	12436	12944	13465
9PZL	4	12436	12436	12436
8W31	1	12441	12441	12441
9H96	3	12443	12443	12443
9R5B	3	12443	12443	12443
9R5D	3	12443	12443	12443
9FBI	6	12443	12443	12443
9R5F	3	12443	12443	12443
9NOU	2	12443	12609	12609
9R5C	3	12443	12443	12443
9GXY	3	12443	12443	12443
9R57	3	12443	12443	12443
9G4G	2	12445	18596	18596
8Z2C	6	12445	12445	12445
8Z1M	6	12445	12445	12445
8Z2F	6	12445	12445	12445
8Z1N	6	12445	12445	12445
8Z1C	6	12445	12445	12445
8Z2B	18	12445	12445	12445
9BAL	3	12462	12462	12462
9W55	2	12468	18229	18229
9W56	8	12468	18229	18229
8Z2A	6	12473	12473	12473
9JRN	1	12477	12477	12477
9JOZ	1	12477	12477	12477
9JRL	1	12477	12477	12477
8Z1O	6	12482	12482	12482
8S65	4	12484	12484	12484
9KP3	2	12485	12485	12485
8Z29	6	12489	12489	12489
9Y51	3	12491	12491	12491
8V7R	3	12491	12491	12491
8V7U	3	12491	12491	12491
9HHW	3	12495	12495	12495
9N1Z	4	12503	17621	17621
9N20	2	12503	17621	17621
9DAE	24	12510	12510	12510
9UT9	2	12513	12767	12767
9UTA	2	12513	12767	12767
9UTC	2	12513	12767	12767
9CGO	2	12513	12513	12513
9UT8	2	12513	12767	12767
9UTB	2	12513	12767	12767
8VUW	15	12518	12518	12518
9NGC	5	12518	12518	12518
9NGI	5	12518	12518	12518
9MH8	4	12519	12519	12519
9MH9	4	12519	12519	12519
8XX9	3	12519	12519	12519
8XFQ	3	12523	12523	12523
8XFR	3	12523	12523	12523
9G9M	3	12528	15614	48481
9G97	2	12528	48481	48481
9G9P	3	12528	15614	48481
9G95	2	12528	48481	48481
9G9O	3	12528	15614	48481
9G9N	3	12528	15614	48481
8S7I	10	12531	12531	12531
9M8Y	1	12549	12549	12549
8XXA	1	12552	12552	12552
9ETW	6	12553	12553	12553
8XJ4	2	12556	12556	12556
9JRK	1	12561	12561	12561
9JRI	1	12561	12561	12561
9JRM	1	12561	12561	12561
9J07	3	12562	12562	12562
9J08	3	12562	12562	12562
9V4B	5	12563	12563	12563
9LKP	5	12564	12564	12564
9LL3	5	12564	12564	12564
9HY7	14	12569	12569	12569
9D52	3	12578	12578	12578
9D53	1	12578	12578	12578
9HZ1	14	12585	12585	12585
9HYJ	18	12585	12585	12585
9HYX	14	12585	12585	12585
8S7H	10	12593	12593	12593
9BKV	2	12598	12598	12598
9BGV	2	12598	12598	12598
8VA1	4	12619	12619	12619
9CE0	2	12626	12626	12626
9CDR	2	12626	12626	12626
9EQ5	4	12645	12645	12645
9HVW	3	12648	12648	12648
9R5Y	6	12652	12652	12652
8ZXX	1	12667	12667	12667
9EU4	2	12670	12670	12670
9EU1	6	12675	12675	12675
9EU2	12	12692	12692	12692
9EU3	12	12692	12692	12692
9HK5	3	12718	12718	12718
9EP2	6	12721	12721	12721
9H81	4	12721	12721	12721
8RLO	6	12721	12721	12721
8Z31	1	12740	12740	12740
8Z35	1	12740	12740	12740
9HWN	6	12746	12746	12746
8S4F	6	12746	12746	12746
9FLF	8	12746	12746	12746
9R8X	4	12746	12746	12746
9R30	4	12746	12746	12746
9R8Y	4	12746	12746	12746
9FX3	1	12748	12748	12748
9FX2	1	12748	12748	12748
9G38	4	12754	12754	12754
9N7Y	4	12755	12755	12755
9ATX	3	12760	12760	12760
8ZXP	3	12776	12776	12776
8ZW8	3	12776	12776	12776
8ZXK	3	12776	12776	12776
9H3H	3	12780	12780	12780
9BHV	1	12783	12783	12783
9BHU	1	12783	12783	12783
9BI0	1	12783	12783	12783
8VQ5	3	12786	12786	12786
9QGM	3	12787	12787	12787
8XU2	24	12788	12788	12788
9MM2	3	12790	12790	12790
8VZG	3	12794	12794	12794
9HGP	3	12801	12801	12801
9L2Z	4	12803	12803	12803
9FPT	3	12803	12803	12803
9GOO	3	12803	12803	12803
9GFX	4	12803	12803	12803
8ROU	4	12803	12803	12803
9GAK	3	12803	12803	12803
9FAO	3	12803	12803	12803
8RJ2	3	12803	12803	12803
8VQ7	3	12803	12803	12803
9FPU	4	12803	12803	12803
9GUM	3	12803	12803	12803
9L33	4	12803	12803	12803
8VQ6	3	12803	12803	12803
9L2X	4	12803	12803	12803
9GFV	4	12803	12803	12803
9HNX	3	12803	12803	12803
9LDP	4	12803	12803	12803
9H0V	4	12803	12803	12803
9HWM	3	12803	12803	12803
9HD6	3	12803	12803	12803
9GFW	3	12803	12803	12803
9HXZ	3	12803	12803	12803
8ROW	4	12803	12803	12803
9FPQ	3	12803	12803	12803
9GU7	3	12803	12803	12803
9FPR	3	12803	12803	12803
9LR6	4	12803	12803	12803
9FAI	3	12803	12803	12803
9GAM	3	12803	12803	12803
9GUO	3	12803	12803	12803
9GAJ	3	12803	12803	12803
9FPS	3	12803	12803	12803
9L31	4	12803	12803	12803
9KH8	4	12803	12803	12803
9FJQ	3	12803	12803	12803
9EN8	4	12803	12803	12803
9HQ3	3	12803	12803	12803
9HQG	3	12803	12803	12803
9L2Y	4	12803	12803	12803
9OAM	3	12803	12803	12803
9L32	4	12803	12803	12803
9FJV	3	12803	12803	12803
9H0W	3	12803	12803	12803
9P0W	3	12803	12803	12803
8RLP	3	12803	12803	12803
9OBJ	3	12803	12803	12803
9L30	4	12803	12803	12803
9LDO	4	12803	12803	12803
9I29	3	12803	12803	12803
9Y6C	1	12808	12808	12808
9CLO	2	12814	12814	12814
9F15	1	12815	12815	12815
8ZWV	3	12820	12820	12820
9B86	1	12828	12828	12828
9F2E	3	12831	12831	12831
9F2F	12	12831	12831	12831
9VBT	12	12836	34093	37839
9VBO	8	12836	37839	37839
9D8B	8	12838	12838	12838
9D8D	4	12838	12838	12838
9BA6	4	12838	12838	12838
8VBY	1	12840	12840	12840
8ZJB	6	12841	12841	12841
8XU1	3	12848	12848	12848
8RLQ	3	12861	12861	12861
8RNS	3	12861	12861	12861
9LTP	4	12862	14275	14275
8RAR	3	12870	12870	12870
8RBP	4	12870	12870	12870
8ZT3	8	12870	12870	12870
9OAF	4	12871	12871	12871
9O8X	3	12871	12871	12871
9M24	3	12876	12876	12876
9VD2	3	12876	12876	12876
9KL6	3	12876	12876	12876
9FTE	2	12899	13429	13429
9JT3	4	12903	12903	12903
9HKL	3	12911	12911	12911
9HKM	3	12911	12911	12911
9I66	3	12913	12913	12913
9I8U	3	12913	12913	12913
9CMF	2	12915	12915	12915
9QYT	3	12915	12915	12915
9CZ4	1	12917	12917	12917
9CY2	1	12917	12917	12917
9CYZ	3	12917	12917	12917
9CZ5	3	12917	12917	12917
9I5Z	3	12918	12918	12918
9I61	3	12918	12918	12918
9HKO	3	12918	12918	12918
9I60	3	12918	12918	12918
9GKK	3	12919	12919	12919
9FSN	3	12939	12939	12939
9I4H	3	12939	12939	12939
9CN1	2	12945	29339	29339
9DDD	12	12947	42673	42673
9DCL	1	12947	12947	12947
9IIF	1	12948	12948	12948
9JTX	3	12948	12948	12948
9HRC	1	12958	12958	12958
8ZKC	1	12961	12961	12961
9BA7	2	12963	12963	12963
9PYV	3	12965	12965	12965
8S3G	4	12972	12972	12972
9FDG	1	13004	13004	13004
8RLJ	6	13012	13012	13012
8RLK	6	13012	13012	13012
8RLL	4	13012	13012	13012
9FCM	9	13016	13016	13016
9FDF	3	13018	13018	13018
9FDN	3	13018	13018	13018
9FDH	3	13018	13018	13018
8YHP	3	13019	13019	13019
9KER	1	13021	13021	13021
8XSU	15	13026	14038	14038
8YLM	8	13034	13034	13034
9VEQ	2	13040	13040	13040
9UO8	2	13040	13040	13040
9FMP	4	13062	13062	13062
9FMO	3	13062	13062	13062
9BLH	4	13069	13069	13069
8XSW	15	13072	13072	13072
9P0P	1	13077	13077	13077
8ZLQ	1	13077	13077	13077
8XFM	3	13092	13092	13092
8XXC	8	13092	13092	13092
9HZ5	1	13101	13101	13101
9SG3	10	13112	13112	13112
9CCB	3	13114	13114	13114
9ETX	2	13123	13123	13123
9ETY	6	13123	13123	13123
9M5Y	6	13143	20435	20435
8Y68	6	13143	13143	13143
9LIY	6	13157	13157	13157
9LIX	6	13157	13157	13157
8Z3R	6	13171	13171	13171
8Z40	6	13171	13171	13171
9YHN	1	13186	13186	13186
9YKJ	2	13186	13186	13186
9CLZ	60	13201	13201	13201
8VEH	4	13203	13203	13203
9QLG	4	13211	13211	13211
9LXL	3	13226	13226	13226
8YP5	3	13234	13234	13234
9LH1	1	13243	13243	13243
9J71	8	13243	13243	13243
9J7G	8	13243	13243	13243
9J70	6	13243	13243	13243
9L8Q	3	13243	13243	13243
9KVW	3	13243	13243	13243
9J7F	12	13243	13243	13243
8ZEI	3	13245	13245	13245
8Y9V	2	13249	28985	28985
8ZEL	3	13264	13264	13264
8XZC	3	13264	13264	13264
9I0S	6	13271	13271	13271
8ZWZ	1	13276	13276	13276
8ZOY	3	13279	13279	13279
8ZPB	1	13279	13279	13279
8ZP1	1	13279	13279	13279
8ZP2	1	13279	13279	13279
9HQI	6	13281	13281	13281
9HR3	6	13281	13281	13281
9HR0	6	13281	13281	13281
9HQM	2	13281	13281	13281
9HQZ	2	13281	13281	13281
8Z9Z	4	13285	13285	15710
8Z9A	4	13285	13285	15710
9GDK	6	13287	13287	13287
9G5K	2	13289	24794	24794
9HJD	2	13289	24794	24794
8S5Z	2	13289	24794	24794
9FF0	15	13292	13292	13292
9CP8	6	13334	13334	13334
9CP7	6	13334	13334	13334
9QRI	2	13337	13337	13337
9QSS	2	13337	13337	13337
9QSR	2	13337	13337	13337
9HL7	6	13337	13337	13337
9QRJ	2	13337	13337	13337
9QSU	4	13337	13337	13337
9HKS	6	13337	13337	13337
9HL0	6	13337	13337	13337
9HKP	6	13337	13337	13337
9QRH	2	13337	13337	13337
9QSV	2	13337	13337	13337
9HPH	6	13337	13337	13337
23FI	6	13343	13343	13343
23FH	6	13343	13343	13343
9CP9	2	13350	13350	13350
9GA2	2	13351	13351	13351
9QYU	3	13351	13351	13351
9EMK	3	13359	13359	13359
9QLR	36	13361	13361	13361
9GTX	4	13365	13365	13365
9GZR	12	13381	13381	13381
9BUG	3	13411	13411	13411
9GS3	2	13413	27358	27358
9GRY	2	13413	24520	24520
9GS5	2	13413	27358	27358
9GSL	2	13413	24727	24727
9I20	2	13413	24727	24727
9GS7	2	13413	27358	27358
8YA3	1	13421	13421	13421
9CE7	28	13447	18974	18974
9BES	6	13475	13489	13489
9BB9	6	13475	13475	13475
9LBV	2	13475	13475	13475
8XIJ	1	13486	13486	13486
8XIK	1	13486	13486	13486
8ZAR	10	13517	13517	32889
8Y2D	1	13521	13521	13521
9IVY	6	13522	13522	13522
8XSQ	2	13522	13522	13522
8Y1U	1	13529	13529	13529
9R59	1	13532	13532	13532
8Y3X	5	13576	24208	42866
8XU3	1	13583	13583	13583
8XJP	1	13583	13583	13583
8XGZ	1	13583	13583	13583
8XJQ	1	13583	13583	13583
9F17	6	13593	13593	13593
9G8T	3	13599	13599	13599
8ZUY	3	13601	16064	21706
9FUI	4	13607	13607	13607
8RDZ	8	13617	13617	13617
9G6Y	2	13617	13617	13617
9FUK	4	13621	13621	13621
9LBB	15	13637	13637	13637
9LAI	15	13637	13637	13637
9LAG	5	13637	13637	13637
9LAJ	15	13637	13637	13637
9LBC	15	13637	13637	13637
9LAK	5	13637	13637	13637
9LB9	5	13637	13637	13637
9LBA	5	13637	13637	13637
9LBD	5	13641	13641	13641
9FUH	4	13648	13648	13648
9UHR	3	13659	16064	21706
9UH5	3	13659	16064	21706
9UH8	3	13659	16064	21706
8XL4	12	13659	18729	18729
8ZV2	3	13659	16038	21706
8XL3	12	13659	18729	18729
8ZV4	3	13659	16148	21706
8ZUZ	3	13659	16019	21706
8ZUX	3	13659	16064	21706
9UHS	18	13659	16064	21706
8ZV3	3	13659	16148	21706
9UHB	3	13659	16064	21706
8ZV6	3	13659	16064	21573
9UHY	3	13659	16064	21706
9UH1	3	13659	16064	21706
8XL5	12	13659	18729	18729
8ZV0	3	13659	16019	21706
8ZV5	3	13659	16064	21573
8ZV1	3	13659	16038	21706
9UH6	3	13659	16064	21706
9UH2	3	13659	16064	21706
8YEQ	3	13660	13660	13660
9LBE	5	13662	13662	13662
9C89	1	13663	13663	13663
9L0C	2	13664	32797	32797
9L0B	2	13664	32797	32797
8XX1	3	13670	13670	13670
8XU4	12	13670	13670	13670
9LQU	4	13696	23702	23702
9LQX	4	13696	23702	23702
9LQW	4	13696	23702	23702
9LQT	2	13696	13696	13696
9LQY	2	13696	13696	13696
9LQZ	6	13696	13696	13696
9FOM	4	13701	13701	13701
9FUJ	4	13701	13701	13701
9YIT	6	13714	13714	13714
9YIS	6	13714	13714	13714
9JDO	1	13720	13720	13720
9AVS	2	13727	13727	13727
9GPH	12	13758	13758	13758
9FJZ	2	13758	13758	13758
9GQS	2	13758	13758	13758
9FJ8	2	13758	13758	13758
9G2A	12	13763	18596	18596
9MIU	3	13776	13776	13776
9FVC	4	13780	41275	41275
9GJX	18	13794	13794	13794
9GJY	18	13794	13794	13794
9FH8	8	13803	13803	13803
9AYB	1	13805	13805	13805
9M6G	6	13815	20435	20435
9P8Z	20	13815	13815	13815
9YX5	24	13850	17809	18889
9D9X	11	13854	13854	13854
9WFF	26	13854	13854	13854
9E6Y	6	13858	15802	15802
9EDY	3	13861	13861	13861
9N2M	3	13870	13870	13870
9N1T	3	13870	13870	13870
9N2O	4	13870	13870	13870
8RTL	24	13872	15240	16565
8RTM	24	13872	15202	15202
9GDJ	10	13878	13878	13878
9INX	1	13886	13886	13886
9INV	1	13886	13886	13886
9INW	1	13886	13886	13886
9DR4	3	13889	13889	13889
9DO0	2	13889	13889	13889
9DNW	2	13889	13889	13889
9DQF	3	13889	13889	13889
9AYQ	2	13898	13898	13898
9DUE	3	13900	13900	13900
8VVH	6	13900	20998	20998
9DUB	3	13900	13900	13900
9GO2	2	13903	13903	13903
9GO1	1	13903	13903	13903
9BIX	1	13907	13907	13907
8XL8	12	13908	17318	17318
8XL7	12	13908	17318	17318
8XL6	12	13908	17318	17318
8Y65	1	13953	13953	13953
8Y66	1	13953	13953	13953
8VD4	4	13980	13980	13980
8VD5	4	13980	13980	13980
9F6O	2	13987	20198	20198
9QI9	3	13994	13994	13994
9CCY	3	13997	13997	13997
9CCX	3	13997	13997	13997
9CD1	4	13997	13997	13997
9CCZ	3	13997	13997	13997
9CD0	3	13997	13997	13997
9H0M	12	13999	15143	15217
9DU7	2	14005	14005	14005
9NVL	7	14008	16621	20869
9NVM	7	14008	16621	20869
8RM2	3	14018	14018	14018
8RQW	3	14018	14018	14018
9FD8	6	14023	14023	14023
9FD7	7	14023	14023	14023
9FD9	8	14023	14023	14023
8YGV	7	14027	16204	20338
9JC2	10	14027	25270	25270
9FPX	2	14035	14035	14035
9DYU	1	14049	14049	14049
8RLX	3	14056	14056	14056
8RQV	3	14056	14056	14056
9GOJ	3	14059	14059	14059
9AVJ	7	14067	18850	19796
8YH8	7	14078	18869	19830
8RQX	3	14083	14083	14083
8RMB	3	14083	14083	14083
9SDW	1	14100	14100	14100
9SDV	3	14100	14100	14100
8S4H	6	14147	23025	23025
8VME	3	14147	14147	14147
8Y2F	1	14167	14167	14167
8Y2C	1	14167	14167	14167
8Y2E	1	14167	14167	14167
9TYG	2	14169	14169	14169
9TYH	2	14169	14169	14169
9O1H	11	14172	21153	25357
9O1C	11	14172	21153	25357
9O19	11	14172	21153	25357
8YNJ	1	14212	14212	14212
9PHR	3	14213	14213	14213
8Y8X	1	14216	14216	14216
9HXU	6	14224	14224	14224
9HYH	6	14224	14224	14224
9HZH	4	14224	14224	14224
8ZI3	8	14240	18605	21035
8ZI1	8	14240	18605	21035
8ZI0	8	14240	18605	21035
8ZI2	8	14240	18605	21035
9ME8	3	14247	14247	14247
9HQ5	1	14268	14268	14268
8RTH	12	14273	16219	16219
9B78	6	14314	14314	14314
9B79	4	14314	14314	14314
9EMN	4	14344	14344	14344
9TQG	7	14345	18870	18870
9TQC	10	14345	18870	18870
22IT	1	14351	14351	14351
9CJN	1	14352	14352	14352
9DLG	5	14360	14360	14360
9QQJ	3	14361	14361	14361
8VMF	3	14362	14362	14362
8VMG	6	14362	14362	14362
8ZVI	14	14365	14365	16642
8ZC8	2	14374	14374	14374
9UJI	8	14375	14375	14375
9UJJ	8	14375	14375	14375
9UJG	1	14375	14375	14375
8W2D	2	14376	14376	14376
8Y8W	1	14379	14379	14379
8XBD	2	14382	14382	14382
9NZI	4	14382	14382	14382
9H8I	3	14388	14388	14388
9EKA	6	14390	14390	14390
9OF1	2	14390	14390	14390
9H95	7	14400	14400	14400
9LDY	2	14415	14415	14415
9E0V	3	14417	14417	14417
8RJL	18	14423	14423	14423
8RJK	54	14423	14423	14423
9MKA	1	14425	14425	14425
9E62	7	14428	14428	14428
9E64	7	14428	14428	14428
8RVR	20	14437	16822	16822
8RTF	28	14437	16822	16822
9H3D	6	14438	14438	14438
9FYM	4	14439	14439	14439
9O2K	3	14458	14458	14458
9O27	3	14458	14458	14458
9YX0	12	14472	19781	19781
9D8U	1	14481	14481	14481
9KTB	3	14489	14489	14489
9KTE	3	14489	14489	14489
9KTD	3	14489	14489	14489
9KTF	3	14489	14489	14489
9KTG	3	14489	14489	14489
9KTC	3	14489	14489	14489
9KTH	1	14489	14489	14489
9KTA	4	14489	14489	14489
8VQT	9	14502	14502	14502
8VQU	9	14502	14502	14502
8VQS	9	14502	14502	14502
8YI1	4	14513	14513	14513
9E63	7	14515	14515	14515
9E67	7	14515	14515	14515
8VKC	6	14517	14517	14517
8VZR	6	14517	14517	14517
8VSK	7	14517	14517	14517
8VKD	6	14517	14517	14517
9CIT	4	14526	14526	14526
9CIR	4	14526	14526	14526
9CIS	4	14526	14526	14526
8YI2	4	14528	14528	14528
8YO3	4	14532	14941	14941
9LII	4	14532	14883	14883
9O1R	3	14548	14548	14548
9O1S	3	14548	14548	14548
9O20	3	14548	14548	14548
9O2G	1	14548	14548	14548
9O21	3	14548	14548	14548
9GFO	4	14552	14552	14552
9QZL	6	14556	14556	14556
9UDW	2	14560	14560	14560
9UDX	2	14560	14560	14560
9UDV	2	14560	14560	14560
9UCM	2	14560	14560	14560
9B0A	4	14572	14572	14572
9KYM	4	14582	34869	38246
9O26	1	14602	14602	14602
9O2L	3	14602	14602	14602
9O2I	1	14602	14602	14602
9O29	1	14602	14602	14602
9O1V	1	14602	14602	14602
9O1W	3	14602	14602	14602
9O24	1	14602	14602	14602
9O2F	1	14602	14602	14602
9O1T	3	14602	14602	14602
9O1U	3	14602	14602	14602
9O23	3	14602	14602	14602
9O2M	3	14602	14602	14602
9O1Y	1	14602	14602	14602
9O2B	3	14602	14602	14602
9O28	3	14602	14602	14602
9O2A	2	14602	14602	14602
9O2D	3	14602	14602	14602
9G78	5	14603	14603	14603
8RH7	5	14603	14603	14603
8RHG	5	14603	14603	14603
9G7B	5	14603	14603	14603
9G5R	5	14603	14603	14603
9G7A	5	14603	14603	14603
9FRB	5	14603	14603	14603
8RH8	5	14603	14603	14603
9FRF	5	14603	14603	14603
9FRH	5	14603	14603	14603
9G55	5	14603	14603	14603
9G5Q	5	14603	14603	14603
9FRE	5	14603	14603	14603
9G62	5	14603	14603	14603
9FRG	5	14603	14603	14603
8RH9	5	14603	14603	14603
9G57	5	14603	14603	14603
9FRI	5	14603	14603	14603
8RH4	5	14603	14603	14603
9G60	5	14603	14603	14603
9G70	5	14603	14603	14603
8XN4	14	14610	26692	26692
9ENG	1	14613	14613	14613
9H3B	1	14619	14619	14619
8S7F	1	14648	14648	14648
8RXS	6	14652	14652	14652
8RXT	6	14652	14652	14652
9NNS	2	14656	14656	14656
8ZJV	1	14659	14659	14659
9QXZ	10	14662	14662	14662
8XBJ	3	14663	14663	14663
8XC2	3	14663	14663	14663
9E66	7	14665	14665	14665
9E65	7	14665	14665	14665
9O5K	9	14669	14669	14669
9H71	2	14670	14670	14670
8VMH	1	14677	14677	14677
8VMM	1	14677	14677	14677
8VWM	1	14677	14677	14677
8VT6	1	14677	14677	14677
8VCB	2	14679	14679	14679
9RXG	12	14684	15341	15341
9O1X	3	14686	14686	14686
9O1Z	1	14686	14686	14686
9O2J	3	14686	14686	14686
8XUM	2	14689	14689	14689
8VDZ	12	14693	14693	14693
9H1M	3	14694	14694	14694
9O25	3	14701	14701	14701
9O2E	3	14701	14701	14701
9O2H	3	14701	14701	14701
9O2C	3	14701	14701	14701
9BGU	7	14702	14702	14702
9FAS	15	14706	15682	16073
9FYN	1	14725	14725	14725
9FYO	1	14725	14725	14725
8VXF	2	14727	14727	14727
8VXD	2	14727	14727	14727
9NTF	12	14734	14734	14734
9NTE	14	14734	14734	14734
9NTG	12	14734	14734	14734
9NTH	12	14734	14734	14734
9O22	3	14752	14752	14752
9DOS	4	14768	14768	14768
9DRI	6	14768	14768	14768
9DS0	12	14768	14768	14768
8ZJ3	4	14774	14774	14774
8ZJ7	4	14793	14793	14793
9G7H	2	14794	14794	14794
9Y76	6	14795	14795	14795
9D4E	6	14795	14795	14795
9C1Q	3	14795	14795	14795
9C76	2	14795	14795	14795
9FT9	1	14795	14795	14795
9YE4	6	14795	14795	14795
9BHR	6	14795	14795	14795
9YV4	6	14795	14795	14795
9YDG	6	14795	14795	14795
9BHS	6	14795	14795	14795
9PLY	6	14795	14795	14795
9Y4Q	6	14795	14795	14795
8XOP	14	14796	26692	26692
9FLT	1	14802	14802	14802
9EDX	1	14809	14809	14809
9EDW	1	14809	14809	14809
9EDV	1	14809	14809	14809
9NZK	1	14809	14809	14809
9NZL	1	14809	14809	14809
8YGW	1	14814	14814	14814
9JYU	4	14817	15343	15343
9LJK	6	14820	14820	14820
9LJL	6	14820	14820	14820
9LJM	6	14820	14820	14820
8ZJ5	4	14835	14835	14835
9SF2	3	14837	14837	14837
8ZIN	4	14855	14855	14855
8ZHY	4	14855	14855	14855
8ZI8	4	14855	14855	14855
8ZJ0	4	14855	14855	14855
9KQG	4	14864	24255	24255
8RIY	2	14871	14871	14871
9X2W	2	14880	14880	14880
9X2V	3	14880	14880	14880
9X2U	6	14880	14880	14880
9X2X	6	14880	14880	14880
9X2Y	6	14880	14880	14880
9X2Q	6	14880	14880	14880
9FBM	9	14881	14881	14881
9GCW	3	14881	14881	14881
9H97	1	14881	14881	14881
9FBL	9	14881	14881	14881
9H9D	8	14881	14881	14881
8YOD	4	14883	15204	15204
8YO9	2	14883	14883	14883
8YO5	4	14883	15204	15204
9LPG	4	14886	26225	26225
9UV6	1	14886	14886	14886
9JR1	6	14907	14907	14907
9KSP	6	14907	14907	14907
9KUC	6	14907	14907	14907
9KUB	6	14907	14907	14907
9KU0	4	14909	14909	14909
8RJF	6	14912	14912	14912
9EZ3	1	14918	14918	14918
8RKD	6	14919	14919	14919
8RKL	6	14919	14919	14919
9SIQ	5	14924	14924	14924
9SHE	5	14924	14924	14924
9SHO	5	14924	14924	14924
9SIO	5	14924	14924	14924
9AZZ	7	14926	14926	14926
9C6C	6	14927	14927	14927
9CDB	12	14927	14927	14927
9GU6	10	14927	14927	14927
9C6F	6	14927	14927	14927
9C67	6	14927	14927	14927
9QRS	6	14928	14928	14928
9H6V	12	14928	16006	21068
9HVX	1	14930	14930	14930
9QSZ	4	14939	14939	14939
9VID	2	14939	15191	15191
9VIE	2	14939	15191	15191
9QSX	12	14939	14939	14939
9QSY	4	14939	14939	14939
9BAD	12	14947	14947	14947
9DYA	1	14964	14964	14964
9DYB	3	14964	14964	14964
9I7M	3	14968	14968	14968
9I7V	3	14968	14968	14968
9P1F	3	14984	14984	14984
9P1E	3	14984	14984	14984
9PE9	6	14989	14989	14989
8RO4	6	14995	14995	14995
9D9T	1	15002	15002	15002
9KOL	1	15002	15002	15002
9AYC	1	15020	15020	15020
9MH4	1	15029	15029	15029
9DTH	3	15046	15046	15046
9DTI	3	15046	15046	15046
9AYZ	24	15058	15154	15154
9AV9	12	15058	15154	15154
9LG7	1	15061	15061	15061
9LGC	1	15061	15061	15061
9LGD	1	15061	15061	15061
9LGF	1	15061	15061	15061
9LG9	1	15061	15061	15061
9LGB	1	15061	15061	15061
9LG6	1	15061	15061	15061
9LGA	1	15061	15061	15061
9LG8	1	15061	15061	15061
9LGE	1	15061	15061	15061
9UOA	1	15063	15063	15063
9CQU	4	15068	15203	15203
9CQS	4	15068	15203	15203
9CQN	4	15068	15203	15203
9CQT	4	15068	15203	15203
9CQM	4	15068	15203	15203
9NWQ	4	15072	15072	15072
8RA5	2	15081	15081	15081
8RAE	2	15081	15081	15081
8RA4	2	15081	15081	15081
8RA7	2	15081	15081	15081
8RA6	2	15081	15081	15081
8RA3	2	15081	15081	15081
8RAA	2	15081	15081	15081
8RAC	2	15081	15081	15081
8RAD	2	15081	15081	15081
8RA1	2	15081	15081	15081
8RAB	2	15081	15081	15081
8RA8	2	15081	15081	15081
8RA2	2	15081	15081	15081
8RA9	2	15081	15081	15081
9LR5	1	15087	15087	15087
9CQP	4	15090	15224	15224
9CQQ	4	15090	15224	15224
9CQV	4	15090	15224	15224
9CQW	4	15090	15224	15224
9HBA	12	15090	15154	15154
9CQO	4	15090	15224	15224
9CQR	4	15090	15224	15224
8VYL	6	15094	15238	20473
9VIC	2	15094	15238	15238
9VIB	2	15094	15238	15238
9LMB	1	15095	15095	15095
9IJO	3	15104	15104	15104
9X07	1	15106	15106	15106
9FMA	3	15121	15121	15121
9CA6	2	15127	15127	15127
8XY0	3	15128	15128	15128
9KN2	1	15131	15131	15131
9QNS	4	15132	15132	15132
9QP0	2	15132	15132	15132
9QPA	2	15132	15132	15132
9QOL	6	15132	15132	15132
9QOM	6	15132	15132	15132
9QP9	4	15132	15132	15132
9RL1	2	15132	15132	15132
9QOU	2	15132	15132	15132
9QNQ	4	15132	15132	15132
9H2Z	2	15132	15132	15132
9QNX	4	15132	15132	15132
9QOT	2	15132	15132	15132
9QNN	2	15132	15132	15132
9QPB	4	15132	15132	15132
9QP3	6	15132	15132	15132
9QPD	6	15132	15132	15132
9QOR	4	15132	15132	15132
9QP5	2	15132	15132	15132
9QOD	6	15132	15132	15132
9QN6	2	15132	15132	15132
9QP6	2	15132	15132	15132
9QOX	6	15132	15132	15132
9QPL	4	15132	15132	15132
9QOK	6	15132	15132	15132
9QOE	6	15132	15132	15132
9QMR	6	15132	15132	15132
9QOW	2	15132	15132	15132
9QOZ	2	15132	15132	15132
9QP1	4	15132	15132	15132
9QP7	2	15132	15132	15132
9QNY	6	15132	15132	15132
9QNW	2	15132	15132	15132
9QP2	4	15132	15132	15132
8XLA	7	15164	17322	17322
8Y2G	1	15168	15168	15168
8VR7	18	15171	15171	15171
8VRM	12	15171	15171	15171
8VR6	1	15171	15171	15171
9EYG	7	15181	15181	15181
9R1P	1	15181	15181	15181
8YPE	1	15183	15183	15183
9MHB	3	15187	15187	15187
9Q5B	3	15187	15187	15187
9LTA	2	15188	15188	15188
9WTS	2	15193	15193	15193
8YO1	2	15204	15204	15204
9BIV	2	15204	15606	15606
9N1F	6	15208	15671	15671
8VWB	1	15209	15209	15209
8VW9	1	15209	15209	15209
8VWC	1	15209	15209	15209
8VWA	1	15209	15209	15209
8VRQ	2	15214	15214	15214
9CA5	2	15224	15224	15224
8Z6P	6	15225	15225	15225
8Z78	6	15225	15225	15225
9KMA	3	15235	15235	15235
9NTK	4	15236	15236	15236
9NTI	2	15236	15236	15236
9NTJ	2	15236	15236	15236
9LHJ	8	15239	15606	15606
9EYD	2	15247	16965	16965
9GLR	3	15255	15255	15255
9KU3	6	15256	15256	15256
9SM0	3	15266	15266	15266
9IUX	3	15278	15278	15278
8VST	2	15283	15283	15283
9JBD	3	15293	15293	15293
9HZ0	3	15308	15308	15308
9PNK	2	15309	15309	15309
9PNJ	2	15309	15309	15309
8YPF	1	15309	15309	15309
8ZT4	4	15310	15310	15310
9YTY	3	15312	15312	15312
9CJ3	3	15312	15312	15312
9YLH	3	15312	15312	15312
8YD9	3	15312	15312	15312
9CJ2	4	15312	15312	15312
9Y8B	3	15312	15312	15312
9CJ4	4	15312	15312	15312
9CJ1	3	15312	15312	15312
9CJ5	1	15312	15312	15312
9D8G	3	15312	15312	15312
9CD3	2	15345	15345	15345
9CD4	2	15345	15345	15345
9MVG	4	15348	15348	15348
9NJ8	2	15356	15356	15356
9NIA	3	15362	15362	15362
9NIT	3	15362	15362	15362
9NIV	3	15362	15362	15362
20XX	3	15364	15364	15364
8ZH4	3	15364	15364	15364
8ZHA	3	15364	15364	15364
9FYT	8	15384	15384	15384
9HUB	6	15384	15384	15384
9FYS	6	15384	15384	15384
9HXO	7	15384	15384	15384
9HUO	6	15384	15384	15384
8YEV	2	15386	15386	15386
8RIJ	1	15416	15416	15416
9IAB	6	15417	15417	15417
9GFP	2	15426	15426	15426
9FU5	3	15460	15460	15460
9FT5	3	15460	15460	15460
9FSG	6	15460	15460	15460
8YR5	12	15472	15472	15472
9KUP	6	15473	15473	15473
9FCQ	1	15480	15480	15480
9R3H	24	15488	15488	15488
9R3O	24	15488	15488	15488
9R3L	16	15488	15488	15488
9R3M	24	15488	15488	15488
9R3I	12	15488	15488	15488
8S76	6	15489	15489	15489
8S75	6	15489	15489	15489
8S77	6	15489	15489	15489
9C4E	4	15490	15490	15490
9C86	16	15490	15490	15490
8ZED	4	15492	15492	15492
9KQ6	14	15494	15494	15494
9KQ7	14	15494	15494	15494
9KQ9	14	15494	15494	15494
9KQD	14	15494	15494	15494
8Z63	2	15501	15501	15501
9CY5	6	15507	15507	15507
9DWU	1	15508	15508	15508
9LYD	2	15518	15518	15518
9HTA	1	15534	15534	15534
9MF0	10	15543	21134	21134
9MEZ	10	15543	21765	21765
9MEY	4	15543	21660	21660
9JFM	1	15561	15561	15561
9KPI	1	15561	15561	15561
8ZBL	1	15561	15561	15561
9J2L	3	15595	15595	15595
8YLB	42	15599	15599	15599
9PB1	7	15599	15599	15599
9DW1	7	15599	15599	15599
9DW3	14	15599	15599	15599
7HAG	3	15602	15602	15602
7HAV	1	15602	15602	15602
7H9P	1	15602	15602	15602
7HBQ	1	15602	15602	15602
7HC0	1	15602	15602	15602
7HA4	3	15602	15602	15602
7HBJ	1	15602	15602	15602
7H9Z	1	15602	15602	15602
7H9S	1	15602	15602	15602
7HAT	1	15602	15602	15602
7H9Q	3	15602	15602	15602
7H9L	1	15602	15602	15602
7HB2	1	15602	15602	15602
7HAF	1	15602	15602	15602
7HA9	1	15602	15602	15602
7HAU	1	15602	15602	15602
7HBB	1	15602	15602	15602
7HAW	1	15602	15602	15602
7HAM	1	15602	15602	15602
7HBG	1	15602	15602	15602
7H9N	1	15602	15602	15602
7H9M	1	15602	15602	15602
7HB6	1	15602	15602	15602
7HBN	1	15602	15602	15602
7H9O	1	15602	15602	15602
7HAA	1	15602	15602	15602
7HB1	1	15602	15602	15602
7HAE	1	15602	15602	15602
7H9X	3	15602	15602	15602
7HAS	1	15602	15602	15602
7HAQ	1	15602	15602	15602
7H9Y	1	15602	15602	15602
7HBP	3	15602	15602	15602
7HBF	3	15602	15602	15602
7HBV	1	15602	15602	15602
7HAY	1	15602	15602	15602
7HAR	1	15602	15602	15602
7HBO	1	15602	15602	15602
7HBL	1	15602	15602	15602
7H9K	1	15602	15602	15602
7HBT	3	15602	15602	15602
7HAL	1	15602	15602	15602
7HB0	1	15602	15602	15602
7HBX	1	15602	15602	15602
7HBR	1	15602	15602	15602
7HA0	3	15602	15602	15602
7HAO	1	15602	15602	15602
7HAN	1	15602	15602	15602
7HBZ	1	15602	15602	15602
7HB3	1	15602	15602	15602
7HAZ	1	15602	15602	15602
7H9U	1	15602	15602	15602
7HBD	3	15602	15602	15602
7HAI	3	15602	15602	15602
7HAD	1	15602	15602	15602
7HA5	1	15602	15602	15602
7H9T	1	15602	15602	15602
7HBS	3	15602	15602	15602
7HBM	1	15602	15602	15602
7HBA	1	15602	15602	15602
7HAK	1	15602	15602	15602
7HAJ	1	15602	15602	15602
7HB7	1	15602	15602	15602
7HBU	1	15602	15602	15602
7HBH	1	15602	15602	15602
7HA2	1	15602	15602	15602
7HA6	1	15602	15602	15602
7HBK	1	15602	15602	15602
7HB8	1	15602	15602	15602
7HB9	1	15602	15602	15602
7HB5	3	15602	15602	15602
7HBC	1	15602	15602	15602
7HAX	1	15602	15602	15602
7HC3	1	15602	15602	15602
7HA3	3	15602	15602	15602
7HAB	3	15602	15602	15602
7HAH	1	15602	15602	15602
7HA7	1	15602	15602	15602
7HA1	1	15602	15602	15602
7HB4	1	15602	15602	15602
7HAP	1	15602	15602	15602
7HC2	1	15602	15602	15602
7H9V	1	15602	15602	15602
7HBE	1	15602	15602	15602
7HBY	3	15602	15602	15602
7HBW	3	15602	15602	15602
7HA8	1	15602	15602	15602
7H9R	1	15602	15602	15602
7HAC	1	15602	15602	15602
7H9W	1	15602	15602	15602
7HC1	1	15602	15602	15602
9D91	1	15618	15618	15618
8ZTQ	2	15634	15634	15634
9B3N	3	15644	15644	15644
9JTH	4	15652	15652	15652
9FT2	1	15656	15656	15656
8XJG	3	15656	15656	15656
9FT3	1	15656	15656	15656
9FT4	1	15656	15656	15656
9FT6	1	15656	15656	15656
9FUF	1	15656	15656	15656
9DKU	1	15674	15674	15674
9IC2	3	15675	15675	15675
9B9Z	2	15677	22145	22145
9B9Y	2	15677	22145	22145
9BA0	2	15677	22145	22145
8XJE	4	15683	15683	15683
9I8O	4	15694	15694	15694
9PJF	6	15704	15704	15704
9DAJ	1	15704	15704	15704
9UFQ	3	15707	15707	15707
9EZ8	1	15712	15712	15712
9UFR	3	15718	15718	15718
9D7N	3	15718	15718	15718
8Y6M	2	15722	15722	15722
9D75	3	15730	15730	15730
9MT3	3	15731	15731	15731
9MSQ	3	15731	15731	15731
9MSV	3	15731	15731	15731
9MSX	4	15731	15731	15731
9MTB	1	15731	15731	15731
9MT9	3	15731	15731	15731
9MSU	3	15731	15731	15731
9UGK	6	15736	15736	15736
9EMB	2	15746	15746	15746
8YYM	104	15751	15751	15751
8YVS	9	15752	15752	15752
8YVR	3	15752	15752	15752
9G3E	4	15762	30371	30371
9G3D	4	15762	30371	30371
8ZL4	2	15767	15767	15767
8ZL6	2	15767	15767	15767
8ZL3	2	15767	15767	15767
8ZKZ	2	15767	15767	15767
8ZL1	2	15767	15767	15767
8ZKW	2	15767	15767	15767
8ZL2	2	15767	15767	15767
9D6P	4	15777	15777	15777
9LVH	2	15784	15784	15784
9LFV	6	15784	15784	15784
9IWY	2	15784	15784	15784
9IWW	6	15784	15784	15784
9IWZ	2	15784	15784	15784
9IX1	6	15784	15784	15784
9LVG	2	15784	15784	15784
9IX3	2	15784	15784	15784
9IX0	6	15784	15784	15784
9IX2	2	15784	15784	15784
8RQ3	1	15786	15786	15786
8RQ4	1	15786	15786	15786
9L56	2	15788	15788	15788
9DAF	12	15790	15790	15790
8VUL	2	15802	20295	20295
9DAH	2	15804	15804	15804
9H84	3	15842	31095	39464
9ZNH	5	15852	15852	15852
9YL5	5	15852	15852	15852
9ZNJ	5	15852	15852	15852
8YD0	20	15854	27712	29006
8ZGP	6	15855	15855	15855
8ZGO	1	15855	15855	15855
9RGG	4	15867	15867	15867
7IB3	6	15867	15867	15867
7IAT	6	15867	15867	15867
7IAX	6	15867	15867	15867
7IAZ	4	15867	15867	15867
7IAR	4	15867	15867	15867
7IB7	3	15867	15867	15867
7IB2	6	15867	15867	15867
7IB5	6	15867	15867	15867
7IAY	2	15867	15867	15867
7IAV	6	15867	15867	15867
7IB0	6	15867	15867	15867
9RGF	4	15867	15867	15867
7IAQ	4	15867	15867	15867
7IAW	6	15867	15867	15867
7IB1	6	15867	15867	15867
7IAU	6	15867	15867	15867
9RGA	6	15867	15867	15867
7IB4	4	15867	15867	15867
7IB6	3	15867	15867	15867
7IAS	6	15867	15867	15867
9XZ1	2	15868	21689	21689
9CR3	4	15873	15873	15873
8RBH	6	15904	15904	15904
8Y1M	7	15927	15927	15927
9JPI	3	15936	15936	15936
8VQK	2	15948	15948	15948
8ZAM	2	15952	15952	15952
8ZAN	2	15952	15952	15952
9IUH	1	15957	15957	15957
9EVV	12	15959	15959	15959
9IX7	6	15960	15960	15960
9FCY	4	15966	15966	15966
9JSQ	3	15967	15967	15967
9TFX	3	15975	15975	15975
9IK0	4	15982	15982	15982
9FD3	1	15982	15982	15982
9L8R	3	15983	15983	15983
9FCL	1	15984	15984	15984
9FCD	1	15984	15984	15984
9G0K	2	15984	15984	15984
9U3O	1	15986	15986	15986
9U7Q	1	15999	15999	15999
9F0G	3	16004	16004	16004
9UI2	10	16016	16016	16016
9KBJ	12	16031	16031	16031
9EQ0	2	16035	16035	16035
9EPZ	2	16035	16035	16035
9FYF	2	16035	16035	16035
9EPW	1	16035	16035	16035
9EZG	2	16035	16035	16035
9EPX	2	16035	16035	16035
9EPV	2	16035	16035	16035
9EQ1	2	16035	16035	16035
9EPY	2	16035	16035	16035
9YTU	3	16049	16049	16049
9NF1	9	16049	16049	16049
9NF3	9	16049	16049	16049
9GA1	15	16051	16051	16051
9AUU	1	16067	16067	16067
8YNG	3	16120	16120	16120
9GLT	6	16124	16124	16124
8ZVP	2	16133	16133	16133
9NFD	3	16133	16133	16133
9NFH	1	16136	16136	16136
9NGA	3	16136	16136	16136
9NFF	9	16136	16136	16136
8RYG	2	16144	16144	16144
9FZ3	1	16148	16148	16148
9O2O	9	16148	16148	16148
9D0U	3	16161	16161	16161
9GXL	2	16165	16165	16165
9GXK	2	16165	16165	16165
8YT4	1	16165	16165	16165
9NG4	3	16167	16167	16167
9O2N	3	16167	16167	16167
9NG5	3	16167	16167	16167
8YQE	3	16184	16184	16184
9JJ5	1	16184	16184	16184
8YPW	1	16184	16184	16184
9D0P	1	16184	16184	16184
9F0F	1	16187	16187	16187
8ZEV	12	16191	16191	16191
9X72	1	16221	16221	16221
9X70	1	16221	16221	16221
9QUN	1	16228	16228	16228
8VC9	10	16230	16230	16230
9OA0	22	16234	19702	19702
9O9Z	22	16234	19702	19702
9GNO	3	16237	16237	16237
9FR2	1	16244	16244	16244
8VK9	10	16249	16249	16249
9GKE	4	16251	16251	16251
9GK6	4	16251	16251	16251
9GJS	4	16251	16251	16251
9GJN	6	16258	16258	16258
9NG7	3	16272	16272	16272
9NGD	1	16276	16276	16276
9YRI	3	16277	16277	16277
9O2P	3	16277	16277	16277
9NGL	9	16277	16277	16277
9YRJ	9	16277	16277	16277
8XFL	2	16295	16295	16295
9M2I	2	16296	16296	16296
9M35	2	16296	16296	16296
9DAL	1	16303	16303	16303
8RU8	3	16312	16312	16312
8ZUW	6	16315	16315	16315
8W1A	2	16337	16337	16337
9FCX	2	16345	16345	16345
8XP4	6	16383	16383	16383
9HRB	6	16392	16392	16392
8S6I	3	16393	16393	16393
8VK8	3	16406	16406	16406
8XRH	3	16415	16415	16415
8XRG	3	16415	16415	16415
9KWS	4	16430	16430	16430
9TFW	3	16431	16431	16431
9KWU	4	16434	16434	16434
9AY0	1	16444	16444	16444
9S6C	3	16458	16458	17451
9LNU	3	16470	16470	16470
9CSC	12	16484	23380	23380
9OTR	2	16490	16490	16490
9J8K	3	16492	16492	16492
9CQ2	12	16521	23380	23380
9CRY	12	16533	23380	23380
9MQY	2	16540	16540	16540
9MQZ	2	16540	16540	16540
8ZAA	4	16547	37224	37224
9CTD	12	16553	23380	23380
9RHR	1	16556	16556	16556
9KWV	5	16556	16556	16556
9O3B	24	16569	16569	16569
9IQQ	4	16582	16582	16582
9BQ7	6	16592	16592	16592
9HIC	12	16592	16592	16592
9BQ9	6	16592	16592	16592
9HIA	12	16592	16592	16592
9BQ6	6	16592	16592	16592
9HIB	12	16592	16592	16592
9BQB	6	16592	16592	16592
9IBN	6	16597	16597	16597
8S5G	5	16605	22029	44665
9GN7	3	16611	16611	16611
9GN1	1	16611	16611	16611
9GN6	3	16611	16611	16611
9GLB	1	16611	16611	16611
8XFD	4	16625	16625	16625
9BQA	4	16657	16657	16657
9BQ8	4	16657	16657	16657
9BQD	3	16657	16657	16657
9BQC	4	16657	16657	16657
9LFW	3	16673	16673	16673
9IWX	2	16673	16673	16673
8RZ9	2	16679	19446	19446
8RZ8	6	16679	19446	19446
9KHG	4	16680	16680	16680
9KHE	4	16680	16680	16680
8ZEC	2	16699	16699	16699
9QB5	2	16717	16717	16717
9JLM	2	16736	16736	16736
8XW9	2	16741	16741	16741
8XW8	4	16741	16741	16741
8ZLY	8	16741	16741	16741
8XW6	2	16741	16741	16741
8XW7	2	16741	16741	16741
9JC7	2	16767	16767	16767
8VHH	6	16768	16768	16768
9I9S	6	16768	16768	16768
9I9T	6	16768	16768	16768
9J4R	3	16769	35134	35134
9JDN	2	16785	16785	16785
9PE8	3	16787	16787	16787
9PE7	1	16787	16787	16787
9Z9C	24	16791	16791	16791
9ZAO	20	16791	16791	16791
9Y4U	6	16791	16791	16791
9ZAG	24	16791	16791	16791
8RSY	6	16795	25188	25188
8RSZ	6	16795	25188	25188
8RSX	6	16795	25188	25188
9IWC	1	16797	16797	16797
9IWB	1	16797	16797	16797
9IWD	1	16797	16797	16797
9YWI	24	16823	16823	16823
9PGQ	6	16823	16823	16823
9PG6	24	16823	16823	16823
9FOB	12	16844	16844	16844
9FWW	3	16844	16844	16844
9FOD	3	16846	16846	16846
9FL1	12	16846	16846	16846
9FQ4	3	16846	16846	16846
9I5F	4	16846	16846	16846
9DA7	1	16847	16847	16847
9QZK	4	16857	16857	16857
9X73	1	16908	16908	16908
8Z8O	12	16921	16921	16921
8Z8T	8	16929	16929	16929
9YE9	1	16929	16929	16929
9YEA	3	16929	16929	16929
8ZXG	4	16939	16939	16939
8Z8R	12	16967	16967	16967
8Z8P	16	16974	16974	16974
8Z8S	8	16977	16977	16977
9J8F	2	16982	16982	16982
9J8E	2	16982	16982	16982
8RFH	2	16988	16988	16988
8XDO	8	16989	16989	16989
8XE0	6	16989	16989	16989
8XDP	8	16989	16989	16989
9THS	3	16989	16989	16989
8XE3	8	16991	16991	16991
8XE5	14	16991	16991	16991
8XE4	14	16991	16991	16991
8XDS	6	16991	16991	16991
9BPS	6	16993	16993	16993
8XDU	8	16994	16994	16994
8XDT	6	16996	16996	16996
9T7U	4	17004	17004	17004
8XE2	12	17013	17013	17013
8XDY	8	17017	17017	17017
8XDR	8	17018	17018	17018
8XDQ	8	17018	17018	17018
8XDV	6	17020	17020	17020
9KPQ	2	17049	17049	17049
9I3S	20	17063	17193	17193
9I07	16	17063	17193	17193
9I06	16	17063	17193	17193
9IT3	2	17067	17067	17067
9IT6	2	17067	17067	17067
9ISC	2	17067	17067	17067
9ITA	2	17067	17067	17067
9IS9	2	17067	17067	17067
8RF7	6	17072	17072	17072
8RGJ	6	17072	17072	17072
9IIL	12	17078	17078	17078
9IJ6	12	17078	17078	17078
8ZN1	4	17078	17078	17078
8ZN4	12	17078	17078	17078
9IIM	12	17078	17078	17078
8ZOZ	12	17078	17078	17078
9DKW	42	17079	17079	17079
9DKV	42	17079	17079	17079
8ZMN	1	17101	17101	17101
9HHQ	1	17112	17112	17112
9FJ1	1	17126	17126	17126
9HAH	1	17126	17126	17126
9QQV	1	17126	17126	17126
9FHS	1	17126	17126	17126
9FHK	2	17126	17126	17126
9D56	2	17131	17131	17131
9CAR	2	17131	17131	17131
8ZFW	8	17149	17149	17149
9MMS	2	17154	17154	17154
8YIK	3	17154	17154	17154
9MMQ	2	17154	17154	17154
9SM3	6	17162	17162	17162
9SM5	3	17162	17162	17162
9ITD	4	17165	17165	17165
9IUO	4	17165	17165	17165
9ISR	4	17165	17165	17165
9ISE	4	17165	17165	17165
8ZAL	10	17170	17170	33255
9L3E	12	17180	17180	17180
9G5G	4	17181	17181	17181
9FZ9	6	17181	17181	17181
8ZU4	2	17181	17181	17181
8RTQ	6	17188	17188	17188
9ISL	4	17191	17191	17191
8S3X	4	17198	17198	17198
9E07	3	17198	17198	17198
9EPU	1	17200	17200	17200
9BUZ	84	17208	22590	22590
9R00	1	17235	17235	17235
9BJK	2	17244	22401	22401
8ZU5	2	17262	17262	17262
9SM1	6	17277	17277	17277
9Q8Y	2	17281	17281	17281
9IP0	7	17305	17305	17305
9HLL	4	17324	22063	22063
9H8S	6	17328	17809	17809
9H8C	6	17328	17809	17809
9HBL	12	17334	39127	39127
9H78	4	17334	39127	39127
9X6X	1	17335	17335	17335
9X71	1	17335	17335	17335
9ATL	11	17338	17338	17338
9YKB	3	17340	17340	17340
9GLS	3	17368	17368	17368
9DOC	3	17385	17385	17385
9IBP	6	17392	17392	17392
9QR6	12	17412	17412	17412
8VAM	7	17412	23098	32598
8VAN	7	17412	23098	32572
8VAP	7	17412	23098	32598
9KS0	6	17412	17412	17412
8XJR	3	17432	17432	17432
9V5S	4	17458	17458	17458
9H7Y	6	17494	39127	39127
9HZJ	1	17496	17496	17496
9LYT	2	17499	17499	17499
9IAC	2	17517	17517	17517
8XHY	3	17539	17539	17539
9N2K	8	17554	17554	17554
8XGA	11	17556	17556	17556
8XFV	11	17556	17556	17556
9G2G	12	17559	18596	18596
8Y17	4	17568	17568	17568
8YM3	3	17573	17573	17573
8YLY	1	17589	17589	17589
9L4T	2	17617	17617	17617
9L4V	1	17617	17617	17617
9HZK	1	17621	17621	17621
9D8F	6	17631	17631	17631
9NON	5	17666	17666	17666
8XC9	2	17667	17667	17667
9LFB	1	17690	17690	17690
9LF9	1	17690	17690	17690
9DFU	3	17691	17691	17691
9U5S	17	17692	17692	17692
9J4J	3	17711	17711	17711
9J4K	9	17711	17711	17711
9J4L	3	17711	17711	17711
9J4I	9	17711	17711	17711
8RVC	6	17718	17718	17718
9FYL	2	17764	17764	17764
8XYN	2	17783	17783	17783
9QDT	1	17798	17798	17798
9WVO	3	17802	17802	17802
9BLU	3	17804	23873	23873
9YX2	18	17809	17809	18889
9YX4	18	17809	17809	18889
9YX1	18	17809	17809	18889
9WVZ	3	17811	17811	17811
9O0V	16	17812	18411	18411
9O0U	16	17812	18411	18411
9AXH	4	17821	22975	22975
9BYE	1	17824	17824	17824
9MYB	3	17826	17826	17826
9EXM	3	17829	17829	17829
9DGW	7	17847	17847	17847
9FCU	4	17864	17864	17864
9BYU	3	17866	17866	17866
9MYA	3	17869	17869	17869
9JD2	3	17871	17871	17871
9LR4	3	17871	17871	17871
9JKU	3	17871	17871	17871
9JRZ	3	17871	17871	17871
9JHV	3	17871	17871	17871
9LU0	3	17871	17871	17871
9JSS	3	17871	17871	17871
9LVZ	3	17871	17871	17871
9JTG	3	17871	17871	17871
9LWB	3	17871	17871	17871
8VJ8	6	17874	17874	17874
8VJ0	2	17874	17874	17874
8VJ4	6	17874	17874	17874
8VHY	2	17874	17874	17874
8VHW	6	17874	17874	17874
8W3Y	4	17879	17879	17879
8W40	4	17879	17879	17879
8W3Z	4	17879	17879	17879
8VJ5	6	17882	17882	17882
9NSJ	8	17895	17895	17895
9NR0	8	17895	17895	17895
9BWM	2	17902	17902	17902
9BVY	2	17902	17902	17902
9BWQ	6	17902	17902	17902
9BWR	2	17902	17902	17902
9BW2	2	17902	17902	17902
9L52	6	17909	17909	17909
9ECU	6	17923	20685	20685
9QYD	3	17938	17938	17938
9QYE	3	17938	17938	17938
9KUF	14	17938	17938	17938
9L51	6	17950	17950	17950
9OAK	9	17950	17950	17950
9PG0	9	17950	17950	17950
9YN9	9	17950	17950	17950
9OAN	9	17950	17950	17950
9O9R	9	17950	17950	17950
9PFY	9	17950	17950	17950
9OD6	9	17950	17950	17950
9OBA	9	17950	17950	17950
9OAI	9	17950	17950	17950
9OB9	9	17950	17950	17950
9OBC	9	17950	17950	17950
8ZAB	4	17954	18642	18642
9IMJ	1	17957	17957	17957
9IBO	3	17967	17967	17967
9DAP	1	17976	17976	17976
8RL0	1	17997	17997	17997
9RXF	2	18005	18005	18005
8RW3	7	18015	18015	18015
9AXY	2	18017	20757	20757
9AY7	6	18017	18435	18435
9I0U	6	18028	18028	18028
9I0W	2	18028	18028	18028
9ERY	2	18028	18028	18028
9EO0	6	18028	18028	18028
9HRT	2	18028	18028	18028
9IF4	20	18030	27708	28128
8YCX	20	18043	27712	28836
8YD1	20	18043	27712	30886
9JVP	20	18043	27712	30735
9CS5	3	18054	18054	18054
8Z59	8	18054	18054	18054
9GP9	2	18054	18054	18054
8RQR	3	18065	18065	18065
9KVM	3	18071	18071	18071
9G4N	6	18078	18078	18078
8RTP	6	18080	18080	18080
8RTO	12	18080	18080	18080
9L2B	4	18091	18091	18091
9L1T	4	18096	18096	18096
9L1R	1	18096	18096	18096
9L27	4	18096	18096	18096
8VAI	6	18119	18119	18119
8VAG	6	18119	18119	18119
8VA9	6	18119	18119	18119
8VAB	1	18119	18119	18119
9L34	4	18137	18137	18137
9SHC	3	18138	18138	18138
9L2J	4	18139	18139	18139
9L2M	4	18139	18139	18139
9L2P	3	18139	18139	18139
9GIA	2	18140	18140	18140
8RTR	6	18144	18144	18144
8VG9	3	18147	18147	18147
8S4J	4	18153	18153	18153
9CMZ	3	18155	18155	18155
9CDY	3	18157	18157	18157
9CDX	3	18157	18157	18157
8ZLG	2	18168	18168	18168
9G9U	2	18191	18191	18191
9H8J	12	18202	18202	18202
9H8L	3	18202	18202	18202
9H8K	3	18202	18202	18202
9NJI	1	18211	18211	18211
9L3A	3	18211	18211	18211
9L2A	4	18213	18213	18213
9L2H	4	18213	18213	18213
9L2C	3	18213	18213	18213
9B70	4	18217	27069	27069
9B71	4	18217	27069	27069
9L3B	4	18225	18225	18225
9L37	4	18228	18228	18228
9T4P	1	18233	18233	18233
9L39	4	18239	18239	18239
8XHQ	12	18246	18246	18246
8ZFD	1	18251	18251	18251
8ZFE	1	18251	18251	18251
9JVH	1	18251	18251	18251
9CR2	16	18274	19272	19468
9CS3	16	18274	19272	19468
9CSA	16	18274	19272	19468
9CS6	16	18274	19272	19468
9CS4	16	18274	19272	19468
8XGQ	2	18288	18288	18288
9V7W	3	18297	18297	18297
9VGE	3	18297	18297	18297
9VG0	3	18297	18297	18297
9RO7	4	18324	18324	18324
9RM3	4	18324	18324	18324
9ROB	2	18324	18324	18324
9DA0	3	18343	18343	18343
9P55	1	18377	18377	18377
9HL2	6	18382	49872	49872
9HU7	1	18393	18393	18393
9ZOG	18	18393	18393	18393
9LME	8	18408	20397	20397
9AYA	12	18435	19178	19178
9D7A	10	18445	18445	18445
9D7D	11	18445	18445	18445
9D7C	10	18445	18445	18445
9D7B	6	18445	18445	18445
9D79	10	18445	18445	18445
9D8C	8	18445	18445	18445
8RMC	20	18448	37152	37152
8RMF	16	18448	37152	37152
8RMD	12	18448	37152	37152
8RMG	16	18448	37152	37152
9GD9	6	18452	18452	18452
9QEW	5	18453	18453	18453
9QEY	6	18453	18453	18453
9QFB	14	18453	18453	18453
9QF2	10	18453	18453	18453
9FJM	4	18453	18453	18453
9VGZ	3	18455	18455	18455
9E2S	16	18458	19353	19531
9GD6	6	18474	18474	18474
9GD8	6	18474	18474	18474
8ZPN	2	18476	21635	21635
8ZPM	2	18476	21635	21635
8ZPL	2	18476	21635	21635
9SN1	3	18485	18485	18485
9NJJ	3	18500	18500	18500
9MXL	1	18500	18500	18500
9FJY	6	18507	18507	29213
9FJU	6	18507	18507	29213
9SLS	6	18528	18528	18528
8ZIK	4	18536	18536	18536
8ZI5	4	18536	18536	18536
9DDS	2	18537	18537	18537
8VAA	10	18550	18550	18550
9BXP	18	18562	18562	18562
9HV3	2	18585	18585	18585
9FR6	2	18585	18585	18585
9FR5	2	18585	18585	18585
9FR8	2	18585	18585	18585
9FR9	2	18585	18585	18585
9HUK	2	18585	18585	18585
9HUL	2	18585	18585	18585
9FR7	2	18585	18585	18585
8YPZ	6	18591	18591	18591
9G5Z	6	18596	18596	18596
8VIQ	3	18600	18600	18600
8VIT	3	18600	18600	18600
8VIR	3	18600	18600	18600
8VIP	1	18600	18600	18600
8Y9R	2	18603	18603	18603
8VNX	3	18608	18608	18608
8VTF	1	18608	18608	18608
8VO4	1	18608	18608	18608
8VS0	1	18608	18608	18608
9IMW	3	18617	18617	18617
8YQ0	30	18642	18642	18642
8YI9	6	18644	18644	18644
8YPY	6	18654	18654	18654
9K47	14	18663	18663	18663
9IQ9	6	18667	18667	18667
9IXE	6	18667	18667	18667
9IXC	6	18667	18667	18667
9IXG	2	18667	18667	18667
9IXD	5	18667	18667	18667
9IXF	4	18667	18667	18667
8X9V	4	18669	21087	21087
8RMI	1	18670	18670	18670
8RM3	1	18670	18670	18670
9HVB	1	18685	18685	18685
9DMD	2	18686	18686	18686
9E58	2	18713	18713	18713
9EXO	8	18717	18717	18717
9EXP	8	18717	18717	18717
9CX5	2	18729	18729	18729
9I2R	8	18748	18748	18748
9I2Q	8	18748	18748	18748
9EXR	8	18752	18752	18752
9EXQ	8	18752	18752	18752
8VF6	2	18764	18764	18764
9QRW	12	18769	18769	18769
9QCL	14	18769	18769	18769
9QQR	10	18769	18769	18769
9GI1	20	18769	24681	24681
9HVH	2	18782	18782	18782
9C9I	4	18804	18804	18804
8ZQQ	1	18812	18812	18812
8ZQR	1	18812	18812	18812
8ZQP	1	18812	18812	18812
8ZQO	1	18812	18812	18812
9L8P	14	18817	18817	18817
7GYE	3	18821	18821	18821
7GYI	3	18821	18821	18821
7GYA	3	18821	18821	18821
7GYG	3	18821	18821	18821
7GYJ	3	18821	18821	18821
7GYS	3	18821	18821	18821
7GYT	3	18821	18821	18821
7GYU	3	18821	18821	18821
7GYC	3	18821	18821	18821
7GY9	3	18821	18821	18821
7GYF	3	18821	18821	18821
7GYM	3	18821	18821	18821
7GY5	3	18821	18821	18821
7GYR	3	18821	18821	18821
7GY8	3	18821	18821	18821
7GYD	3	18821	18821	18821
7GYQ	3	18821	18821	18821
7GYO	3	18821	18821	18821
7GY7	3	18821	18821	18821
7GYW	3	18821	18821	18821
7GYH	3	18821	18821	18821
7GY4	3	18821	18821	18821
7GYB	3	18821	18821	18821
7GYL	3	18821	18821	18821
7GYP	3	18821	18821	18821
7GYN	3	18821	18821	18821
7GYX	3	18821	18821	18821
7GY6	3	18821	18821	18821
7GYK	3	18821	18821	18821
7GYV	3	18821	18821	18821
9MEH	1	18829	18829	18829
9C9A	6	18835	18835	18835
9C95	6	18835	18835	18835
9C9B	6	18835	18835	18835
9C99	6	18835	18835	18835
8XN6	6	18838	18838	18838
9HVG	3	18840	18840	18840
9BE4	4	18842	18842	18842
9ME1	8	18887	18887	18887
9MDU	4	18887	18887	18887
9MEU	4	18887	18887	18887
9MEN	4	18887	18887	18887
8Z67	1	18893	18893	18893
8Z66	1	18893	18893	18893
9GMU	4	18894	22063	22063
9IUG	21	18897	18897	18897
9BFE	2	18925	24842	24842
9BFF	2	18925	24842	24842
9BFD	2	18925	24842	24842
9R1X	6	18927	18927	18927
9R1W	6	18927	18927	18927
9R1Y	6	18927	18927	18927
9J0C	1	18927	18927	18927
9AXM	12	18942	19178	19178
9BFG	2	18945	18945	18945
9FTT	10	18947	18947	18947
9FXA	10	18947	18947	18947
9FX0	14	18947	18947	19070
8ZVA	3	18957	18957	18957
9NYX	2	18972	18972	18972
9MG5	6	18979	18979	18979
9FVQ	6	18982	18982	18982
9IH0	6	18985	18985	18985
9VKV	15	19003	19003	19003
9JJN	1	19007	19007	19007
9JK4	1	19007	19007	19007
9JJO	1	19007	19007	19007
9JK3	1	19007	19007	19007
9JJK	1	19007	19007	19007
9JK5	1	19007	19007	19007
9L8K	3	19024	19024	19024
9L8I	3	19024	19024	19024
9IJT	12	19033	19033	19033
9SHG	14	19034	19034	19034
9SHI	7	19034	19034	19034
9SHL	7	19034	19034	19034
9SHK	7	19034	19034	19034
9SHJ	14	19034	19034	19034
9SHH	14	19034	19034	19034
9P6A	2	19054	19054	19054
9DFN	3	19065	19065	19065
9CX4	4	19070	19070	19070
9YKE	14	19079	19079	19079
9YKC	14	19079	19079	19079
9YNJ	14	19079	19079	19079
9H0C	3	19083	19083	19083
9I5Y	3	19083	19083	19083
9R0E	2	19090	19523	19523
8YGZ	3	19104	19104	19104
8ZMC	2	19105	19105	19105
9RWR	14	19126	19126	19126
9DB6	4	19129	19129	19129
7I8A	3	19132	19132	19132
7I85	3	19132	19132	19132
7I81	3	19132	19132	19132
7I8C	3	19132	19132	19132
7I8K	3	19132	19132	19132
7I8G	3	19132	19132	19132
7I8Q	3	19132	19132	19132
7I88	3	19132	19132	19132
7I8P	3	19132	19132	19132
7I8N	4	19132	19132	19132
7I86	3	19132	19132	19132
7I8E	3	19132	19132	19132
7I87	3	19132	19132	19132
7I8M	4	19132	19132	19132
7I84	3	19132	19132	19132
7I8F	3	19132	19132	19132
7I80	3	19132	19132	19132
7I83	3	19132	19132	19132
7I8H	3	19132	19132	19132
7I8O	3	19132	19132	19132
7I7Z	3	19132	19132	19132
7I8D	3	19132	19132	19132
7I8R	3	19132	19132	19132
7I8B	3	19132	19132	19132
7I8I	3	19132	19132	19132
7I89	3	19132	19132	19132
7I8L	3	19132	19132	19132
7I8J	3	19132	19132	19132
9QY7	3	19132	19132	19132
7I7Y	3	19132	19132	19132
9QQX	3	19132	19132	19132
7I82	3	19132	19132	19132
9H5V	7	19136	19136	19136
9ES2	42	19136	19136	19136
9ES5	7	19136	19136	19136
9H5U	14	19136	19136	19136
9ES4	14	19136	19136	19136
9ES0	14	19136	19136	19136
9ES3	7	19136	19136	19136
9ES6	14	19136	19136	19136
9ES1	7	19136	19136	19136
9H5T	7	19136	19136	19136
9H5S	14	19136	19136	19136
9C0D	14	19141	19141	19141
9CPK	16	19145	19145	19145
9DC0	3	19146	19146	19146
8RWS	5	19149	19149	19149
9M0O	1	19149	19149	19149
8RWQ	4	19149	19149	19149
8RWR	4	19149	19149	19149
8W1M	2	19173	19173	19173
9MMZ	7	19177	19177	19177
9MN0	14	19177	19177	19177
9AV6	1	19178	19178	19178
9AV7	3	19178	19178	19178
9AXX	12	19178	20757	20757
9KM5	1	19193	19193	19193
9KM2	1	19193	19193	19193
9KM3	1	19193	19193	19193
9MN1	14	19197	19197	19197
9WBT	14	19197	19197	19197
8S32	14	19197	19197	19197
9C0C	14	19197	19197	19197
9WF6	28	19197	19197	19197
9MMY	14	19197	19197	19197
9C0B	14	19197	19197	19197
9MN3	14	19197	19197	19197
8ZAZ	4	19199	19199	19199
8YLZ	1	19203	19203	19203
9R8C	12	19206	32568	32568
9R8B	12	19206	32568	32568
9BGQ	7	19209	19209	19209
9BGS	7	19209	19209	19209
9DND	4	19227	19274	19332
9DNE	9	19227	19274	19332
8Y6L	2	19229	19229	19229
9BGT	7	19231	19231	19231
9CC8	6	19235	19235	19235
9CC9	12	19235	19235	19235
9GTY	2	19238	19238	19238
9GTG	2	19238	19238	19238
8VOH	1	19243	19243	19243
8RWP	4	19250	19250	19250
8RWO	4	19250	19250	19250
9R0K	6	19251	19523	19523
9I10	3	19263	19263	19263
9I11	3	19263	19263	19263
9I0Z	3	19263	19263	19263
9I17	3	19263	19263	19263
9I13	3	19263	19263	19263
9I12	3	19263	19263	19263
9INU	2	19270	19270	19270
9QSM	6	19270	19270	19270
9L50	6	19278	19278	19278
9R08	6	19285	19523	19523
9LTQ	2	19290	19290	19290
8Z6K	3	19304	19304	19304
8Z4K	3	19304	19304	19304
8ZLR	4	19304	19304	19304
9FO3	60	19304	19304	19304
8Z45	3	19304	19304	19304
8Z26	3	19304	19304	19304
8Z8F	3	19304	19304	19304
8Z1J	3	19304	19304	19304
8Z3X	3	19304	19304	19304
8Z2D	4	19304	19304	19304
8Z44	3	19304	19304	19304
8Z3D	3	19304	19304	19304
8Z4P	3	19304	19304	19304
8Z6J	3	19304	19304	19304
8Z3L	3	19304	19304	19304
8Z6I	3	19304	19304	19304
8Z4U	3	19304	19304	19304
8Z24	3	19304	19304	19304
8Z3G	3	19304	19304	19304
8Z4M	3	19304	19304	19304
8Z8K	3	19304	19304	19304
8Z41	3	19304	19304	19304
8ZA8	4	19304	19304	19304
9EX3	6	19322	19322	19322
8S34	6	19322	19322	19322
9F2T	2	19322	19322	19322
9GBB	2	19322	19322	19322
9FL7	3	19329	33944	33944
9HM9	5	19330	19330	19330
9GOB	5	19330	19330	19330
9GO5	5	19338	19338	19338
8ZJ1	5	19341	19341	19341
9CE4	3	19361	19361	19361
8W18	3	19362	19413	36140
8ZQ3	2	19362	21104	21104
9P3D	11	19368	19368	19368
9L04	1	19373	19373	19373
8ZIX	6	19377	19377	19377
8W36	5	19377	19377	19377
9QA1	1	19391	19391	19391
8RQA	1	19401	19401	19401
8RQC	6	19401	19401	19401
8RQ8	1	19401	19401	19401
9GY3	2	19401	19401	19401
9GAO	2	19401	19401	19401
8RQ1	1	19401	19401	19401
8Y1Q	3	19402	19402	19402
9QA3	1	19407	19407	19407
9IKQ	6	19428	19428	19428
9BPH	12	19437	19437	19437
9QA2	1	19439	19439	19439
9QA0	1	19439	19439	19439
9QA4	3	19439	19439	19439
9DUV	6	19443	19443	19443
9N8G	14	19445	19445	19445
8XMH	12	19461	33772	33772
8XMI	12	19461	33772	33772
9J3P	15	19466	19466	19466
9J3Q	3	19466	19466	19466
9HN8	6	19470	19470	19470
9VH0	4	19482	19482	19482
9FIJ	12	19482	21997	21997
9FIL	12	19482	21997	21997
9FII	8	19482	21997	21997
9FE0	12	19486	21997	21997
9FDV	12	19486	21997	21997
9FE5	12	19486	21997	21997
9FDJ	12	19486	21997	21997
9FDK	12	19486	21997	21997
9UYW	2	19494	19494	19494
9VAR	4	19494	19494	19494
9HEN	14	19500	22011	22011
9HE5	12	19500	21974	21974
9HEG	12	19500	21990	21990
9HEM	4	19500	21990	21990
9HRJ	4	19503	19503	19503
9IF3	24	19503	19503	19503
9HRP	12	19503	19503	19503
9EJ8	3	19507	19507	19507
9FIF	12	19514	21997	21997
9FE8	12	19514	21997	21997
9FEA	12	19514	21997	21997
9FIH	12	19514	21997	21997
9FE7	12	19514	21997	21997
9Y43	6	19518	19518	19518
9ENH	12	19525	19525	19525
9ENJ	14	19525	19525	19525
9ENN	12	19525	19525	19525
9ENI	12	19525	19525	19525
9ENK	12	19525	19525	19525
9FJO	4	19527	19527	19527
8RU0	4	19527	19527	19527
8ZCR	3	19527	19527	19527
9DUU	6	19527	19527	19527
9SFA	2	19543	19543	19543
9VEM	3	19544	19544	19544
9VEW	3	19544	19544	19544
9DRZ	3	19546	19546	19546
9BPM	12	19547	19547	19547
8XDL	3	19551	19551	19551
8XDM	3	19551	19551	19551
9C20	3	19573	19573	19573
9M8P	2	19585	19585	19585
9RFE	6	19587	19587	19587
9RFD	6	19587	19587	19587
9RWP	16	19602	19602	19602
9L5M	3	19606	19606	19606
9CQF	8	19618	19618	19618
9CQE	8	19618	19618	19618
9CQG	8	19618	19618	19618
9D7K	1	19628	19628	19628
9J9S	4	19632	19632	19632
9KYN	2	19633	19633	19633
9BCM	1	19650	19650	19650
9DTJ	3	19654	19654	19654
9D5R	3	19654	19654	19654
9FBT	4	19654	19654	19654
9F0U	4	19654	19654	19654
9D5Q	3	19654	19654	19654
9D8T	3	19654	19654	19654
9F0V	4	19654	19654	19654
9D54	3	19654	19654	19654
9D2U	4	19654	19654	19654
9F0T	4	19654	19654	19654
9J9R	4	19655	19655	19655
8Y6N	2	19655	19655	19655
9J9Q	2	19655	19655	19655
9J9T	2	19656	19656	19656
9J9V	4	19660	19660	19660
9J9U	4	19660	19660	19660
9JA4	4	19660	19660	19660
9DKI	1	19678	19678	19678
8VXT	6	19680	19680	19680
8RRH	11	19702	29457	29457
9O6T	24	19702	29457	29457
9O6S	24	19702	29457	29457
9UNL	22	19702	22931	22931
9RWQ	16	19721	19721	19721
9CQI	3	19727	19727	19727
9CQH	11	19727	19727	19727
9ESA	4	19727	19727	19727
9CQJ	4	19727	19727	19727
9Y9N	3	19735	19735	19735
9OU5	2	19740	19740	19740
9OTJ	2	19740	19740	19740
9OTL	4	19740	19740	19740
9DFW	9	19745	19745	19745
8S3B	36	19766	19766	19766
8S38	9	19766	19766	19766
8S39	9	19766	19766	19766
8S3A	18	19766	19766	19766
8S3D	24	19766	19766	19766
8S3C	3	19766	19766	19766
9DEY	4	19774	19774	19774
8RTS	7	19787	19787	19787
9FP6	6	19788	19788	19788
9S44	1	19803	19803	19803
9S46	1	19803	19803	19803
9S48	1	19803	19803	19803
9J91	1	19804	19804	19804
9BLS	3	19818	23850	23850
9BLT	3	19818	23873	23873
8ZVH	2	19828	19828	19828
8ZVG	6	19828	19828	19828
8ZLW	2	19863	22443	22443
9N8M	33	19864	19864	19864
9MVW	3	19880	19880	19880
8XUV	12	19883	19883	19883
8XUQ	4	19883	19883	19883
9OTU	2	19899	19899	19899
9C21	18	19900	19900	19900
9B3Q	3	19900	19900	19900
8RCX	4	19909	19909	19909
9Q84	3	19919	19919	19919
9Q83	6	19919	19919	19919
8ZLX	12	19920	19920	19920
8VOI	1	19925	19925	19925
8RSL	8	19927	19927	19927
9GF0	15	19949	19949	19949
9OU6	2	19953	19953	19953
9ZC2	48	19971	19971	19971
9H4X	1	19978	19978	19978
9NCZ	1	19982	19982	19982
9J88	2	19994	19994	19994
9MXD	3	20002	20002	20002
8VJV	3	20012	20012	20012
8VJU	3	20012	20012	20012
8VJW	4	20012	20012	20012
8VJX	3	20012	20012	20012
8VJY	6	20012	20012	20012
8S62	2	20026	25339	25339
8S5W	2	20026	25339	25339
9FEE	12	20036	20036	20036
9NZB	18	20040	20040	20040
9KVO	2	20042	20042	20042
9QOS	6	20049	20049	20049
9S24	3	20052	20052	20052
9FRU	1	20052	20052	20052
9S21	3	20052	20052	20052
9FDW	3	20052	20052	20052
9S25	3	20052	20052	20052
9S1Z	3	20052	20052	20052
9FDX	3	20052	20052	20052
9FDT	3	20052	20052	20052
9FDS	3	20052	20052	20052
9FDR	3	20052	20052	20052
9S23	3	20052	20052	20052
9S20	3	20052	20052	20052
9FDU	3	20052	20052	20052
9S22	3	20052	20052	20052
9S26	3	20052	20052	20052
9KUZ	2	20084	20084	20084
9O63	1	20087	20087	20087
9Y9B	3	20087	20087	20087
9QYH	2	20088	20088	20088
9QYG	2	20088	20088	20088
9QYF	3	20088	20088	20088
9H87	1	20093	20093	20093
9MK5	14	20097	20097	20097
9MK2	7	20097	20097	20097
9MJP	14	20097	20097	20097
8RVS	6	20108	20108	20108
8RWM	6	20108	20108	20108
9KV9	1	20128	20128	20128
9KV1	1	20128	20128	20128
9KUO	2	20143	20143	20143
9KUU	2	20151	20151	20151
9F6P	1	20153	20153	20153
9F6Q	1	20153	20153	20153
9CUI	5	20158	20158	20158
9NVR	6	20158	20158	20158
9KVB	1	20158	20158	20158
9NVP	6	20158	20158	20158
8VCM	6	20166	20166	20166
9GKR	2	20166	20166	20166
8VCS	24	20166	20166	20166
8VCP	6	20166	20166	20166
9GKS	2	20166	20166	20166
8VCO	6	20166	20166	20166
8VCQ	8	20166	20166	20166
8VCK	6	20166	20166	20166
8VCU	12	20166	20166	20166
9ENY	6	20179	20179	20179
9ENV	7	20179	20179	20179
9ENW	7	20179	20179	20179
9ENX	7	20179	20179	20179
9BKB	3	20186	20186	20186
9BKI	9	20186	20186	20186
9N8A	33	20189	20189	20189
9N8H	33	20189	20189	20189
9HT5	5	20191	20191	20191
9WXS	4	20197	20197	20197
9F6N	1	20198	20198	20198
9N8B	33	20198	20198	20198
8XD1	3	20201	20201	20201
8XCS	1	20201	20201	20201
8XCU	3	20201	20201	20201
8XD6	1	20201	20201	20201
8XCZ	3	20201	20201	20201
8XD0	3	20201	20201	20201
8XCY	3	20201	20201	20201
8XD3	3	20201	20201	20201
8XCP	3	20201	20201	20201
8XCX	3	20201	20201	20201
8XCQ	1	20201	20201	20201
8XD4	3	20201	20201	20201
8XCT	3	20201	20201	20201
8XD2	1	20201	20201	20201
8XCV	3	20201	20201	20201
8XD5	1	20201	20201	20201
8XCR	1	20201	20201	20201
8XCO	3	20201	20201	20201
8XCW	3	20201	20201	20201
9S4G	4	20212	20212	20212
9DEX	6	20216	20216	20216
8ZMU	18	20221	20221	20221
9K48	1	20239	20239	20239
9ONR	6	20246	20246	20246
9H9X	2	20257	20257	20257
9H9Z	6	20257	20257	20257
9H9W	6	20257	20257	20257
8RIH	2	20268	20268	20268
9M4T	1	20277	20277	20277
9M4Q	1	20277	20277	20277
9I5E	2	20278	20278	20278
9C9C	6	20289	20289	20289
9GAG	1	20289	20289	20289
8XTE	10	20295	20295	20295
8XTG	10	20295	20295	20295
8XTF	1	20295	20295	20295
8VE7	1	20356	20356	20356
9PYC	1	20361	20361	20361
9B3R	3	20373	20373	20373
8YRF	2	20393	20393	20393
9JQI	5	20429	20429	20429
9KYS	2	20435	20435	20435
9BP8	3	20437	20437	20437
9BFB	3	20437	20437	20437
8W08	6	20444	20444	20444
9HY9	6	20445	20445	20445
9HY8	6	20445	20445	20445
8W05	20	20446	20446	20446
8W06	24	20446	20446	20446
9KH7	6	20469	20469	20469
9EL6	4	20480	20480	20480
9F3V	6	20497	20497	20497
9Q31	6	20502	20502	20502
9Q32	4	20502	20502	20502
9EM1	3	20505	20505	20505
8S8A	3	20505	20505	20505
9KS6	1	20506	20506	20506
9O66	6	20510	20510	20510
9O68	2	20510	20510	20510
9YHC	12	20514	20514	20514
9YHF	12	20532	20532	20532
9IW1	6	20532	20532	20532
9YHE	12	20532	20532	20532
9YHD	10	20532	20532	20532
9GVA	3	20533	20533	20533
9L1I	2	20536	20536	20536
9L1H	2	20536	20536	20536
9GU8	3	20542	20542	20542
9GTO	1	20542	20542	20542
9SS8	6	20556	20556	20556
9GBS	7	20556	20556	20556
9SSB	12	20556	20556	20556
9GBP	6	20556	20556	20556
9H1B	6	20556	20556	20556
9GBR	6	20556	20556	20556
9SS9	4	20556	20556	20556
9GBQ	2	20556	20556	20556
9H1A	6	20556	20556	20556
8XMS	6	20574	20574	20574
9AV4	6	20575	20575	20575
9AV5	2	20575	20575	20575
9MZZ	6	20592	20592	20592
8W1V	2	20603	20603	20603
9H70	3	20604	20604	20604
9KUI	1	20606	20606	20606
9FYB	6	20614	20614	20614
9FBK	3	20631	20631	20631
9HO5	3	20643	20643	20643
9S60	12	20643	33256	33256
9MZX	6	20644	20644	20644
8YSW	6	20650	20650	20650
9GVU	6	20662	20662	20662
8Y4X	2	20664	33229	33229
8Y4W	2	20664	33229	33229
8ZXI	6	20668	20668	20668
9VG3	3	20670	20670	20670
9HGM	2	20705	20705	20705
9DVI	4	20713	32427	32427
8Z5G	52	20716	22703	22703
9FXF	3	20723	20723	20723
9MZY	6	20737	20737	20737
8ZNG	3	20740	20740	20740
8ZND	1	20740	20740	20740
8ZNB	3	20740	20740	20740
8ZNE	1	20740	20740	20740
8ZNC	3	20740	20740	20740
9H8R	3	20768	20768	20768
8YJ5	2	20776	28553	28553
8YJ8	10	20776	28627	28627
9RFB	4	20779	20779	20779
9LEP	2	20783	20783	20783
9FVB	4	20791	41367	41367
9HA0	6	20801	20801	20801
9H9Y	3	20801	20801	20801
9HO6	6	20815	20815	20815
8S00	6	20820	20820	20820
9KDS	1	20822	20822	20822
8XTU	1	20825	20825	20825
9MYR	12	20829	34238	34238
8S0V	6	20832	20832	20832
8ZF1	1	20836	20836	20836
9HHS	6	20842	20842	20842
8S1N	1	20846	20846	20846
9HHY	12	20853	20853	20853
9HGK	6	20853	20853	20853
9HGQ	6	20853	20853	20853
8YD4	14	20861	25251	25251
9HGO	6	20871	20871	20871
9GUC	3	20876	20876	20876
9D7Q	2	20887	20887	20887
9BZL	3	20895	20895	20895
9BZG	3	20895	20895	20895
9D2Y	2	20916	20916	20916
9D2Z	3	20925	20925	20925
9D30	2	20925	20925	20925
9FZV	5	20928	20928	20928
9CII	3	20928	20928	20928
9L10	2	20934	20934	20934
9L11	2	20934	20934	20934
9FCG	3	20939	20939	20939
9CIK	3	20939	20939	20939
9FCF	1	20939	20939	20939
9CIJ	3	20940	20940	20940
9CR1	4	20944	20944	20944
9CU9	3	20950	20950	20950
9P7R	33	20964	20964	20964
9CR6	4	20965	20965	20965
9JWA	2	20973	20973	20973
9FCS	2	20983	20983	20983
9HRA	8	20988	20988	20988
9FKQ	3	20993	20993	20993
9FGV	6	20993	20993	20993
9L4Q	2	21001	21001	21001
9CIL	1	21014	21014	21014
8ZRS	12	21030	21030	21030
9C11	6	21035	21035	21035
8Z1E	3	21047	21047	21047
8YF0	2	21053	21053	21053
8YF1	2	21053	21053	21053
9L1F	2	21053	21053	21053
9GTK	18	21055	33754	33754
9C3M	6	21056	21056	21056
8XJZ	3	21058	32811	32811
8XLJ	10	21060	21060	21060
8S1O	1	21066	21066	21066
9MG4	3	21070	21070	21070
8YZO	3	21073	21073	21073
8YZN	3	21083	21083	21083
9MRO	4	21091	21091	21091
9MRV	4	21091	21091	21091
9MRP	4	21091	21091	21091
9F03	1	21095	21095	21095
8YQ3	1	21102	21102	21102
8YRB	1	21102	21102	21102
9E9I	3	21104	21104	21104
9MG6	3	21106	21106	21106
9D3F	1	21106	21106	21106
8XOQ	2	21109	21109	21109
9GKX	12	21114	21114	21114
9DXU	8	21114	21114	21114
9GKW	12	21114	21114	21114
9DXB	3	21114	21114	21114
9DXV	3	21114	21114	21114
8YTT	3	21118	21118	21118
9GAR	3	21119	21119	21119
9BGY	1	21121	21121	21121
8Y0M	4	21122	21122	21122
8YU0	1	21124	21124	21124
8YU2	1	21124	21124	21124
9VLB	2	21131	21131	21131
8ZF8	1	21132	21132	21132
8YU4	1	21134	21134	21134
8YQM	1	21134	21134	21134
8XG7	3	21142	21142	21142
9KPM	3	21144	21144	21144
9KPN	7	21144	21144	21144
8W26	3	21148	21148	21148
9C1A	3	21148	21148	21148
9FJA	1	21150	21150	21150
9FIZ	1	21150	21150	21150
9CLL	2	21156	21156	21156
8XG9	3	21158	21158	21158
8ZLT	2	21165	21165	21165
8ZLS	2	21165	21165	21165
8V81	1	21167	21167	21167
9FJ0	1	21172	21172	21172
9H88	6	21177	21177	21177
8XG8	3	21183	21183	21183
8Z4H	4	21194	21194	21194
9QFS	3	21227	21227	21227
9QF1	1	21227	21227	21227
9QFY	3	21227	21227	21227
9OOZ	3	21228	21228	21228
9QPZ	3	21230	21230	21230
9O0N	3	21230	21230	21230
9O0R	2	21230	21230	21230
9O0O	3	21230	21230	21230
9B1V	5	21231	21231	21231
9B1U	3	21231	21231	21231
9GKU	24	21264	21264	21264
8Y0L	4	21268	21268	21268
9IVP	144	21281	21281	21281
9U50	5	21294	21294	21294
8Z4N	4	21325	21325	21325
9BGB	12	21333	24391	24391
8RCW	2	21335	21335	21335
9U5T	3	21341	21341	21341
9USB	3	21341	21341	21341
9IB4	3	21342	21342	21342
9IAW	3	21342	21342	21342
9IAP	3	21342	21342	21342
9IAY	3	21342	21342	21342
9IB5	3	21342	21342	21342
8Y6Y	1	21345	21345	21345
9S96	6	21364	21364	21364
9S90	2	21364	21364	21364
9S9A	6	21364	21364	21364
9E9H	3	21380	21380	21380
9BG4	12	21387	24391	24391
9BAI	10	21387	21387	21387
9BG6	12	21387	24391	24391
9BAK	8	21387	21387	21387
9BG1	12	21387	24391	24391
9BAJ	8	21387	21387	21387
9BG2	12	21387	24391	24391
9BG5	12	21392	24391	24391
9N9N	6	21396	21396	21396
9C3K	4	21412	21412	21412
9BHO	12	21418	24223	24223
9C28	10	21432	21432	21432
9BHQ	4	21435	24223	24223
9KW7	2	21437	21437	21437
9KFL	5	21443	21443	21443
9BGC	12	21451	24391	24391
9O0S	3	21461	21461	21461
9C41	4	21462	21462	21462
9E3S	12	21469	24391	24391
9C3N	6	21471	21471	21471
9C3V	2	21479	21479	21479
9C40	2	21480	21480	21480
8YU7	4	21481	21481	21481
9C3Q	3	21486	21486	21486
8YNR	3	21492	21492	21492
9C3R	4	21492	21492	21492
8XWO	6	21492	21492	21492
8YL3	3	21492	21492	21492
8YIM	3	21492	21492	21492
9BHP	4	21494	24223	24223
9BI2	4	21494	24223	24223
8S41	9	21496	21496	21496
9BFV	12	21500	24391	24391
9BGA	12	21500	24391	24391
9C3L	9	21501	21501	21501
9BGH	4	21512	24223	24223
9E5D	3	21512	21512	21512
9BI1	4	21512	24223	24223
9E5F	3	21512	21512	21512
9L6A	3	21512	21512	21512
8VM2	9	21514	21514	21514
9JYW	6	21529	21529	21529
9C3Z	2	21529	21529	21529
9C43	2	21530	21530	21530
9CT8	12	21549	24391	24391
9CTA	14	21549	24391	24391
9CT7	12	21549	24391	24391
9CTB	14	21549	24391	24391
9CT9	12	21549	24391	24391
9GBJ	1	21551	21551	21551
9P45	3	21551	21551	21551
9P44	2	21551	21551	21551
9GGY	3	21573	21573	21573
9GGW	2	21573	21573	21573
9GGU	3	21573	21573	21573
9GGV	3	21573	21573	21573
9G4B	3	21573	21573	21573
9GGT	3	21573	21573	21573
9GGZ	3	21573	21573	21573
9GH0	1	21573	21573	21573
9GH1	3	21573	21573	21573
9G0Y	3	21573	21573	21573
9GGX	1	21573	21573	21573
9GH2	3	21573	21573	21573
9I7Y	7	21587	21587	21587
8ZRT	1	21598	21598	21598
9H4T	6	21602	21602	21602
8XJT	3	21606	21606	21606
8XBL	2	21606	21606	21606
9YC0	24	21613	21613	21613
9YC7	24	21613	21613	21613
9NZM	6	21629	21629	21629
9NZN	3	21629	21629	21629
8ZR7	1	21633	21633	21633
8ZR0	1	21633	21633	21633
9KWF	2	21639	21639	21639
9UKY	2	21658	48047	48047
9MF1	3	21660	21660	21660
9LS8	3	21669	21669	21669
9GRM	1	21676	21676	21676
9K2C	42	21677	21677	21677
9BG9	12	21677	24391	24391
9QFA	1	21685	21685	21685
8S8C	1	21689	21689	21689
9D0Q	2	21691	21691	21691
9D0R	1	21691	21691	21691
9D0S	1	21691	21691	21691
9DMM	3	21701	21701	21701
9B4R	1	21715	21715	21715
9PC9	1	21718	21718	21718
9FPD	1	21722	21722	21722
10DC	1	21732	21732	21732
9N44	3	21734	21734	21734
9GLW	1	21737	21737	21737
9RI2	2	21737	21737	21737
9GLX	16	21737	21737	21737
9HMR	12	21742	21742	21742
9BFX	14	21745	24391	24391
9BFZ	8	21745	24449	24449
9BFW	6	21745	24449	24449
9BFY	12	21745	24449	24449
8ZF4	1	21750	21750	21750
8ZF7	1	21750	21750	21750
9JVM	1	21750	21750	21750
8ZFB	1	21750	21750	21750
9O0Q	5	21774	21774	21774
9O0P	6	21774	21774	21774
9JWY	1	21789	21789	21789
9BL0	6	21795	21795	21795
8ROM	1	21798	21798	21798
8YP0	1	21805	21805	21805
8YO0	3	21805	21805	21805
9S02	15	21812	21812	21812
9S01	15	21812	21812	21812
9S04	15	21812	21812	21812
8S5D	1	21819	21819	21819
8S5C	1	21819	21819	21819
8S5E	7	21819	21819	21819
9BG7	12	21829	24391	24391
9F32	3	21831	21831	21831
9OMH	4	21832	21832	21832
9OMI	4	21832	21832	21832
9OMK	4	21832	21832	21832
9OMN	6	21832	21832	21832
9OML	2	21832	21832	21832
8YQ7	6	21834	21834	21834
9GOH	6	21841	21841	21841
9GLZ	4	21844	21977	21977
9GLU	4	21844	21844	21844
9QQ0	3	21844	21844	21844
9QQ1	3	21844	21844	21844
9UCE	1	21844	21844	21844
9AX6	12	21845	24391	24391
9BG0	12	21865	24391	24391
8XPK	2	21866	21866	21866
8XPW	2	21867	21867	21867
8XPH	2	21867	21867	21867
9J9N	2	21871	21871	21871
9J9M	2	21879	21879	21879
9J9L	1	21879	21879	21879
9J9O	2	21885	21885	21885
9J9P	1	21898	21898	21898
8YOA	1	21903	21903	21903
9P46	4	21909	21909	21909
9S87	1	21919	21919	21919
9S8V	3	21919	21919	21919
9S8S	1	21919	21919	21919
9S8Z	1	21919	21919	21919
9F69	3	21930	21930	21930
9FW6	2	21938	21938	21938
9BTM	6	21939	27916	27916
8ZQG	2	21941	21941	21941
9GUB	7	21946	21946	21946
9BG3	14	21948	24391	24391
9J0G	4	21962	21962	21962
9BGD	12	21965	24391	24391
9OMJ	4	21972	21972	21972
9B4Q	3	21975	21975	21975
9EZW	12	21982	21982	21982
9BG8	12	21990	24391	24391
8YLW	6	21996	21996	21996
8S8S	3	21999	21999	21999
9DTK	1	22028	22028	22028
9W3I	2	22040	22040	22040
9U9F	2	22040	22040	22040
9EZV	3	22044	22044	22044
8S8R	3	22046	22046	22046
9O98	2	22051	22051	22051
9VGL	8	22059	22059	22059
9VGK	4	22061	22061	22061
8V7Z	1	22079	22079	22079
9FFC	1	22081	22081	22081
8V5U	3	22082	22082	22082
9CBT	6	22082	22082	22082
9EZU	4	22082	22082	22082
9O96	2	22091	22091	22091
9O95	2	22091	22091	22091
9O97	2	22091	22091	22091
9BGZ	1	22095	22095	22095
9BH0	1	22095	22095	22095
9DZO	6	22107	22107	22107
9DZ7	6	22107	22107	22107
8ZNY	3	22111	22111	22111
8ZO0	1	22111	22111	22111
7H7T	12	22121	22121	22121
7H6R	12	22121	22121	22121
7H8H	12	22121	22121	22121
7H8L	12	22121	22121	22121
7H7Y	12	22121	22121	22121
7H8V	12	22121	22121	22121
7H8F	12	22121	22121	22121
7H8P	12	22121	22121	22121
7H75	12	22121	22121	22121
7HIK	12	22121	22121	22121
7H8O	12	22121	22121	22121
7H8T	12	22121	22121	22121
7H8E	12	22121	22121	22121
7H7O	14	22121	22121	22121
7H72	12	22121	22121	22121
7H8Y	12	22121	22121	22121
7H9B	14	22121	22121	22121
7H7G	12	22121	22121	22121
7HIH	12	22121	22121	22121
7H93	12	22121	22121	22121
7H95	12	22121	22121	22121
7H6Z	12	22121	22121	22121
7HIA	12	22121	22121	22121
7H6J	12	22121	22121	22121
7H6O	12	22121	22121	22121
7H89	16	22121	22121	22121
7HII	12	22121	22121	22121
7H6W	12	22121	22121	22121
7H91	12	22121	22121	22121
7HIO	12	22121	22121	22121
7H7M	12	22121	22121	22121
7H7C	12	22121	22121	22121
7HIF	12	22121	22121	22121
7H97	12	22121	22121	22121
7H8J	12	22121	22121	22121
7HIR	12	22121	22121	22121
7H9I	12	22121	22121	22121
7H8C	12	22121	22121	22121
7H9F	12	22121	22121	22121
7H87	16	22121	22121	22121
7H7I	12	22121	22121	22121
7H8U	12	22121	22121	22121
7HIQ	12	22121	22121	22121
7H70	12	22121	22121	22121
7H8G	12	22121	22121	22121
7H7J	12	22121	22121	22121
7H6Y	12	22121	22121	22121
7H9G	12	22121	22121	22121
7HIL	12	22121	22121	22121
7H96	12	22121	22121	22121
7H9A	12	22121	22121	22121
7H7Z	12	22121	22121	22121
7H6N	16	22121	22121	22121
7H74	12	22121	22121	22121
7H7E	12	22121	22121	22121
7H7B	12	22121	22121	22121
7HIE	16	22121	22121	22121
7H79	12	22121	22121	22121
7H7H	12	22121	22121	22121
7H84	12	22121	22121	22121
7H86	12	22121	22121	22121
7HIM	12	22121	22121	22121
7H7F	12	22121	22121	22121
7H8A	12	22121	22121	22121
7H94	12	22121	22121	22121
7HIT	12	22121	22121	22121
7H88	12	22121	22121	22121
7H6M	12	22121	22121	22121
7H7L	12	22121	22121	22121
7H76	12	22121	22121	22121
7H8I	12	22121	22121	22121
7H6X	12	22121	22121	22121
7H6V	12	22121	22121	22121
7H8K	12	22121	22121	22121
7HIS	12	22121	22121	22121
7H6T	12	22121	22121	22121
7H92	12	22121	22121	22121
7H8M	12	22121	22121	22121
7H99	12	22121	22121	22121
7H8Q	12	22121	22121	22121
7H6S	12	22121	22121	22121
7H7N	12	22121	22121	22121
7H9C	12	22121	22121	22121
7H6P	12	22121	22121	22121
7H8W	12	22121	22121	22121
7HIX	12	22121	22121	22121
7H7U	12	22121	22121	22121
7H85	12	22121	22121	22121
7H9J	12	22121	22121	22121
7H8D	12	22121	22121	22121
7HIG	12	22121	22121	22121
7H7S	12	22121	22121	22121
7H7Q	12	22121	22121	22121
7HIU	12	22121	22121	22121
7H8X	12	22121	22121	22121
7HIP	12	22121	22121	22121
7HIC	12	22121	22121	22121
7H8B	12	22121	22121	22121
7HIV	12	22121	22121	22121
7H8R	12	22121	22121	22121
7H81	12	22121	22121	22121
7H6K	12	22121	22121	22121
7H7X	12	22121	22121	22121
7HID	12	22121	22121	22121
7H80	12	22121	22121	22121
7H8N	12	22121	22121	22121
7H7A	12	22121	22121	22121
7H98	12	22121	22121	22121
7HIJ	12	22121	22121	22121
7H7V	12	22121	22121	22121
7H73	12	22121	22121	22121
7H7D	12	22121	22121	22121
7H77	12	22121	22121	22121
7HIB	12	22121	22121	22121
7HIN	12	22121	22121	22121
7H90	12	22121	22121	22121
7H83	12	22121	22121	22121
7H78	12	22121	22121	22121
7H6U	12	22121	22121	22121
7H6Q	12	22121	22121	22121
7H8S	12	22121	22121	22121
7H8Z	12	22121	22121	22121
7H7P	12	22121	22121	22121
7H9D	12	22121	22121	22121
7HIW	12	22121	22121	22121
7H7W	12	22121	22121	22121
7H71	12	22121	22121	22121
7H7K	12	22121	22121	22121
7H9H	16	22121	22121	22121
7H6L	12	22121	22121	22121
7H9E	12	22121	22121	22121
7H7R	12	22121	22121	22121
7H82	12	22121	22121	22121
8RSI	8	22123	22123	22123
8RSK	9	22123	22123	22123
8RSJ	7	22123	22123	22123
9QM7	3	22127	22127	22127
9R6M	2	22131	22131	22131
9H76	2	22140	28853	28853
8YT1	9	22141	22141	22141
9GKZ	6	22144	22144	22144
9QUS	2	22147	22147	22147
8S4D	3	22156	22156	22156
7H0O	4	22161	22161	22161
7H0Y	6	22161	22161	22161
7H02	3	22161	22161	22161
7H0E	6	22161	22161	22161
7IK8	3	22161	22161	22161
7H04	3	22161	22161	22161
7IJU	3	22161	22161	22161
7IK7	3	22161	22161	22161
7IJX	3	22161	22161	22161
7H13	4	22161	22161	22161
7H0F	6	22161	22161	22161
7H12	4	22161	22161	22161
7GZZ	4	22161	22161	22161
7H05	3	22161	22161	22161
7GZX	4	22161	22161	22161
7H0U	3	22161	22161	22161
7H0K	3	22161	22161	22161
7H0H	7	22161	22161	22161
7H0N	7	22161	22161	22161
7H0M	7	22161	22161	22161
7H00	4	22161	22161	22161
7H0Q	7	22161	22161	22161
7H01	4	22161	22161	22161
7H0P	3	22161	22161	22161
7H18	4	22161	22161	22161
7H07	3	22161	22161	22161
7H0G	8	22161	22161	22161
7H16	3	22161	22161	22161
7H19	6	22161	22161	22161
7H0W	4	22161	22161	22161
7IJV	3	22161	22161	22161
7H1F	3	22161	22161	22161
7H0L	6	22161	22161	22161
7H1B	3	22161	22161	22161
7H0A	7	22161	22161	22161
7IJW	3	22161	22161	22161
7H1G	4	22161	22161	22161
7IK0	3	22161	22161	22161
7H0C	6	22161	22161	22161
7IK4	4	22161	22161	22161
7IJY	1	22161	22161	22161
7H0B	6	22161	22161	22161
7IJZ	3	22161	22161	22161
7H0T	3	22161	22161	22161
7H0D	4	22161	22161	22161
7IK3	3	22161	22161	22161
7H11	4	22161	22161	22161
7H0X	7	22161	22161	22161
7H0S	6	22161	22161	22161
7H09	6	22161	22161	22161
9AZX	3	22161	22161	22161
7H1A	6	22161	22161	22161
7IK1	3	22161	22161	22161
7H1E	3	22161	22161	22161
7H0Z	4	22161	22161	22161
7H14	4	22161	22161	22161
7IK5	3	22161	22161	22161
7H10	4	22161	22161	22161
7H1D	3	22161	22161	22161
7GZV	1	22161	22161	22161
7H17	4	22161	22161	22161
7GZY	4	22161	22161	22161
7H03	3	22161	22161	22161
7H0V	3	22161	22161	22161
7H08	1	22161	22161	22161
9CY0	6	22161	22161	22161
7IK6	3	22161	22161	22161
7IK2	3	22161	22161	22161
7H15	4	22161	22161	22161
7H1C	3	22161	22161	22161
7H06	4	22161	22161	22161
7H0I	4	22161	22161	22161
7H0R	3	22161	22161	22161
7H0J	7	22161	22161	22161
7GZW	4	22161	22161	22161
9YHH	12	22174	22174	22174
9YHI	12	22174	22174	22174
8RAK	3	22175	22175	22175
9EZ9	3	22175	22175	22175
9S1I	3	22175	22175	22175
9RZZ	15	22184	22184	22184
9TME	12	22186	22186	22186
9YHM	12	22190	22190	22190
9YHL	12	22190	22190	22190
9GJ2	6	22196	22196	22196
9YHJ	6	22207	22207	22207
9YHK	12	22207	22207	22207
9S27	3	22219	22219	22219
9MD7	1	22223	22223	22223
9MD8	3	22223	22223	22223
9S9C	1	22238	22238	22238
9QUU	2	22238	22238	22238
9IKV	2	22241	22241	22241
9IKX	2	22241	22241	22241
9N4B	1	22254	22254	22254
9N4C	6	22263	22263	22263
9C9Q	6	22280	22280	22280
9DMA	3	22280	22280	22280
9DY4	1	22280	22280	22280
9GR0	4	22285	33876	33876
9M6P	2	22288	22288	22288
9BH1	1	22295	22295	22295
9BH2	1	22295	22295	22295
9EGH	2	22295	22295	22295
9I6D	3	22298	22298	22298
8YNF	2	22318	22318	22318
9C9R	6	22329	22329	22329
9EMY	12	22336	23622	23622
9EGI	2	22343	22343	22343
9EGJ	4	22345	22345	22345
8Z74	4	22347	23702	23702
8XQJ	4	22347	25716	25716
8XQI	2	22347	22347	22347
7HCS	6	22358	22358	22358
7HD8	7	22358	22358	22358
7GZI	6	22358	22358	22358
7HCM	6	22358	22358	22358
7HC9	7	22358	22358	22358
13RQ	6	22358	22358	22358
7HPR	6	22358	22358	22358
7GZ4	6	22358	22358	22358
7HHV	7	22358	22358	22358
7GZB	6	22358	22358	22358
7GYY	6	22358	22358	22358
7HDN	6	22358	22358	22358
13RW	6	22358	22358	22358
7HDH	8	22358	22358	22358
7HPU	7	22358	22358	22358
7HPQ	6	22358	22358	22358
7HQE	7	22358	22358	22358
7GZG	7	22358	22358	22358
7IJQ	6	22358	22358	22358
7HPI	7	22358	22358	22358
7GZ5	6	22358	22358	22358
7HER	7	22358	22358	22358
7IJC	7	22358	22358	22358
7HFP	6	22358	22358	22358
7HQ8	7	22358	22358	22358
7HE5	7	22358	22358	22358
7HEE	7	22358	22358	22358
7HI1	7	22358	22358	22358
7HC4	7	22358	22358	22358
7HFW	6	22358	22358	22358
7HF1	6	22358	22358	22358
7HI7	7	22358	22358	22358
7IJP	6	22358	22358	22358
7IJN	6	22358	22358	22358
7HDJ	8	22358	22358	22358
7IJ8	6	22358	22358	22358
7HFT	6	22358	22358	22358
7HFB	6	22358	22358	22358
7GYZ	6	22358	22358	22358
7HDE	7	22358	22358	22358
7HHS	7	22358	22358	22358
7IJD	6	22358	22358	22358
7IJJ	7	22358	22358	22358
7HFJ	6	22358	22358	22358
7IJS	7	22358	22358	22358
7GZU	6	22358	22358	22358
7HC5	6	22358	22358	22358
7IJA	6	22358	22358	22358
7HCD	6	22358	22358	22358
7HF5	7	22358	22358	22358
7HCP	6	22358	22358	22358
7HED	8	22358	22358	22358
7HFX	6	22358	22358	22358
13RY	6	22358	22358	22358
7HCJ	7	22358	22358	22358
7HCV	6	22358	22358	22358
7HF8	7	22358	22358	22358
7HEM	7	22358	22358	22358
7GZH	7	22358	22358	22358
7IJM	6	22358	22358	22358
7IIX	7	22358	22358	22358
7HFC	7	22358	22358	22358
7HEB	7	22358	22358	22358
7HQ4	6	22358	22358	22358
7HPM	6	22358	22358	22358
7HFQ	7	22358	22358	22358
7GZS	6	22358	22358	22358
7HE7	7	22358	22358	22358
7HFK	6	22358	22358	22358
7HDA	7	22358	22358	22358
7HQO	6	22358	22358	22358
7HCT	6	22358	22358	22358
7HFM	6	22358	22358	22358
7HDY	8	22358	22358	22358
7HPP	6	22358	22358	22358
7HDC	8	22358	22358	22358
7GZM	8	22358	22358	22358
7HC6	6	22358	22358	22358
7HE6	7	22358	22358	22358
7HDM	7	22358	22358	22358
7HFV	7	22358	22358	22358
7HQI	7	22358	22358	22358
9D6H	6	22358	22358	22358
7IJ7	6	22358	22358	22358
7HQ6	6	22358	22358	22358
7HF3	7	22358	22358	22358
7IJK	6	22358	22358	22358
7GZ2	6	22358	22358	22358
7IJ0	6	22358	22358	22358
7HDS	7	22358	22358	22358
13RO	6	22358	22358	22358
7GZF	7	22358	22358	22358
7IJH	6	22358	22358	22358
7HCB	6	22358	22358	22358
7HPV	6	22358	22358	22358
7HF7	6	22358	22358	22358
13RN	6	22358	22358	22358
9D6I	6	22358	22358	22358
7HFS	6	22358	22358	22358
7HI3	8	22358	22358	22358
13RI	6	22358	22358	22358
7GZ8	6	22358	22358	22358
9D6B	6	22358	22358	22358
7IJ3	6	22358	22358	22358
7IJ1	7	22358	22358	22358
7IJO	6	22358	22358	22358
7GZR	7	22358	22358	22358
7HD1	6	22358	22358	22358
7HQ3	6	22358	22358	22358
7HI6	7	22358	22358	22358
7HCA	7	22358	22358	22358
7GZK	6	22358	22358	22358
7HPN	6	22358	22358	22358
7HFN	6	22358	22358	22358
7HQD	6	22358	22358	22358
7HF0	7	22358	22358	22358
7HHX	7	22358	22358	22358
7HQ1	7	22358	22358	22358
7HFI	6	22358	22358	22358
7IJR	6	22358	22358	22358
7IIW	7	22358	22358	22358
9D6G	6	22358	22358	22358
7HQB	6	22358	22358	22358
7HD5	8	22358	22358	22358
7HFE	6	22358	22358	22358
7HCY	7	22358	22358	22358
7GZ0	6	22358	22358	22358
13RL	6	22358	22358	22358
7IJ2	7	22358	22358	22358
13RK	6	22358	22358	22358
7HDQ	7	22358	22358	22358
7GZL	7	22358	22358	22358
7IJL	7	22358	22358	22358
7HCX	7	22358	22358	22358
7HQP	6	22358	22358	22358
7HFR	6	22358	22358	22358
7HCO	6	22358	22358	22358
7HEO	8	22358	22358	22358
7HD3	7	22358	22358	22358
7HQ0	6	22358	22358	22358
7HDK	7	22358	22358	22358
7GZ6	6	22358	22358	22358
13RS	6	22358	22358	22358
7GZJ	6	22358	22358	22358
7HFZ	7	22358	22358	22358
7HDB	7	22358	22358	22358
13RU	6	22358	22358	22358
7HPY	6	22358	22358	22358
7GZ3	6	22358	22358	22358
7HET	7	22358	22358	22358
7HDG	6	22358	22358	22358
7HC7	6	22358	22358	22358
7HPZ	6	22358	22358	22358
7HEG	7	22358	22358	22358
7HPK	6	22358	22358	22358
7IJI	7	22358	22358	22358
7HCC	6	22358	22358	22358
7HEJ	7	22358	22358	22358
7HE3	7	22358	22358	22358
7HCU	6	22358	22358	22358
7IIY	7	22358	22358	22358
7HC8	6	22358	22358	22358
7IJ9	6	22358	22358	22358
7HDU	7	22358	22358	22358
7HCN	6	22358	22358	22358
7GZN	7	22358	22358	22358
7HI2	7	22358	22358	22358
7HEN	6	22358	22358	22358
7HQH	6	22358	22358	22358
7GZT	6	22358	22358	22358
7HEH	7	22358	22358	22358
7IJF	6	22358	22358	22358
7HDV	7	22358	22358	22358
7IJE	6	22358	22358	22358
7HDT	7	22358	22358	22358
7HCG	6	22358	22358	22358
7HQF	7	22358	22358	22358
7GZE	7	22358	22358	22358
7HDX	7	22358	22358	22358
7HFO	6	22358	22358	22358
7HQA	7	22358	22358	22358
7HQ2	6	22358	22358	22358
7IJ4	6	22358	22358	22358
7HQJ	6	22358	22358	22358
7HI0	7	22358	22358	22358
7HEX	6	22358	22358	22358
7HEL	7	22358	22358	22358
7HEU	7	22358	22358	22358
7HCK	6	22358	22358	22358
7HD7	8	22358	22358	22358
7IJT	6	22358	22358	22358
7HDP	7	22358	22358	22358
7HPX	6	22358	22358	22358
7HE1	7	22358	22358	22358
7HDL	7	22358	22358	22358
7HDR	8	22358	22358	22358
7HQK	6	22358	22358	22358
7HEF	7	22358	22358	22358
7HEZ	7	22358	22358	22358
7HCE	6	22358	22358	22358
7HFG	6	22358	22358	22358
7GZQ	7	22358	22358	22358
7HI5	7	22358	22358	22358
7HEY	8	22358	22358	22358
7HHT	7	22358	22358	22358
7HHY	7	22358	22358	22358
7HHZ	7	22358	22358	22358
13RR	6	22358	22358	22358
7HEV	7	22358	22358	22358
7HDO	7	22358	22358	22358
7HQL	6	22358	22358	22358
7HPS	6	22358	22358	22358
7GZD	7	22358	22358	22358
7HQN	6	22358	22358	22358
7HPJ	6	22358	22358	22358
7IJG	6	22358	22358	22358
7HE9	7	22358	22358	22358
7HEI	7	22358	22358	22358
7HES	7	22358	22358	22358
7IJB	6	22358	22358	22358
7HD9	6	22358	22358	22358
7GZC	6	22358	22358	22358
7GZO	7	22358	22358	22358
7HFF	6	22358	22358	22358
7HCL	6	22358	22358	22358
7HD0	7	22358	22358	22358
7HF2	6	22358	22358	22358
7HCF	7	22358	22358	22358
7HDD	6	22358	22358	22358
7HHU	7	22358	22358	22358
7HQC	6	22358	22358	22358
13RT	6	22358	22358	22358
7HQ7	6	22358	22358	22358
7HQ5	6	22358	22358	22358
7HE8	7	22358	22358	22358
7HI4	7	22358	22358	22358
7HDF	7	22358	22358	22358
7IIZ	7	22358	22358	22358
13RP	6	22358	22358	22358
7GZA	6	22358	22358	22358
7HDI	7	22358	22358	22358
7HE2	6	22358	22358	22358
7HFL	6	22358	22358	22358
7HE4	6	22358	22358	22358
7HPW	7	22358	22358	22358
7HQG	6	22358	22358	22358
7HEQ	6	22358	22358	22358
7HEP	7	22358	22358	22358
7HDZ	7	22358	22358	22358
7IJ5	7	22358	22358	22358
7GZ7	6	22358	22358	22358
7HD4	6	22358	22358	22358
7HHW	7	22358	22358	22358
7HQM	6	22358	22358	22358
7HFD	7	22358	22358	22358
7HFU	6	22358	22358	22358
13RJ	6	22358	22358	22358
7HD6	7	22358	22358	22358
7HEK	7	22358	22358	22358
7HF9	6	22358	22358	22358
7HD2	7	22358	22358	22358
7HCW	6	22358	22358	22358
7HCH	7	22358	22358	22358
7GZ9	6	22358	22358	22358
7HCZ	7	22358	22358	22358
7HFA	6	22358	22358	22358
7HPO	6	22358	22358	22358
13RM	6	22358	22358	22358
7HEA	6	22358	22358	22358
7HCR	7	22358	22358	22358
7HEW	6	22358	22358	22358
7HFH	6	22358	22358	22358
7HEC	7	22358	22358	22358
7HF6	7	22358	22358	22358
13RV	6	22358	22358	22358
7HFY	6	22358	22358	22358
7HPL	6	22358	22358	22358
7HE0	7	22358	22358	22358
7GZ1	6	22358	22358	22358
7HF4	7	22358	22358	22358
13RX	6	22358	22358	22358
7IJ6	6	22358	22358	22358
7HQ9	6	22358	22358	22358
7HCI	6	22358	22358	22358
7HDW	7	22358	22358	22358
7HCQ	6	22358	22358	22358
7HPT	6	22358	22358	22358
9YMM	4	22360	22360	22360
9ZPG	2	22360	22360	22360
8ZB2	2	22367	22367	22367
9O5F	4	22373	22373	22373
9OAA	3	22378	22378	22378
9N4A	4	22379	22379	22379
8XOB	1	22401	22401	22401
8XOA	1	22401	22401	22401
8VC5	6	22410	22410	22410
9LFS	3	22423	22423	22423
9LFR	3	22423	22423	22423
9Z2Z	2	22425	22425	22425
9Z2Y	2	22425	22425	22425
9Z2X	1	22425	22425	22425
9Y81	6	22425	22425	22425
9EQF	3	22426	22426	22426
9EBW	4	22426	22426	22426
9EBX	1	22426	22426	22426
8ZEX	3	22454	22454	22454
8Y6T	4	22460	22460	22460
9VTV	2	22460	22460	22460
9FAA	5	22486	22486	22486
9FAC	5	22486	22486	22486
9FAB	5	22486	22486	22486
9LF6	8	22507	22507	22507
9H4A	2	22537	22537	22537
9H62	1	22538	22538	22538
9H63	1	22538	22538	22538
9ARX	1	22538	22538	22538
9AS7	1	22538	22538	22538
9FZC	2	22538	22538	22538
9AS9	1	22538	22538	22538
9QQM	1	22538	22538	22538
9AS1	1	22538	22538	22538
9H61	1	22538	22538	22538
9ARZ	1	22538	22538	22538
9AS5	1	22538	22538	22538
9AS3	1	22538	22538	22538
8ZBD	2	22541	22541	22541
9BFO	2	22543	22543	22543
9JVW	3	22546	22546	22546
9JVX	3	22546	22546	22546
9JVV	3	22546	22546	22546
9B49	4	22584	22584	22584
8YIF	1	22588	22588	22588
9D9F	3	22609	22609	22609
9D9G	3	22609	22609	22609
9D9D	6	22609	22609	22609
9D9E	6	22609	22609	22609
9B48	2	22615	22615	22615
9B47	2	22621	22621	22621
9MQH	1	22659	22659	22659
9MQJ	1	22659	22659	22659
8ZPI	2	22661	22661	22661
9BPL	6	22669	22669	22669
8Z3O	1	22675	22675	22675
8Y2H	8	22700	22700	22700
9F0R	7	22723	22723	22723
9F0S	6	22723	22723	22723
9F0P	6	22723	22723	22723
9F0Q	6	22723	22723	22723
9GNS	3	22732	22732	22732
9FZD	1	22754	22754	22754
9HRI	3	22756	22756	22756
8ZKE	1	22784	22784	22784
8ZGZ	1	22784	22784	22784
8XPU	2	22790	27380	27380
9EAW	6	22805	22805	22805
9EAT	3	22805	22805	22805
9EBZ	4	22805	22805	22805
9H2P	7	22809	22809	22809
9GHY	3	22817	22817	22817
9BBJ	1	22838	22838	22838
9DIN	1	22848	22848	22848
8RSM	3	22878	22878	22878
9CR5	6	22897	22897	22897
9G0X	2	22905	22905	22905
9G0Z	2	22905	22905	22905
9G0W	2	22905	22905	22905
9G10	2	22905	22905	22905
8ZQF	3	22922	22922	22922
9K2N	6	22942	22942	22942
9N4X	12	22966	22966	22966
8YIE	2	22985	22985	22985
9UBF	6	23004	23004	23004
9QUR	18	23039	23039	23039
8V5T	2	23042	23042	23042
9D57	6	23045	23045	23045
8YJG	1	23059	23059	23059
9OTP	10	23073	23073	23073
9ITZ	6	23087	25558	25558
9ITQ	6	23087	25558	25558
9ITV	6	23087	25558	25558
9ITR	6	23087	25558	25558
9ITP	6	23087	25558	25558
9ITN	6	23087	25558	25558
9IU0	6	23087	25558	25558
9ITX	6	23087	25558	25558
9ITO	6	23087	25558	25558
9ITY	6	23087	25558	25558
9ITM	6	23087	25558	25558
9ITW	6	23087	25558	25558
8S59	12	23101	23101	23101
8XO9	1	23108	23108	23108
9OTN	20	23114	23114	23114
9OTO	10	23114	23114	23114
9OTQ	20	23114	23114	23114
9OTM	20	23114	23114	23114
9OWA	3	23125	23125	23125
9OW9	1	23125	23125	23125
9MJX	3	23125	23125	23125
9MJW	3	23125	23125	23125
9MK0	3	23125	23125	23125
9MJY	3	23125	23125	23125
9MK1	3	23125	23125	23125
9MJV	3	23125	23125	23125
9MJT	3	23125	23125	23125
9OWD	3	23125	23125	23125
9MJZ	3	23125	23125	23125
9OWC	3	23125	23125	23125
9MJU	3	23125	23125	23125
9MJS	3	23125	23125	23125
9OWB	12	23125	23125	23125
9GJZ	3	23137	23137	23137
9ONI	1	23173	23173	23173
9D9H	3	23200	23200	23200
9D9I	3	23200	23200	23200
9EU0	6	23229	23229	23229
10AF	3	23235	23235	23235
9FXE	3	23238	23238	23238
9EFR	6	23256	23256	23256
9EFX	5	23256	23256	23256
9EGU	6	23256	23256	23256
9EGF	6	23256	23256	23256
9PW8	2	23270	23270	23270
9PQE	2	23270	23270	23270
9PXO	2	23270	23270	23270
9PWJ	6	23270	23270	23270
9PQA	2	23270	23270	23270
9PQ9	2	23270	23270	23270
9PXP	6	23270	23270	23270
9EFC	6	23278	23278	23278
9CBK	6	23288	23288	23288
9GGK	3	23288	23288	23288
9GGH	3	23288	23288	23288
9MQP	6	23288	23288	23288
9DM6	13	23288	23288	23288
9QEZ	27	23306	23306	23306
9EMR	7	23344	23344	23344
9EMS	3	23344	23344	23344
9EMQ	3	23344	23344	23344
9IIB	4	23346	23346	23346
9L16	1	23394	23394	23394
9KO6	1	23394	23394	23394
9GLY	3	23413	23413	23413
9OOI	3	23414	23414	23414
8VA4	3	23426	23426	23426
8RX8	1	23471	23471	23471
9B2N	11	23491	23491	23491
9HAZ	12	23491	23491	23512
8VCE	6	23503	23503	23503
8ZKJ	2	23504	23504	23504
9EMZ	4	23506	23506	23506
9UO9	1	23511	23511	23511
9IUI	6	23514	23514	23514
8RP1	12	23514	36769	36769
9I9G	3	23518	23518	23518
9I9F	3	23518	23518	23518
9D8A	1	23528	23528	23528
8RP0	12	23530	36731	36731
9X6W	8	23556	23556	23556
8RP6	8	23578	36731	36731
8RP2	12	23578	36731	36731
8YHT	1	23604	23604	23604
8YHU	1	23604	23604	23604
9HJG	8	23614	23614	23614
9MQL	1	23624	23624	23624
8XWS	2	23626	23626	23626
8XWA	1	23626	23626	23626
8XWN	1	23626	23626	23626
8XVU	1	23626	23626	23626
8XWF	1	23626	23626	23626
8XWM	1	23626	23626	23626
8VHB	12	23632	23632	23632
9HJ4	3	23632	23632	23632
8VHE	12	23632	23632	23632
8VHC	2	23632	23632	23632
8VH9	6	23632	23632	23632
8VHA	12	23632	23632	23632
8VHD	12	23632	23632	23632
9BK2	12	23647	23647	23647
9BK3	4	23647	23647	23647
9D9Y	2	23648	23648	23648
8YHR	1	23655	23655	23655
9R0G	6	23670	23670	23670
9R0D	6	23670	23670	23670
9R0H	6	23670	23670	23670
9I1H	2	23677	23677	23677
9HD5	6	23690	23690	23690
8V9I	6	23690	23690	23690
9OK9	6	23698	23698	23698
9K2B	14	23702	23702	23702
9K2A	42	23702	23702	23702
9IRP	14	23702	23702	23702
9K2K	14	23702	23702	23702
9K2D	42	23702	23702	23702
9BD5	2	23705	23705	23705
8XXY	1	23710	23710	23710
8XYI	1	23710	23710	23710
8Y0H	1	23710	23710	23710
9QC4	1	23712	23712	23712
9QEA	1	23712	23712	23712
9QDJ	1	23712	23712	23712
9QC3	1	23712	23712	23712
9QBR	1	23712	23712	23712
9QEI	1	23712	23712	23712
9C4O	1	23714	23714	23714
9K3X	5	23719	27883	33001
9RC8	2	23720	23720	23720
9CLC	3	23740	23740	23740
9CLD	3	23740	23740	23740
9QU4	1	23745	23745	23745
9LHI	4	23755	23755	23755
9K3S	5	23767	26936	33364
9BFA	8	23769	23769	23769
8YS9	2	23778	23778	23778
9NCC	3	23797	23797	23797
9NB2	4	23797	23797	23797
9NAO	3	23797	23797	23797
9NBK	3	23797	23797	23797
9NB7	3	23797	23797	23797
9CKT	4	23797	23797	23797
9NBJ	3	23797	23797	23797
9NCA	3	23797	23797	23797
9NAR	3	23797	23797	23797
9CLH	4	23797	23797	23797
9NBF	3	23797	23797	23797
9NBQ	3	23797	23797	23797
9NAT	4	23797	23797	23797
9N9D	3	23797	23797	23797
9NBP	3	23797	23797	23797
9CKY	4	23797	23797	23797
9NAY	3	23797	23797	23797
9CKW	3	23797	23797	23797
9EG7	4	23797	23797	23797
9NB4	3	23797	23797	23797
9NC1	1	23797	23797	23797
9NBN	3	23797	23797	23797
9NAE	1	23797	23797	23797
9NAG	3	23797	23797	23797
9NAX	3	23797	23797	23797
9HDT	3	23803	23803	23803
9HDS	3	23803	23803	23803
8ZNZ	2	23804	23804	23804
9HY0	3	23804	23804	23804
8YBE	3	23807	23807	23807
8Z54	1	23849	23849	23849
8Z55	1	23849	23849	23849
9HJY	3	23853	23853	23853
9MLT	1	23856	23856	23856
9MLM	1	23856	23856	23856
9CFJ	4	23861	23861	23861
9FPE	9	23877	23877	23877
8RWJ	9	23877	23877	23877
9IOV	24	23880	23880	23880
9S80	6	23881	23881	23881
9UGB	2	23889	23889	23889
9UGC	2	23889	23889	23889
9LRQ	10	23902	23902	23902
8ZGD	3	23950	23950	23950
9DUI	6	23953	23953	23953
9LHG	2	23956	23956	23956
9BU5	1	23971	23971	23971
8YRE	6	23987	24572	24572
9GL5	2	24000	24000	24000
9CSL	6	24004	24004	24004
9PV4	2	24015	25920	25920
9OET	6	24036	24036	24036
8XQU	3	24036	24036	24036
8Y9Q	2	24037	24037	24037
9O8W	6	24038	24038	24038
9LHH	2	24051	24051	24051
9FCE	2	24053	24053	24053
8Z57	1	24065	24065	24065
8Z56	1	24065	24065	24065
9HRH	3	24070	24070	24070
9CEL	4	24088	24088	24088
9E8S	36	24091	24091	24091
9CZ9	36	24091	24091	24091
9CZ0	36	24091	24091	24091
9S0I	8	24103	24103	24103
9S0H	12	24103	24103	24103
9KUS	2	24108	24108	24108
8Z58	1	24111	24111	24111
9EB7	6	24117	24117	24117
9EB8	3	24117	24117	24117
9QQO	12	24130	24130	24130
9CCR	12	24131	24131	24131
9U98	4	24145	24145	24145
8XIT	2	24156	24156	24156
9F8W	6	24169	24169	24169
9ASC	4	24176	24176	24176
8VXH	4	24176	24176	24176
9B77	4	24176	24176	24176
8RND	3	24179	24179	24179
9Q7X	8	24183	24183	24183
9NYM	2	24183	24183	24183
9PGN	3	24186	24186	24186
9DGI	1	24203	24203	24203
9D8P	1	24215	24215	24215
9HDW	3	24230	24230	24230
9HDV	3	24230	24230	24230
9HDU	3	24230	24230	24230
9HDY	3	24230	24230	24230
9HDZ	8	24230	24230	24230
9HDX	6	24230	24230	24230
9AV8	2	24241	24241	24241
8ZBU	1	24246	24246	24246
8ZBT	1	24246	24246	24246
9SC9	4	24259	24259	24259
9HIL	6	24269	24269	24269
8ZBS	1	24287	24287	24287
9AYT	6	24287	24287	24287
8ZBR	1	24287	24287	24287
9B2O	3	24287	24287	24287
9KY3	2	24292	24292	24292
9M1G	2	24292	24292	24292
9KXR	2	24292	24292	24292
9M1F	6	24292	24292	24292
9KY9	2	24292	24292	24292
9VCE	2	24300	24300	24300
9VCI	2	24300	24300	24300
9LPD	2	24300	24300	24300
9LOT	2	24300	24300	24300
9B2J	11	24311	24311	24311
9PCB	1	24313	24313	24313
9NTC	1	24313	24313	24313
9G6A	2	24314	24314	24314
9JKL	3	24315	24315	24315
9BPN	2	24331	24331	24331
9BU4	12	24331	24331	24331
9JTT	2	24336	24336	24336
9NSB	6	24342	24342	24342
9KTK	4	24350	24350	24350
9B2I	11	24352	24352	24352
9NSR	1	24361	24361	24361
9S3K	4	24393	24393	24393
9UPT	1	24393	24393	24393
9UU0	2	24399	24399	24399
9E9U	3	24419	24419	24419
9E9M	3	24419	24419	24419
9E9L	1	24419	24419	24419
9E9N	3	24419	24419	24419
9Y55	12	24442	24442	24442
9KRK	1	24444	24444	24444
8XOM	3	24444	24444	24444
9MU6	24	24444	24444	24444
9KRL	1	24444	24444	24444
8XOL	1	24444	24444	24444
9KRN	1	24444	24444	24444
9KRM	1	24444	24444	24444
8XOK	1	24444	24444	24444
9W4F	12	24456	24456	24456
9LGL	2	24458	24458	24458
8ZU2	1	24458	24458	24458
8ZUD	1	24458	24458	24458
8ZUL	1	24458	24458	24458
9YHA	2	24465	24465	24465
9S3Y	6	24480	24480	24480
9LGV	4	24484	24484	24484
9LID	2	24484	24484	24484
8ZTX	1	24484	24484	24484
9LGN	6	24486	24486	24486
9UOB	2	24491	39380	39380
9UBI	2	24493	24493	24493
9W4B	12	24502	24502	24502
9YHB	2	24510	24510	24510
9S09	12	24518	24518	24518
9S0J	12	24518	24518	24518
9S0G	12	24518	24518	24518
9S07	12	24518	24518	24518
9S08	12	24518	24518	24518
9S0C	12	24518	24518	24518
9S0E	12	24518	24518	24518
9S0B	12	24518	24518	24518
9S06	12	24518	24518	24518
9B81	2	24518	24518	24518
9S0D	12	24518	24518	24518
9S0A	12	24518	24518	24518
9S0F	12	24518	24518	24518
9SA7	4	24523	24523	24523
9SD3	24	24525	24525	24525
8YSV	3	24533	24533	24533
7HOC	6	24534	24534	24534
7I69	3	24534	24534	24534
7HWT	3	24534	24534	24534
7I3K	3	24534	24534	24534
7HXT	6	24534	24534	24534
7I48	6	24534	24534	24534
7HZN	3	24534	24534	24534
7I7X	6	24534	24534	24534
7I6H	6	24534	24534	24534
7HUL	3	24534	24534	24534
7HUW	3	24534	24534	24534
7HX5	6	24534	24534	24534
7HX2	3	24534	24534	24534
7I7A	3	24534	24534	24534
7I5H	3	24534	24534	24534
7I79	6	24534	24534	24534
7HXE	3	24534	24534	24534
8ZTW	2	24534	24534	24534
7HV0	6	24534	24534	24534
7HX3	6	24534	24534	24534
7I2Z	6	24534	24534	24534
7HYQ	6	24534	24534	24534
7I4H	6	24534	24534	24534
7I46	3	24534	24534	24534
7I5X	6	24534	24534	24534
7HWR	3	24534	24534	24534
7HZB	6	24534	24534	24534
7I6G	6	24534	24534	24534
7HZ5	6	24534	24534	24534
7I5Z	6	24534	24534	24534
7HYH	3	24534	24534	24534
7I7E	6	24534	24534	24534
7I55	6	24534	24534	24534
7HY9	3	24534	24534	24534
7I41	6	24534	24534	24534
7I3W	6	24534	24534	24534
7HXL	6	24534	24534	24534
7HW0	3	24534	24534	24534
7I7I	6	24534	24534	24534
7HX8	6	24534	24534	24534
7I54	6	24534	24534	24534
7HYN	6	24534	24534	24534
7I6K	6	24534	24534	24534
7I6R	1	24534	24534	24534
7I73	6	24534	24534	24534
7HXV	3	24534	24534	24534
7HUU	3	24534	24534	24534
7HW3	3	24534	24534	24534
7HWJ	3	24534	24534	24534
7I7W	3	24534	24534	24534
7I5M	3	24534	24534	24534
7I45	6	24534	24534	24534
7HUN	1	24534	24534	24534
7HYF	3	24534	24534	24534
7HUH	6	24534	24534	24534
7I64	3	24534	24534	24534
7HUJ	6	24534	24534	24534
7HWM	6	24534	24534	24534
7HZH	3	24534	24534	24534
7HOD	6	24534	24534	24534
7HVS	3	24534	24534	24534
7I42	6	24534	24534	24534
7HYK	3	24534	24534	24534
7I3C	6	24534	24534	24534
7I4J	3	24534	24534	24534
7I6Y	6	24534	24534	24534
7HV7	6	24534	24534	24534
7HZC	3	24534	24534	24534
7HVE	3	24534	24534	24534
7I4K	3	24534	24534	24534
7I6U	4	24534	24534	24534
7HZG	3	24534	24534	24534
7HYR	3	24534	24534	24534
7I3L	6	24534	24534	24534
7I76	3	24534	24534	24534
7HW4	6	24534	24534	24534
7I37	6	24534	24534	24534
7HXI	6	24534	24534	24534
7I7H	3	24534	24534	24534
7I7R	6	24534	24534	24534
7I40	3	24534	24534	24534
7I3M	6	24534	24534	24534
7I6P	6	24534	24534	24534
7I6X	3	24534	24534	24534
7HY6	3	24534	24534	24534
7I49	3	24534	24534	24534
7HYI	6	24534	24534	24534
7I6B	6	24534	24534	24534
7HYA	3	24534	24534	24534
7HVI	1	24534	24534	24534
7I78	3	24534	24534	24534
7I4V	6	24534	24534	24534
7I3J	6	24534	24534	24534
7HZ0	6	24534	24534	24534
7I32	6	24534	24534	24534
7HWE	3	24534	24534	24534
7HUY	3	24534	24534	24534
7HXN	6	24534	24534	24534
7HYZ	6	24534	24534	24534
7I6T	6	24534	24534	24534
7HZ2	6	24534	24534	24534
7I4C	3	24534	24534	24534
7HZ1	6	24534	24534	24534
7HV9	1	24534	24534	24534
7HY4	6	24534	24534	24534
7HOE	4	24534	24534	24534
7HXP	3	24534	24534	24534
7HUI	6	24534	24534	24534
7HZQ	3	24534	24534	24534
7I6I	3	24534	24534	24534
7HYD	6	24534	24534	24534
7I7O	3	24534	24534	24534
7HV5	6	24534	24534	24534
7HZ7	3	24534	24534	24534
7HZO	3	24534	24534	24534
7I7U	6	24534	24534	24534
7I7C	6	24534	24534	24534
7HOH	6	24534	24534	24534
7I8X	1	24534	24534	24534
7I4E	6	24534	24534	24534
7I6Z	6	24534	24534	24534
7I52	6	24534	24534	24534
7I5Y	3	24534	24534	24534
7I31	6	24534	24534	24534
7I4O	3	24534	24534	24534
7HUQ	3	24534	24534	24534
7I4B	3	24534	24534	24534
7HWA	3	24534	24534	24534
7I38	6	24534	24534	24534
7I7K	3	24534	24534	24534
7HXQ	6	24534	24534	24534
7HXW	6	24534	24534	24534
7I4W	3	24534	24534	24534
7I6F	4	24534	24534	24534
7I53	3	24534	24534	24534
7I63	3	24534	24534	24534
7HVL	6	24534	24534	24534
7I5K	3	24534	24534	24534
7I5B	3	24534	24534	24534
7HUO	3	24534	24534	24534
7HY2	6	24534	24534	24534
7I5T	6	24534	24534	24534
7I30	6	24534	24534	24534
7HV2	3	24534	24534	24534
7HWX	6	24534	24534	24534
7I33	6	24534	24534	24534
7I4D	3	24534	24534	24534
7HVF	6	24534	24534	24534
7HY0	6	24534	24534	24534
7HUV	3	24534	24534	24534
7HW8	6	24534	24534	24534
7I5V	6	24534	24534	24534
7HUR	3	24534	24534	24534
7HWZ	6	24534	24534	24534
7I5P	3	24534	24534	24534
7HW1	6	24534	24534	24534
7I6W	6	24534	24534	24534
7HVV	3	24534	24534	24534
7HVX	6	24534	24534	24534
7I5G	3	24534	24534	24534
7HXK	6	24534	24534	24534
7I4L	3	24534	24534	24534
7I4F	3	24534	24534	24534
7I7P	3	24534	24534	24534
7I3N	3	24534	24534	24534
7HVW	6	24534	24534	24534
7HYT	3	24534	24534	24534
7I44	3	24534	24534	24534
7I67	6	24534	24534	24534
7I6D	3	24534	24534	24534
7I3G	3	24534	24534	24534
7HUT	6	24534	24534	24534
7I58	3	24534	24534	24534
7I4R	3	24534	24534	24534
7I4I	6	24534	24534	24534
7HV8	1	24534	24534	24534
7HXH	3	24534	24534	24534
7I7G	1	24534	24534	24534
7I4N	6	24534	24534	24534
7HUK	6	24534	24534	24534
7I4X	6	24534	24534	24534
7I7T	4	24534	24534	24534
7HYP	3	24534	24534	24534
7I7V	6	24534	24534	24534
7HXS	6	24534	24534	24534
7I3D	6	24534	24534	24534
7I65	3	24534	24534	24534
7I43	3	24534	24534	24534
7HYC	3	24534	24534	24534
7I61	6	24534	24534	24534
7I71	3	24534	24534	24534
7I6J	6	24534	24534	24534
7HW6	3	24534	24534	24534
7I6A	3	24534	24534	24534
7I39	6	24534	24534	24534
7I3V	6	24534	24534	24534
7I7Q	1	24534	24534	24534
7I3X	3	24534	24534	24534
7HV6	3	24534	24534	24534
7HZP	3	24534	24534	24534
7I3P	1	24534	24534	24534
7HXY	3	24534	24534	24534
7I6V	6	24534	24534	24534
7I72	6	24534	24534	24534
7HWU	3	24534	24534	24534
7HWB	6	24534	24534	24534
7HY7	3	24534	24534	24534
7I8Z	3	24534	24534	24534
7HXB	6	24534	24534	24534
7HWK	3	24534	24534	24534
7HYO	6	24534	24534	24534
7I3A	3	24534	24534	24534
7I5D	6	24534	24534	24534
7HXU	6	24534	24534	24534
7HY3	3	24534	24534	24534
7HZF	6	24534	24534	24534
7HYS	6	24534	24534	24534
7HYE	6	24534	24534	24534
7HZ8	3	24534	24534	24534
7HXG	6	24534	24534	24534
7I3I	6	24534	24534	24534
7I75	3	24534	24534	24534
7HOG	3	24534	24534	24534
7HVD	3	24534	24534	24534
7HUG	3	24534	24534	24534
7I4Y	6	24534	24534	24534
7HZ4	3	24534	24534	24534
7HV3	3	24534	24534	24534
7HXO	3	24534	24534	24534
7HX6	6	24534	24534	24534
7HZT	6	24534	24534	24534
7HWW	6	24534	24534	24534
7I4Z	3	24534	24534	24534
7I7D	3	24534	24534	24534
7HXJ	3	24534	24534	24534
7HYU	3	24534	24534	24534
7HYL	3	24534	24534	24534
7HZM	3	24534	24534	24534
7I5F	6	24534	24534	24534
7I6L	3	24534	24534	24534
7I4U	6	24534	24534	24534
7I5S	6	24534	24534	24534
7I5L	6	24534	24534	24534
7I7L	3	24534	24534	24534
7HVJ	3	24534	24534	24534
7HW5	3	24534	24534	24534
7HWY	6	24534	24534	24534
7HVO	6	24534	24534	24534
7HVC	3	24534	24534	24534
7I3T	3	24534	24534	24534
7I5I	3	24534	24534	24534
7I3Q	6	24534	24534	24534
7HXZ	6	24534	24534	24534
7I59	6	24534	24534	24534
7HVG	3	24534	24534	24534
7HX4	6	24534	24534	24534
7HVU	6	24534	24534	24534
7HWQ	3	24534	24534	24534
7I60	6	24534	24534	24534
7HWS	6	24534	24534	24534
7HY1	3	24534	24534	24534
7HOI	3	24534	24534	24534
7I6S	6	24534	24534	24534
7I70	6	24534	24534	24534
7I34	6	24534	24534	24534
7HXC	3	24534	24534	24534
7HW9	6	24534	24534	24534
7I47	6	24534	24534	24534
7I2Y	6	24534	24534	24534
7I6C	6	24534	24534	24534
7I5O	3	24534	24534	24534
7HWD	1	24534	24534	24534
7HVB	3	24534	24534	24534
7I3B	6	24534	24534	24534
7I5Q	3	24534	24534	24534
7I7S	6	24534	24534	24534
7HXM	6	24534	24534	24534
7I7F	6	24534	24534	24534
7HVA	6	24534	24534	24534
7HZE	3	24534	24534	24534
7I6Q	6	24534	24534	24534
7I3H	3	24534	24534	24534
7HWI	3	24534	24534	24534
7I6M	6	24534	24534	24534
7HWN	3	24534	24534	24534
7HYY	6	24534	24534	24534
7I68	3	24534	24534	24534
7HVQ	3	24534	24534	24534
7HXA	6	24534	24534	24534
7I4S	3	24534	24534	24534
7HWC	6	24534	24534	24534
7I62	1	24534	24534	24534
7I4P	3	24534	24534	24534
7I5C	6	24534	24534	24534
7I5A	3	24534	24534	24534
7I51	3	24534	24534	24534
7HWV	6	24534	24534	24534
7I3Y	6	24534	24534	24534
7I77	6	24534	24534	24534
7HX1	3	24534	24534	24534
7HYB	3	24534	24534	24534
7I50	6	24534	24534	24534
7I3R	3	24534	24534	24534
7I3U	3	24534	24534	24534
7HZK	1	24534	24534	24534
7I4M	6	24534	24534	24534
7HYM	3	24534	24534	24534
7I36	6	24534	24534	24534
7HWL	6	24534	24534	24534
7I6O	6	24534	24534	24534
7HUF	3	24534	24534	24534
7I5J	6	24534	24534	24534
7HWH	1	24534	24534	24534
7HZ3	3	24534	24534	24534
7I4Q	6	24534	24534	24534
7HYV	3	24534	24534	24534
7HZJ	3	24534	24534	24534
7HUP	3	24534	24534	24534
7HZR	6	24534	24534	24534
7HYJ	3	24534	24534	24534
7HZ9	3	24534	24534	24534
7HV4	3	24534	24534	24534
7HVZ	6	24534	24534	24534
7I6N	3	24534	24534	24534
7HZA	6	24534	24534	24534
7HZI	1	24534	24534	24534
7I4G	6	24534	24534	24534
7HWG	6	24534	24534	24534
7HVK	3	24534	24534	24534
7I5U	6	24534	24534	24534
7I4T	6	24534	24534	24534
7HVN	6	24534	24534	24534
7HZS	6	24534	24534	24534
7I5R	6	24534	24534	24534
7I5N	3	24534	24534	24534
7HXX	6	24534	24534	24534
7HXR	6	24534	24534	24534
7HWP	3	24534	24534	24534
7I7M	3	24534	24534	24534
7I4A	3	24534	24534	24534
7HVY	6	24534	24534	24534
7HWO	3	24534	24534	24534
7HUS	3	24534	24534	24534
7I35	6	24534	24534	24534
7HX0	6	24534	24534	24534
7HY5	3	24534	24534	24534
7HXD	3	24534	24534	24534
7HYX	3	24534	24534	24534
7HVM	3	24534	24534	24534
7I3F	6	24534	24534	24534
7HOF	6	24534	24534	24534
7HV1	3	24534	24534	24534
7HYW	3	24534	24534	24534
7HY8	6	24534	24534	24534
7I66	3	24534	24534	24534
7HZ6	6	24534	24534	24534
7HZU	6	24534	24534	24534
7I74	3	24534	24534	24534
7I3E	6	24534	24534	24534
7I3O	3	24534	24534	24534
7I56	6	24534	24534	24534
7I5W	6	24534	24534	24534
7HUX	3	24534	24534	24534
7I6E	3	24534	24534	24534
7HZD	3	24534	24534	24534
7HWF	6	24534	24534	24534
7I5E	6	24534	24534	24534
7I3S	3	24534	24534	24534
7I7N	6	24534	24534	24534
7I8Y	3	24534	24534	24534
7HXF	6	24534	24534	24534
7HZL	3	24534	24534	24534
7I7B	6	24534	24534	24534
7HUZ	3	24534	24534	24534
7HX7	1	24534	24534	24534
7HVH	3	24534	24534	24534
7I7J	6	24534	24534	24534
7I57	6	24534	24534	24534
7I3Z	6	24534	24534	24534
7HX9	3	24534	24534	24534
7HVR	3	24534	24534	24534
7HVT	6	24534	24534	24534
7HYG	3	24534	24534	24534
9GCJ	6	24537	24537	24537
9J43	3	24539	24539	24539
9J44	3	24539	24539	24539
9J45	3	24539	24539	24539
9J3Y	3	24548	24548	24548
9FZQ	2	24548	28517	28517
9J3W	3	24548	24548	24548
9J4B	3	24548	24548	24548
9J4Q	3	24548	24548	24548
9JLZ	3	24548	24548	24548
9J42	3	24550	24550	24550
9J41	4	24550	24550	24550
9J49	3	24573	24573	24573
9J4A	3	24573	24573	24573
9L0Q	2	24576	24576	24576
9GCI	6	24581	24581	24581
9L0N	4	24585	24585	24585
8RBD	4	24592	24592	24592
8RBL	6	24592	24592	24592
8RBE	6	24592	24592	24592
8RAQ	6	24592	24592	24592
8RG6	3	24601	24601	24601
9FRV	3	24601	24601	24601
8RFA	3	24601	24601	24601
8RIM	3	24601	24601	24601
8RGU	9	24601	24601	24601
9DZ8	24	24606	24606	24606
8RGF	3	24607	24607	24607
9QCG	2	24610	24610	24610
8RS5	6	24610	24610	24610
9CD8	9	24612	24612	24612
9C8S	9	24612	24612	24612
9C8R	9	24612	24612	24612
9K72	3	24623	24623	24623
8XPD	3	24623	24623	24623
9K73	3	24623	24623	24623
8XPC	3	24623	24623	24623
8XPE	3	24623	24623	24623
9HKF	2	24631	24631	24631
9B3M	1	24635	24635	24635
9B3O	1	24635	24635	24635
9B3L	1	24635	24635	24635
8ZAH	4	24652	24652	24652
8ZAK	2	24652	24652	24652
8XLL	24	24660	24660	24660
9IQB	12	24665	24665	24665
9R2S	14	24681	24681	24681
9IRM	42	24681	24681	24681
8XI9	1	24690	24690	24690
9MKE	2	24694	24694	24694
9MKC	2	24694	24694	24694
9MKD	2	24694	24694	24694
8Y5I	5	24719	29011	37351
8Y5H	5	24719	29011	37351
9GRZ	1	24727	24727	24727
9V5H	12	24731	51428	51428
9KWT	4	24731	24731	24731
9JWL	2	24740	24740	24740
8RWL	2	24743	24743	24743
8RSG	3	24745	24745	24745
8RSF	4	24745	24745	24745
8RSE	3	24745	24745	24745
9END	6	24753	24753	24753
9KV0	1	24756	24756	24756
9LNB	2	24756	24756	24756
9UGX	1	24756	24756	24756
9LL1	1	24756	24756	24756
9X95	1	24756	24756	24756
9UGY	1	24756	24756	24756
9WS8	1	24756	24756	24756
9LVW	1	24756	24756	24756
9UGU	1	24756	24756	24756
9KVV	1	24756	24756	24756
9X8X	2	24756	24756	24756
9WT2	2	24756	24756	24756
9X97	2	24756	24756	24756
9KUY	1	24756	24756	24756
8XEE	4	24760	35109	35109
9W1N	2	24787	24787	24787
9W1O	2	24787	24787	24787
8VDW	6	24810	24810	24810
9JLO	6	24813	24813	24813
8ZNW	1	24815	24815	24815
8ZNV	1	24815	24815	24815
9LPY	3	24818	24818	24818
9LPX	3	24818	24818	24818
9LPV	1	24818	24818	24818
9LPH	1	24818	24818	24818
9LPI	1	24818	24818	24818
9JWQ	1	24826	24826	24826
9W1R	1	24837	24837	24837
9W1P	2	24837	24837	24837
9W1Q	2	24837	24837	24837
9JWO	3	24844	24844	24844
9GN3	9	24863	24863	24863
9FSC	1	24872	24872	24872
9GYG	2	24872	24872	24872
9FOS	1	24872	24872	24872
9LL0	1	24879	24879	24879
9HJZ	2	24879	24879	24879
9HJS	6	24930	24930	24930
9RTI	3	24935	24935	24935
9RUS	7	24935	24935	24935
9RUR	6	24935	24935	24935
8S88	28	24968	24968	24968
9LBT	2	24973	24973	24973
9Y12	16	24984	24984	24984
9CIB	1	25025	25025	25025
9IOQ	1	25044	25044	25044
9IOM	1	25044	25044	25044
9IOP	4	25044	25044	25044
9ION	4	25044	25044	25044
8YLE	3	25081	25081	25081
9HWJ	4	25082	25082	25082
9KAJ	14	25090	25090	25090
9JWT	1	25097	25097	25097
9QJZ	6	25116	25116	25116
9GLG	7	25125	25125	25125
9V73	1	25144	25144	25144
9V7E	1	25144	25144	25144
9V70	2	25144	25144	25144
9BHE	4	25152	25152	25152
9BHC	4	25152	25152	25152
9B2P	9	25154	25154	25154
9DCI	2	25159	25159	25159
9GI3	1	25165	25165	25165
9GI2	1	25165	25165	25165
9GI0	1	25165	25165	25165
9GW9	3	25169	25169	25169
9G6Q	3	25179	25179	25179
9DOH	4	25180	42054	42054
9DOO	4	25180	42054	42054
9DOK	4	25180	42054	42054
9B2L	6	25185	25185	25185
7H2X	6	25198	25198	25198
7H4E	3	25198	25198	25198
7H55	6	25198	25198	25198
7H4K	3	25198	25198	25198
7H4P	3	25198	25198	25198
7H2T	3	25198	25198	25198
7H3U	3	25198	25198	25198
7H3M	3	25198	25198	25198
7H4W	3	25198	25198	25198
7H4C	3	25198	25198	25198
7H2Y	3	25198	25198	25198
7H41	3	25198	25198	25198
7H53	6	25198	25198	25198
7H51	6	25198	25198	25198
7H52	6	25198	25198	25198
7H4M	3	25198	25198	25198
7H36	3	25198	25198	25198
7H3D	3	25198	25198	25198
7H37	3	25198	25198	25198
7H3H	3	25198	25198	25198
7H3O	3	25198	25198	25198
7H33	3	25198	25198	25198
7H4T	3	25198	25198	25198
7H3W	6	25198	25198	25198
7H4S	3	25198	25198	25198
7H44	3	25198	25198	25198
7H4I	3	25198	25198	25198
7H3C	3	25198	25198	25198
7H4R	3	25198	25198	25198
7H42	3	25198	25198	25198
7H3I	3	25198	25198	25198
7H45	3	25198	25198	25198
7H4Q	3	25198	25198	25198
7H30	6	25198	25198	25198
7H4H	3	25198	25198	25198
7H50	6	25198	25198	25198
7H4Y	3	25198	25198	25198
7H2V	3	25198	25198	25198
7H32	3	25198	25198	25198
7H48	3	25198	25198	25198
7H3V	6	25198	25198	25198
7H2Z	3	25198	25198	25198
7H3T	3	25198	25198	25198
7H3G	6	25198	25198	25198
7H2U	3	25198	25198	25198
7H3J	3	25198	25198	25198
7H4N	3	25198	25198	25198
7H4V	3	25198	25198	25198
7H3X	3	25198	25198	25198
7H4B	3	25198	25198	25198
7H3F	3	25198	25198	25198
7H47	3	25198	25198	25198
7H3K	3	25198	25198	25198
7H54	6	25198	25198	25198
7H40	3	25198	25198	25198
7H31	3	25198	25198	25198
7H4Z	3	25198	25198	25198
7H4O	3	25198	25198	25198
7H3R	3	25198	25198	25198
7H3E	3	25198	25198	25198
7H4F	3	25198	25198	25198
7H39	3	25198	25198	25198
7H43	3	25198	25198	25198
7H3L	3	25198	25198	25198
7H4L	3	25198	25198	25198
7H4J	1	25198	25198	25198
7H2W	3	25198	25198	25198
7H4G	3	25198	25198	25198
7H3Z	3	25198	25198	25198
7H4A	3	25198	25198	25198
7H3Y	3	25198	25198	25198
7H3N	3	25198	25198	25198
7H34	3	25198	25198	25198
7H3A	3	25198	25198	25198
7H38	3	25198	25198	25198
7H3S	3	25198	25198	25198
7H35	3	25198	25198	25198
7H4U	3	25198	25198	25198
7H46	3	25198	25198	25198
7H4D	3	25198	25198	25198
7H4X	3	25198	25198	25198
7H49	3	25198	25198	25198
7H3Q	3	25198	25198	25198
7H3P	3	25198	25198	25198
7H3B	3	25198	25198	25198
8RL5	2	25218	25218	25218
8RL6	1	25218	25218	25218
8RLA	1	25218	25218	25218
9G1W	1	25220	25220	25220
9XC8	9	25238	25238	25238
9DF5	2	25251	25251	25251
9KW0	3	25253	25253	25253
9KWW	3	25253	25253	25253
9KVC	3	25253	25253	25253
9KWH	3	25253	25253	25253
9KXB	3	25253	25253	25253
9KQA	1	25257	25257	25257
9KQ8	1	25257	25257	25257
9KQE	1	25257	25257	25257
9M0S	1	25276	25276	25276
9FGO	3	25299	25299	25299
8XUO	2	25305	25305	25305
9I1M	3	25308	25308	25308
9VWU	3	25311	25311	25311
9NK9	1	25318	25318	25318
9PV5	2	25319	26434	26434
9LDR	2	25322	29109	29109
9KY5	2	25322	29109	29109
9OLR	1	25328	25328	25328
9OLP	1	25328	25328	25328
9OLI	1	25328	25328	25328
9OLD	1	25328	25328	25328
9VWW	1	25330	25330	25330
9VWX	1	25333	25333	25333
9VWV	1	25336	25336	25336
9OG8	3	25343	25343	25343
9OG3	1	25343	25343	25343
8YAA	2	25352	36974	36974
9M5S	3	25358	25358	25358
9U8M	1	25360	25360	25360
9ORN	3	25390	25390	25390
8Y41	2	25396	25396	25396
9H1C	3	25433	25433	25433
9GBO	4	25433	25433	25433
9QAN	3	25433	25433	25433
9H1D	4	25433	25433	25433
9GBN	3	25433	25433	25433
9SSA	3	25433	25433	25433
9GBM	3	25433	25433	25433
9H1E	4	25433	25433	25433
9GBL	3	25433	25433	25433
9OEV	16	25444	25444	25444
9OEU	24	25457	25457	25457
9OER	8	25457	25457	25457
9OES	24	25457	25457	25457
8RB3	1	25465	25465	25465
8RB5	3	25465	25465	25465
8RB7	2	25465	25465	25465
8RB4	5	25465	25465	25465
9JAE	4	25497	25497	25497
9P0R	15	25508	25508	25508
9P0T	15	25508	25508	25508
9P0S	15	25508	25508	25508
9P0V	15	25508	25508	25508
9Q45	15	25508	25508	25508
9Q46	15	25508	25508	25508
8VRE	15	25508	25508	25508
9P0U	15	25508	25508	25508
9P0Q	15	25508	25508	25508
9GB9	13	25509	25509	25509
9O40	7	25541	25541	38426
9JOP	21	25544	25544	25544
9OEW	12	25546	25546	25546
9GFZ	2	25550	25550	25550
9KFW	1	25568	25568	25568
9JAD	3	25577	25577	25577
9JAF	6	25577	25577	25577
9J8L	2	25577	25577	25577
9JAJ	2	25577	25577	25577
9JAC	3	25577	25577	25577
9JAG	1	25577	25577	25577
9JAH	2	25577	25577	25577
9JAI	2	25577	25577	25577
9JAB	2	25577	25577	25577
9LO6	1	25577	25577	25577
9LO3	3	25577	25577	25577
9F3Z	2	25591	25591	25591
9F1T	2	25591	25591	25591
9QFC	2	25594	25594	25594
9F0N	8	25623	25623	25623
9O50	6	25640	25640	25640
9O5G	2	25640	25640	25640
9KBE	1	25721	25721	25721
9SS7	3	25730	25730	25730
9LS5	4	25734	25734	25734
8RIX	1	25736	25736	25736
9DQ9	4	25742	25742	25742
9DQ7	4	25742	25742	25742
9V72	2	25748	25748	25748
9WYQ	1	25748	25748	25748
9V71	1	25748	25748	25748
9V79	1	25748	25748	25748
9WYS	2	25748	25748	25748
9WYR	2	25752	25752	25752
9F0M	8	25754	25754	25754
8VCW	4	25757	25757	25757
9N6O	6	25776	25776	25776
9N6Q	6	25776	25776	25776
9CB8	6	25776	25776	25776
9N67	6	25776	25776	25776
9N68	6	25776	25776	25776
9BAS	6	25788	25788	25788
9F1X	3	25789	25789	25789
9F1Y	3	25789	25789	25789
9F1W	3	25789	25789	25789
9C0W	2	25802	25802	25802
9KVL	4	25838	25838	25838
9BCY	8	25857	25857	25857
9DN3	1	25889	25889	25889
8Z1Z	5	25904	34399	37933
8Z62	6	25907	25907	25907
9QPR	3	25912	25912	25912
9QPT	3	25922	25922	25922
9QPS	3	25922	25922	25922
10SR	8	25924	25924	25924
8ZXN	1	25924	25924	25924
8ZXM	1	25924	25924	25924
10SW	8	25924	25924	25924
9QAQ	1	25951	25951	25951
9LYJ	3	25956	25956	25956
9QAO	1	25958	25958	25958
9QAP	4	25958	25958	25958
8Z1Y	5	25961	34399	37933
9QAM	3	25970	25970	25970
9KHQ	3	25977	25977	25977
8W10	2	25980	25980	25980
8YUH	6	25992	25992	25992
8YUI	6	25992	25992	25992
8YUG	3	25992	25992	25992
9DHG	4	26010	26010	26010
9DHH	3	26010	26010	26010
8VHM	3	26010	26010	26010
9BKM	3	26010	26010	26010
9DHJ	4	26010	26010	26010
9DHI	4	26010	26010	26010
8VHL	3	26010	26010	26010
9KRO	2	26012	26012	26012
9J4G	2	26012	26012	26012
9J4H	4	26012	26012	26012
9KO7	3	26015	26015	26015
9NYD	4	26039	26039	26039
9NYC	4	26039	26039	26039
9NYK	4	26039	26039	26039
9NPJ	2	26086	26086	26086
9M5O	6	26086	26086	26086
9M5N	6	26086	26086	26086
9M5M	6	26086	26086	26086
9BKO	3	26095	26095	26095
9BKN	3	26095	26095	26095
9KUA	2	26100	26100	26100
9KU5	2	26100	26100	26100
9BPE	2	26107	26107	26107
9BOW	6	26107	26107	26107
9BOH	6	26107	26107	26107
9CZE	4	26108	26108	26108
9EG9	5	26108	26108	26108
9CCC	4	26108	26108	26108
9U7V	2	26117	26117	26117
22XO	4	26123	26123	26123
9I2Y	1	26124	26124	26124
9FJT	6	26140	26140	26140
9NYF	4	26141	26141	26141
9NYE	8	26141	26141	26141
8W0C	9	26149	26149	26149
8W0J	9	26149	26149	26149
8W0B	9	26149	26149	26149
8W0M	3	26149	26149	26149
8W0D	3	26149	26149	26149
8W0H	3	26149	26149	26149
8W0L	3	26149	26149	26149
8YMC	4	26152	42824	42824
9G76	3	26159	26159	26159
9G7E	3	26159	26159	26159
9G7D	3	26159	26159	26159
9R2J	6	26163	26163	26163
9R3J	6	26163	26163	26163
9R3K	6	26163	26163	26163
9N1V	3	26170	26170	26170
9HVJ	4	26170	26170	26170
9N1U	3	26170	26170	26170
9D5W	9	26172	26172	26172
9BPW	12	26183	26183	26183
9K3G	2	26219	26219	26219
8XE7	1	26222	26222	26222
9G72	42	26262	26262	26262
9G6I	42	26262	26262	26262
9FSW	14	26262	26262	26262
8VLW	15	26266	26266	26266
9KHO	6	26269	26269	26269
9DRN	4	26273	26273	26273
9Y8H	1	26275	26275	26275
9Y83	4	26275	26275	26275
9DRK	6	26275	26275	26275
9M58	6	26283	26283	26283
9M59	7	26283	26283	26283
9AVI	5	26286	26286	26286
9J3D	12	26301	30254	30254
9J3E	12	26301	30254	30254
9V5R	3	26306	26306	26306
9N9A	1	26314	26314	26314
9VPZ	4	26351	26351	26351
9VQ0	4	26351	26351	26351
9VPW	12	26357	26357	26357
9VPR	12	26357	26357	26357
9VPT	12	26357	26357	26357
9VPX	4	26357	26357	26357
9VPV	4	26357	26357	26357
9VPY	4	26357	26357	26357
9VPS	12	26357	26357	26357
9VPU	12	26357	26357	26357
9R0Y	6	26359	26359	26359
9R0X	6	26359	26359	26359
9FE4	1	26362	26362	26362
9FDQ	1	26362	26362	26362
9FHC	2	26362	33825	33825
9JQO	48	26364	26364	26364
9FE2	2	26371	33825	33825
9FDP	1	26371	26371	26371
9FE3	2	26371	33825	33825
9DXN	3	26372	26372	26372
9HAO	15	26372	26372	33825
9FHJ	2	26377	33825	33825
9FHG	5	26377	26377	33825
9WWJ	2	26386	26386	26386
9RFU	3	26398	26398	26398
9BFN	3	26399	26399	26399
9BFH	3	26399	26399	26399
9HWL	3	26399	26399	26399
9BFM	9	26399	26399	26399
9BFT	3	26399	26399	26399
8Z1U	1	26400	26400	26400
9HCI	15	26401	26401	33825
9E9F	3	26413	26413	26413
8VXM	1	26420	26420	26420
8VXN	1	26420	26420	26420
9KJU	2	26435	29109	29109
8XYJ	1	26435	26435	26435
9KH5	1	26435	26435	26435
8YLP	2	26435	29109	29109
8XXI	1	26435	26435	26435
8VWZ	1	26448	26448	26448
8VWX	3	26448	26448	26448
9HEH	3	26463	26463	26463
8W3X	6	26463	26463	26463
8W3W	6	26463	26463	26463
8ZX1	4	26475	37365	37365
8Y5F	4	26475	37351	37351
8Y5G	4	26490	37902	37908
9G8V	4	26496	26496	26496
9GRG	1	26505	26505	26505
9OMM	2	26513	26513	26513
9ZNO	6	26516	26516	26516
8ZXS	3	26548	26548	26548
9FDZ	3	26548	26548	26548
8Y2U	2	26561	26561	26561
9H0S	3	26573	26573	26573
9HTR	1	26573	26573	26573
9KOI	6	26587	26587	26587
9KOK	6	26587	26587	26587
9PV3	1	26594	26594	26594
8YR0	3	26598	26598	26598
9F0I	3	26601	26601	26601
9LJB	18	26621	26621	26621
9LJA	9	26621	26621	26621
9DHE	1	26689	26689	26689
9DIS	1	26689	26689	26689
9FM9	4	26691	26691	26691
9HPB	10	26692	26692	26692
9HN3	6	26692	26692	26692
9I55	6	26692	26692	26692
9S2U	1	26692	26692	26692
9RLM	3	26692	26692	26692
8VW6	2	26693	26693	26693
9KWD	3	26726	26726	26726
8V9H	6	26727	26727	26727
9FWC	3	26729	26729	26729
9FSB	2	26729	26729	26729
9NIM	3	26752	26752	26752
9BXK	1	26764	26764	26764
9BXJ	1	26764	26764	26764
9BXH	1	26764	26764	26764
9AX9	6	26787	26787	26787
8S6F	1	26788	26788	26788
9K3Y	4	26799	33001	33001
9OO0	6	26814	26814	26814
9OP0	6	26814	26814	26814
9RMM	12	26831	26831	26850
9GOI	3	26838	26838	26838
9I6C	1	26842	26842	26842
9I67	1	26842	26842	26842
8XFC	4	26867	35556	37931
8VI8	18	26874	26874	26874
9P4D	18	26874	26874	26874
9P4E	3	26874	26874	26874
9GGJ	24	26893	26893	26893
9GGI	24	26893	26893	26893
9E2B	18	26914	26914	26914
9QM4	3	26937	26937	26937
8Y2T	1	26943	26943	26943
9JP7	4	26945	26945	26945
8S6G	3	26951	26951	26951
8RPE	4	26958	26958	26958
9FS7	3	26973	26973	26973
9R9G	4	26975	26975	26975
9R9J	4	26975	26975	26975
9R9K	4	26975	26975	26975
21KG	1	26983	26983	26983
21JH	1	26983	26983	26983
8RL7	4	26989	27130	27130
8RL8	1	26989	26989	26989
8RLD	1	26989	26989	26989
9NA3	4	27004	27004	27004
9NA6	4	27004	27004	27004
9NA5	12	27004	27004	27004
9NA4	6	27004	27004	27004
9PST	4	27004	27004	27004
9NA2	2	27004	27004	27004
9PSS	2	27004	27004	27004
9PSU	4	27004	27004	27004
9FFE	3	27006	27006	27006
9QEV	9	27010	27010	27010
9MGJ	4	27026	27026	27026
9MFC	3	27026	27026	27026
9MGO	18	27026	27026	27026
9MGX	3	27026	27026	27026
9MG7	4	27026	27026	27026
9MIT	24	27026	27026	27026
9MI2	18	27026	27026	27026
9MH2	3	27026	27026	27026
9MG9	18	27026	27026	27026
9MIS	36	27026	27026	27026
9MJQ	3	27026	27026	27026
9MGV	3	27026	27026	27026
9J7J	1	27036	27036	27036
9FQ2	4	27041	27041	27041
9LGP	6	27064	27064	27064
8RJ0	6	27068	27068	27068
8RJ1	2	27077	27077	27077
8YT2	9	27077	27077	27077
8RJ9	6	27080	27080	27080
9R3Z	4	27084	27084	27084
9JZW	12	27121	27121	27121
9JZX	12	27121	27121	27121
9NIL	3	27149	27149	27149
9LA8	2	27166	27166	27166
9HPZ	22	27210	27210	27210
9DW0	14	27217	27217	27217
9BZR	3	27221	27221	27221
9BZN	3	27221	27221	27221
9BZQ	3	27221	27221	27221
9QZE	6	27226	27226	27226
9QM2	3	27234	27234	27234
9IL7	6	27242	27242	27242
9IOW	1	27242	27242	27242
9JNG	6	27242	27242	27242
9JNE	4	27242	27242	27242
9IVL	3	27242	27242	27242
9JND	6	27242	27242	27242
8XHP	5	27242	27242	27242
9JNF	4	27242	27242	27242
9JNA	4	27242	27242	27242
9R6V	2	27246	27246	27246
9LAC	2	27262	27262	27262
9IUW	1	27274	27274	27274
8XC3	4	27275	27275	27275
9NIK	3	27276	27276	27276
9R6N	12	27276	27276	27276
8S7B	3	27294	27294	27294
9RD1	12	27303	27303	27303
22IY	3	27314	27314	27314
8XMA	2	27355	27355	27355
8XMF	2	27355	27355	27355
8XMJ	2	27355	27355	27355
8XM6	2	27355	27355	27355
9KOO	2	27357	27357	27357
8S79	4	27378	27378	27378
9KCE	8	27401	27401	27401
9UL7	1	27405	27405	27405
9GE7	3	27427	44869	44869
9GE8	4	27427	44869	44869
9GE6	3	27427	44869	44869
9GKY	7	27428	27428	27428
9GKV	6	27428	27428	27428
9KL2	3	27430	27430	27430
9KL3	1	27430	27430	27430
9GI5	12	27456	27456	27456
9KPJ	1	27466	27466	27466
9US2	3	27492	27492	27492
8ZNK	2	27522	27522	27522
9IL9	7	27537	27537	27537
9V49	4	27537	27537	27537
9JNC	4	27537	27537	27537
9IL8	2	27537	27537	27537
9IO6	8	27537	27537	27537
9V4A	1	27537	27537	27537
9IO7	1	27537	27537	27537
9ILE	3	27537	27537	27537
9LJC	3	27550	27550	27550
9H92	3	27572	27572	27572
9H8U	2	27572	27572	27572
8RWK	4	27585	27585	27585
9K8M	8	27596	27596	27596
8RQU	2	27604	27604	27604
9IC4	3	27609	27609	27609
9CO2	4	27611	27611	27611
9V4I	4	27624	27624	27624
9FB8	3	27624	27624	27624
9NU5	3	27656	27656	27656
9NU4	1	27656	27656	27656
9NU8	1	27656	27656	27656
9FI9	4	27664	27664	27664
9V4J	4	27664	27664	27664
9V4G	4	27664	27664	27664
8VL8	15	27697	27697	27697
8RK1	3	27698	27698	27698
9V4H	4	27710	27710	27710
9JVZ	14	27712	28836	28836
8YD2	14	27712	30735	30735
9HB0	3	27723	27723	27723
9BTP	1	27745	27745	27745
9OVJ	1	27745	27745	27745
9BTN	1	27745	27745	27745
8VLM	4	27746	29882	29882
9JIX	4	27772	27772	27772
9CBS	4	27775	27775	27775
9B6C	2	27777	27777	27777
9C3D	3	27790	27790	27790
9B20	6	27795	27795	27795
9B1Z	6	27795	27795	27795
9DRD	24	27795	27795	27795
9DU6	6	27795	27795	27795
9DT7	8	27795	27795	27795
9DSZ	24	27795	27795	27795
9B21	6	27795	27795	27795
9DUF	6	27795	27795	27795
9DTC	6	27795	27795	27795
9B22	6	27795	27795	27795
9DRF	24	27795	27795	27795
9DU8	6	27795	27795	27795
9DU9	6	27795	27795	27795
9DUD	6	27795	27795	27795
9DRE	24	27795	27795	27795
9DT6	24	27795	27795	27795
9DT8	8	27795	27795	27795
9LAH	20	27797	27797	27797
8Z7M	4	27798	27798	27798
9CPM	3	27801	27801	27801
9QM3	1	27827	27827	27827
9J24	6	27847	27847	27847
9J1U	6	27847	27847	27847
9J25	3	27847	27847	27847
9DQK	14	27855	27855	27855
9DQL	42	27855	27855	27855
9YKZ	7	27859	27859	27859
9OXK	32	27863	27863	27863
9CV3	3	27863	27863	27863
9CV2	3	27863	27863	27863
9JQS	2	27865	27865	27865
9NIJ	1	27868	27868	27868
9JBH	2	27882	27882	27882
9U9C	6	27884	27884	27884
9HYE	6	27888	27888	27888
9K2L	1	27889	27889	27889
9K98	1	27889	27889	27889
9KHR	1	27889	27889	27889
8XJ3	6	27935	27935	27935
9ZNN	6	27937	27937	27937
9G13	8	27956	27956	27956
9CV5	3	27958	27958	27958
9CV4	3	27958	27958	27958
8ZOJ	2	27992	27992	27992
9B9X	1	28000	28000	28000
9BA3	14	28000	28000	28000
9B9S	1	28000	28000	28000
9JZF	2	28010	28010	28010
9JR6	2	28010	28010	28010
8S6R	6	28017	28017	28017
9EMU	12	28017	28017	28017
8S6Q	6	28017	28017	28017
8Y4U	3	28027	28027	28027
8YVJ	3	28057	28057	28057
8YWD	8	28067	28067	28067
9BOU	2	28077	28077	28077
9FL2	4	28108	28108	28108
9DUA	6	28108	28108	28108
9FOU	12	28118	28118	28118
8VXL	6	28127	28127	28127
8VXK	6	28127	28127	28127
9J56	2	28152	28152	28152
9NN6	1	28175	28175	28175
9LRJ	7	28176	28176	28176
9GQO	1	28192	28192	28192
9QEU	1	28233	28233	28233
8VQW	12	28236	28236	28236
8VR1	12	28236	28236	28236
8VQZ	12	28236	28236	28236
8VJ3	12	28236	28236	28236
8VR0	12	28236	28236	28236
9EUQ	1	28245	28245	28245
9EVC	1	28245	28245	28245
9P5I	6	28277	28277	28277
8ZQA	8	28278	28278	28278
9ZMW	3	28287	28287	28287
9ZMU	1	28287	28287	28287
9ZMX	1	28287	28287	28287
9ZMV	3	28287	28287	28287
9Q5Y	9	28297	28297	28297
9Q6K	7	28297	28297	28297
9Q6X	9	28297	28297	28297
9Q66	6	28297	28297	28297
9Q65	9	28297	28297	28297
9Q5X	9	28297	28297	28297
9Q64	9	28297	28297	28297
9XYL	12	28297	28297	28297
9XYK	9	28297	28297	28297
9Q62	5	28297	28297	28297
9XZZ	9	28297	28297	28297
9Q6L	9	28297	28297	28297
9Q5Z	9	28297	28297	28297
9Q6J	9	28297	28297	28297
9Q5G	9	28297	28297	28297
9BTS	16	28360	31038	31038
9YFZ	4	28402	28402	28402
9YFY	4	28402	28402	28402
9VXS	2	28408	28408	28408
9W7P	6	28408	28408	28408
9W7N	6	28408	28408	28408
9W7O	7	28408	28408	28408
9LJ0	3	28412	28412	28412
9H40	2	28431	28431	28431
9JUR	1	28442	28442	28442
9C3F	1	28457	28457	28457
8Z2R	8	28497	28497	28497
8Z2Q	16	28518	28518	28518
9EZL	8	28519	28519	28519
8ZBC	6	28525	28525	28525
9R43	2	28526	28526	28526
8Z2L	4	28533	28533	28533
8YJ6	3	28553	28553	28553
9P4A	2	28560	28560	28560
9IIG	24	28565	31100	31100
9GZ5	3	28576	28576	28576
9VQ6	4	28618	28618	28618
8VVX	4	28629	28629	28629
9CEP	37	28647	28647	28647
9CEF	44	28647	28647	28647
9JXU	6	28672	28672	28672
8Z2S	8	28683	28683	28683
8Z2T	4	28688	28688	28688
8Z0Q	2	28692	28692	28692
8Z0S	3	28692	28692	28692
8Z0R	4	28692	28692	28692
9CZ8	36	28693	28693	28693
8Z2U	4	28697	28697	28697
8XRU	3	28714	28714	28714
8XRT	6	28714	28714	28714
8XRX	6	28714	28714	28714
8XRV	6	28714	28714	28714
9N5A	24	28719	28719	28719
9I3U	3	28746	37100	37100
9LYQ	3	28751	28751	28751
8RKZ	32	28776	28776	28776
9GZU	3	28778	28778	28778
9F48	2	28784	28784	28784
9N3V	2	28803	28803	28803
9ME9	1	28803	28803	28803
9N5J	2	28803	28803	28803
9EJN	4	28803	28803	28803
9D9N	6	28813	28813	28813
9DAG	3	28813	28813	28813
9DE3	1	28813	28813	28813
9DEW	3	28813	28813	28813
9DB7	4	28813	28813	28813
7H5Z	1	28831	28831	28831
7IG9	3	28831	28831	28831
7IEZ	5	28831	28831	28831
7IGP	3	28831	28831	28831
9G35	3	28831	28831	28831
7IGA	3	28831	28831	28831
7IH5	3	28831	28831	28831
7IF8	3	28831	28831	28831
7IEX	5	28831	28831	28831
7IEU	3	28831	28831	28831
7IGL	3	28831	28831	28831
7IHI	3	28831	28831	28831
7II9	3	28831	28831	28831
7H5E	1	28831	28831	28831
7IFK	3	28831	28831	28831
7IFW	3	28831	28831	28831
7IGN	3	28831	28831	28831
7H57	2	28831	28831	28831
7H5W	3	28831	28831	28831
7IHF	3	28831	28831	28831
7IGR	3	28831	28831	28831
7IHG	3	28831	28831	28831
7IES	3	28831	28831	28831
7IH2	3	28831	28831	28831
7H5O	3	28831	28831	28831
7IEP	3	28831	28831	28831
7IF9	5	28831	28831	28831
7IFU	3	28831	28831	28831
7IFJ	5	28831	28831	28831
7IFI	5	28831	28831	28831
7IH0	3	28831	28831	28831
7IH4	3	28831	28831	28831
7IGG	3	28831	28831	28831
7IGS	3	28831	28831	28831
7II6	3	28831	28831	28831
7IGD	3	28831	28831	28831
7H5J	1	28831	28831	28831
7IFB	3	28831	28831	28831
7IFY	3	28831	28831	28831
7IHJ	3	28831	28831	28831
7IHS	3	28831	28831	28831
7IHR	3	28831	28831	28831
7IHK	3	28831	28831	28831
9GFY	3	28831	28831	28831
7IHY	3	28831	28831	28831
7II4	3	28831	28831	28831
7IG1	3	28831	28831	28831
7H5H	1	28831	28831	28831
7H5F	1	28831	28831	28831
7IGZ	3	28831	28831	28831
7H5X	1	28831	28831	28831
7IGV	3	28831	28831	28831
7IHL	3	28831	28831	28831
7IHO	3	28831	28831	28831
9RG6	3	28831	28831	28831
9RFX	3	28831	28831	28831
7IGJ	3	28831	28831	28831
7IF1	3	28831	28831	28831
7H5Q	1	28831	28831	28831
7IG4	3	28831	28831	28831
7IIA	3	28831	28831	28831
7IG2	3	28831	28831	28831
7IGI	3	28831	28831	28831
7IFL	5	28831	28831	28831
7IHZ	3	28831	28831	28831
7IIJ	3	28831	28831	28831
7IGH	3	28831	28831	28831
7H5N	2	28831	28831	28831
7IH7	3	28831	28831	28831
7IGK	3	28831	28831	28831
7II3	3	28831	28831	28831
7IIF	3	28831	28831	28831
7IIM	3	28831	28831	28831
7IFZ	3	28831	28831	28831
7II0	3	28831	28831	28831
7IH8	3	28831	28831	28831
7IF2	3	28831	28831	28831
7IFC	3	28831	28831	28831
7H5L	3	28831	28831	28831
7II2	3	28831	28831	28831
7H56	1	28831	28831	28831
7H5D	1	28831	28831	28831
7H5K	1	28831	28831	28831
7IFD	6	28831	28831	28831
7IFV	3	28831	28831	28831
7IET	3	28831	28831	28831
7H5G	1	28831	28831	28831
7H5A	2	28831	28831	28831
7IFX	3	28831	28831	28831
7H5V	1	28831	28831	28831
7H59	2	28831	28831	28831
7II5	3	28831	28831	28831
7III	3	28831	28831	28831
7IGY	3	28831	28831	28831
7IGU	3	28831	28831	28831
7IHA	3	28831	28831	28831
7IIL	3	28831	28831	28831
7IHD	3	28831	28831	28831
7IH3	3	28831	28831	28831
7H5I	1	28831	28831	28831
7IHB	3	28831	28831	28831
7IG7	3	28831	28831	28831
7IF6	3	28831	28831	28831
7IEW	5	28831	28831	28831
7IHT	3	28831	28831	28831
7IHP	3	28831	28831	28831
7IFH	3	28831	28831	28831
7IFS	3	28831	28831	28831
7IHH	3	28831	28831	28831
7IER	3	28831	28831	28831
7IFR	3	28831	28831	28831
7IID	3	28831	28831	28831
7IFN	3	28831	28831	28831
7II8	3	28831	28831	28831
7IEV	5	28831	28831	28831
7IIE	3	28831	28831	28831
7IFM	5	28831	28831	28831
7IHC	3	28831	28831	28831
7IHX	3	28831	28831	28831
7IHQ	3	28831	28831	28831
7IH1	3	28831	28831	28831
7IIG	3	28831	28831	28831
7IGE	3	28831	28831	28831
7IH9	3	28831	28831	28831
7IEQ	3	28831	28831	28831
7IIB	3	28831	28831	28831
7H5P	3	28831	28831	28831
7IIC	3	28831	28831	28831
7IF7	3	28831	28831	28831
7IF0	5	28831	28831	28831
7IG6	3	28831	28831	28831
7IGB	3	28831	28831	28831
7IHW	3	28831	28831	28831
7IG0	3	28831	28831	28831
7IHE	3	28831	28831	28831
7IFF	3	28831	28831	28831
7H5Y	1	28831	28831	28831
7IFG	3	28831	28831	28831
7IH6	3	28831	28831	28831
7IGF	3	28831	28831	28831
7IFE	5	28831	28831	28831
9G34	6	28831	28831	28831
7IHM	3	28831	28831	28831
7IIH	3	28831	28831	28831
7IHU	3	28831	28831	28831
7IGX	3	28831	28831	28831
7II1	3	28831	28831	28831
9FVO	3	28831	28831	28831
7IF5	5	28831	28831	28831
7IGT	3	28831	28831	28831
7IF4	3	28831	28831	28831
7II7	3	28831	28831	28831
7H5M	3	28831	28831	28831
7H5U	3	28831	28831	28831
7IG5	3	28831	28831	28831
7IG3	3	28831	28831	28831
7IHV	3	28831	28831	28831
7IFQ	3	28831	28831	28831
7IFA	3	28831	28831	28831
7IHN	3	28831	28831	28831
7IFO	3	28831	28831	28831
7IGM	3	28831	28831	28831
7IG8	3	28831	28831	28831
7IGO	3	28831	28831	28831
7H5S	1	28831	28831	28831
7H5T	1	28831	28831	28831
7IFP	3	28831	28831	28831
7IEY	3	28831	28831	28831
7H58	1	28831	28831	28831
7IIK	3	28831	28831	28831
7H5C	1	28831	28831	28831
7IFT	3	28831	28831	28831
7IGW	3	28831	28831	28831
7H5R	1	28831	28831	28831
7H5B	2	28831	28831	28831
7IGQ	3	28831	28831	28831
7IF3	3	28831	28831	28831
7IGC	3	28831	28831	28831
9QD8	2	28870	28870	28870
9GQ4	2	28870	28870	28870
9EU6	6	28870	28870	28870
9EUA	2	28870	28870	28870
9GQJ	2	28870	28870	28870
9QDA	2	28870	28870	28870
9EU7	2	28870	28870	28870
9EY4	3	28870	28870	28870
9GPQ	6	28870	28870	28870
9GQF	4	28870	28870	28870
9GPU	4	28870	28870	28870
9GPM	4	28870	28870	28870
9EU8	2	28870	28870	28870
9GQB	2	28870	28870	28870
9EUC	2	28870	28870	28870
9EUD	2	28870	28870	28870
9GPZ	2	28870	28870	28870
9GQ7	2	28870	28870	28870
9GPP	2	28870	28870	28870
9GPW	2	28870	28870	28870
9GQD	2	28870	28870	28870
9GQ6	2	28870	28870	28870
9EUE	2	28870	28870	28870
9GQ8	2	28870	28870	28870
9GPS	2	28870	28870	28870
9GQH	2	28870	28870	28870
9GQC	2	28870	28870	28870
9GQ9	2	28870	28870	28870
9GQ3	2	28870	28870	28870
9QD9	2	28870	28870	28870
9GPO	6	28870	28870	28870
9QD7	2	28870	28870	28870
9GQ5	2	28870	28870	28870
9GPK	4	28870	28870	28870
9GQG	2	28870	28870	28870
9EUB	2	28870	28870	28870
9GPX	2	28870	28870	28870
9GPY	9	28870	28870	28870
9GPV	2	28870	28870	28870
9GQK	2	28870	28870	28870
9GQI	4	28870	28870	28870
9GPL	6	28870	28870	28870
9EY3	3	28870	28870	28870
9GPR	2	28870	28870	28870
9GQA	2	28870	28870	28870
9EU9	2	28870	28870	28870
9GQ2	2	28870	28870	28870
9GPT	2	28870	28870	28870
9GQE	2	28870	28870	28870
9QDB	2	28870	28870	28870
9GPN	2	28870	28870	28870
9IIW	1	28872	28872	28872
9IJA	1	28872	28872	28872
9JSE	3	28879	28879	28879
9NT0	3	28881	28881	28881
9NSY	3	28881	28881	28881
9NSW	3	28881	28881	28881
9ZOT	3	28881	28881	28881
9ZOV	3	28881	28881	28881
9ZOS	4	28881	28881	28881
9NSX	3	28881	28881	28881
9ZOQ	3	28881	28881	28881
9ZOR	4	28881	28881	28881
9ZOP	3	28881	28881	28881
9NSZ	3	28881	28881	28881
9ZOW	3	28881	28881	28881
9ZOU	3	28881	28881	28881
9K7H	3	28884	28884	28884
9VNU	1	28894	28894	28894
9R71	6	28909	28909	28909
8YF3	1	28911	28911	28911
9RAO	4	28924	28924	28924
9RAJ	4	28924	28924	28924
9R0R	4	28924	28924	28924
9FD4	16	28940	28940	28940
9FD5	12	28940	28940	28940
9FD6	12	28940	28940	28940
9K2P	2	28947	28947	28947
9OQE	6	28953	28953	28953
9G7Z	4	28953	28953	28953
9G7X	4	28953	28953	28953
9OR3	6	28953	28953	28953
9G7W	4	28953	28953	28953
9G80	5	28953	28953	28953
9G81	5	28953	28953	28953
9ORS	4	28953	28953	28953
9G7V	3	28953	28953	28953
9ORL	4	28953	28953	28953
9G82	5	28953	28953	28953
9OR7	6	28953	28953	28953
9ORB	6	28953	28953	28953
9ORG	6	28953	28953	28953
9G7Y	4	28953	28953	28953
8V8S	4	28966	28966	28966
9O9S	2	28977	29479	29479
9LT8	3	28981	28981	28981
9J9K	2	28991	28991	28991
9YDF	3	29010	29010	29010
8XHX	4	29020	29020	29020
8XHT	12	29020	29020	29020
9ORH	6	29030	29030	29030
8REM	3	29039	29039	29039
8REI	3	29039	29039	29039
8RS1	3	29039	29039	29039
8ZPC	2	29060	29060	29060
9YFX	3	29073	29073	29073
9CS1	3	29085	29085	29085
9CS0	3	29085	29085	29085
9CS2	3	29085	29085	29085
8ZN0	6	29112	29112	29112
8XHD	2	29119	29119	29119
9RJ1	3	29129	29129	29129
8S7M	12	29133	29133	29133
8XHA	2	29164	29164	29164
9RIU	2	29169	29169	29169
8V9M	9	29170	29170	29170
9ZOK	12	29181	29181	29181
10BM	12	29181	29181	29181
9ZOI	12	29181	29181	29181
9ZPB	12	29181	29181	29181
8RS7	2	29220	29220	29220
9IBY	6	29220	29220	29220
8XHK	6	29252	29252	29252
8Y4V	3	29267	29267	29267
9C4R	3	29274	29274	29274
9C85	1	29274	29274	29274
9C4P	3	29274	29274	29274
9C4Q	3	29274	29274	29274
9TPG	1	29277	29277	29277
8RS6	4	29277	29277	29277
9GL0	10	29281	29281	29281
9O9T	2	29287	29479	29479
8Y4Y	1	29299	29299	29299
8RWW	3	29300	29300	29300
8RPR	3	29300	29300	29300
8RXG	3	29300	29300	29300
8RXF	3	29300	29300	29300
9CEM	37	29322	29322	29322
9IHK	4	29328	29328	29328
8W1D	3	29365	29365	29365
8W1F	12	29365	29365	29365
8W1E	12	29365	29365	29365
9B2F	3	29391	29391	29391
9B2G	2	29391	29391	29391
9KS7	12	29396	29396	29396
9KPL	8	29396	29396	29396
9HJI	1	29398	29398	29398
9HJJ	1	29398	29398	29398
9BYB	2	29407	29407	29407
9MT7	1	29407	29407	29407
9L14	1	29424	29424	29424
8RJ4	12	29424	29424	29424
8RJ6	6	29424	29424	29424
9CEJ	36	29431	29431	29431
9HMP	4	29432	29432	29432
9LKD	1	29439	29439	29439
9DT3	4	29448	29448	29448
9J2N	1	29477	29477	29477
9CEO	38	29480	29480	29480
8ZB0	2	29485	29485	29485
8ZSZ	2	29485	29485	29485
9KZW	2	29485	29485	29485
9L00	2	29485	29485	29485
8ZSB	6	29485	29485	29485
9J9C	7	29488	29488	29488
9TNZ	26	29497	29497	29497
9GND	2	29499	29499	29499
9GKH	2	29499	29499	29499
9OXJ	45	29501	29501	29501
8Z9U	2	29516	29516	29516
8YE5	2	29561	29561	29561
9G64	2	29567	29567	29567
9GM0	2	29567	29567	29567
9GM3	8	29605	29605	29605
9GMC	6	29605	29605	29605
9FZ2	3	29607	29607	29607
9JSY	3	29624	29624	29624
9F80	1	29629	29629	29629
9CBB	1	29637	29637	29637
9CAX	1	29637	29637	29637
9CY9	1	29681	29681	29681
9CPZ	8	29683	29683	29683
9CYA	3	29683	29683	29683
9FBD	18	29698	29698	29698
10LI	3	29704	29704	29704
9GL1	1	29741	29741	29741
8XV9	1	29744	29744	29744
8XV2	1	29744	29744	29744
8XV5	1	29744	29744	29744
8VA3	6	29757	29757	29757
9DT2	1	29766	29766	29766
9H4G	4	29796	29796	29796
8RPI	18	29799	29799	29799
8RPJ	18	29799	29799	29799
8RPH	18	29799	29799	29799
9LT5	3	29802	29802	29802
9LT6	1	29802	29802	29802
9LWW	1	29802	29802	29802
9LT7	1	29802	29802	29802
9H4E	4	29816	29816	29816
8S6L	3	29819	29819	29819
9H3I	4	29822	29822	29822
9H4H	6	29823	29823	29823
8S1Y	6	29853	29853	29853
9EGR	6	29870	29870	29870
9JJ9	2	29872	29872	29872
9JJB	2	29872	29872	29872
9JI0	6	29876	29876	29876
9JHE	6	29876	29876	29876
9HO4	3	29879	29879	29879
8VCA	1	29910	29910	29910
8VCD	3	29910	29910	29910
9JO9	20	29924	35759	35759
9JHY	3	29929	29929	29929
9JHZ	3	29937	29937	29937
9NXG	6	29943	29943	29943
9NXH	3	29943	29943	29943
9DT5	8	29947	29947	29947
9DT4	2	29947	29947	29947
8VYD	6	29951	29951	29951
9S1Q	4	29956	29956	29956
9S1P	4	29967	29967	29967
9YBI	2	29972	29972	29972
9GSZ	1	29994	29994	29994
9C9N	1	30035	30035	30035
9RM7	6	30075	30075	30075
9RM4	6	30075	30075	30075
9RM6	6	30075	30075	30075
8Z5F	2	30084	30084	30084
8Z5D	6	30084	30084	30084
9I1X	8	30087	30087	30087
8Z5E	8	30112	30112	30112
8Z5C	6	30116	30116	30116
8VWR	2	30131	30131	30131
9HAY	78	30141	30141	30141
9HAV	18	30141	30141	30141
9HAW	54	30141	30141	30141
9HAX	42	30141	30141	30141
9I7K	6	30176	30176	30176
9I76	6	30176	30176	30176
9GQV	6	30176	30176	30176
9HH1	2	30194	30194	30194
9X7M	11	30195	30195	30195
9LRZ	1	30195	30195	30195
9X7L	11	30195	30195	30195
9X7K	11	30195	30195	30195
9LS1	1	30195	30195	30195
9VGV	3	30233	30233	30233
9MRC	3	30239	30239	30239
9ISB	2	30244	30244	30244
9GNC	2	30247	30247	30247
9JU5	6	30249	30249	30249
9M3M	1	30266	30266	30266
9GVE	3	30277	30277	30277
9GVD	3	30277	30277	30277
9L8V	4	30286	30286	30286
8XOD	4	30332	30332	30332
9IUD	16	30332	30332	30332
10NH	6	30335	30335	30335
9R6U	6	30341	30341	30341
9G3F	2	30371	30371	30371
9G3G	2	30371	30371	30371
8RDL	1	30398	30398	30398
9L1J	3	30401	30401	30401
8VZI	12	30411	30411	30411
9MG3	6	30414	30414	30414
9PL0	32	30414	30414	30414
9MG0	6	30414	30414	30414
9MG2	6	30414	30414	30414
9MG1	6	30414	30414	30414
9DUG	3	30423	30423	30423
9BKZ	2	30423	30423	30423
9G11	1	30439	30439	30439
9N50	6	30445	30445	30445
9N51	12	30445	30445	30445
8XI8	1	30454	30454	30454
8XEU	3	30456	30456	30456
8XF8	4	30456	30456	30456
8XET	4	30456	30456	30456
8XF4	1	30456	30456	30456
8XF7	3	30456	30456	30456
8XFI	6	30456	30456	30456
9XFX	3	30463	30463	30463
9XFY	1	30463	30463	30463
9XFW	1	30463	30463	30463
9KBU	6	30473	30473	30473
8XF9	3	30511	30511	30511
8XFA	3	30511	30511	30511
9CHI	12	30520	30520	30520
9LPL	2	30527	30527	30527
9Q2G	3	30537	30537	30537
8VZF	12	30552	30552	30552
8VGY	2	30564	30564	30564
8VZA	12	30580	30580	30580
8VZB	12	30580	30580	30580
8VZC	12	30585	30585	30585
9KP8	3	30588	30588	30588
9US4	4	30595	30595	30595
9US6	2	30595	30595	30595
9US3	6	30595	30595	30595
9H1U	24	30605	30671	31092
9IQ8	4	30618	30618	30618
9HKK	4	30621	30621	30621
9QFR	4	30657	30657	30657
9CM6	6	30657	30657	30657
9CH0	4	30678	30678	30678
9CH5	6	30678	30678	30678
9CHK	6	30678	30678	30678
9CGW	6	30678	30678	30678
9CH3	4	30678	30678	30678
9CH7	12	30678	30678	30678
9CH2	6	30678	30747	30747
9CH1	2	30678	30678	30678
9I5J	4	30681	30681	30681
8RVF	4	30681	30681	30681
9I56	4	30681	30681	30681
9FY5	4	30681	30681	30681
9I9C	4	30681	30681	30681
9F8B	4	30681	30681	30681
9F8C	4	30681	30681	30681
9F8D	4	30681	30681	30681
9G4M	4	30681	30681	30681
9F8A	4	30681	30681	30681
9I3Y	4	30681	30681	30681
8VZJ	16	30682	30682	30682
9KNP	2	30682	30682	30682
8RDO	3	30695	30695	30695
8RDM	3	30695	30695	30695
8RDN	12	30695	30695	30695
9FS2	3	30701	30701	30701
9FS3	3	30701	30701	30701
9KM6	6	30714	30714	30714
9KLX	3	30714	30714	30714
9DVH	6	30723	30723	30723
9QFT	6	30725	30725	30725
8XM4	3	30725	30725	30725
8XM3	3	30725	30725	30725
9FS1	3	30737	30737	30737
9D78	4	30749	30749	30749
9UGT	1	30766	30766	30766
9UGS	3	30766	30766	30766
8VZH	12	30779	30779	30779
8VZE	6	30779	30779	30779
8VZD	6	30779	30779	30779
9F5Q	2	30780	30780	30780
9JNB	3	30781	30781	30781
9J4Z	4	30788	30788	30788
9J50	12	30788	30788	30788
9CF4	6	30841	30841	30841
9MSA	12	30864	30864	30864
9JAV	10	30876	30876	30876
8ZRL	30	30876	30876	30876
9JAW	10	30876	30876	30876
9LDL	4	30884	30884	30884
9CXN	6	30897	30897	30897
9CXW	6	30897	30897	30897
9CXV	6	30897	30897	30897
9CX8	6	30897	30897	30897
9CXM	6	30897	30897	30897
9NXJ	6	30924	30924	30924
9HXQ	4	30943	30943	30943
9GOU	4	30943	30943	30943
9GNE	4	30943	30943	30943
8ZCS	6	30945	30945	30945
9CMQ	6	30978	30978	30978
9WRJ	1	30984	30984	30984
9SH8	3	31003	31003	31003
9SH9	6	31003	31003	31003
9CQK	6	31013	31013	31013
9LQL	4	31015	31015	31015
8YHW	4	31023	31023	31023
9KWA	6	31042	31042	31042
9NHT	36	31044	31044	31044
9NHR	36	31044	31044	31044
8ZK6	2	31067	31067	31067
8ZKA	2	31067	31067	31067
8ZK8	2	31068	31068	31068
8ZK7	2	31068	31068	31068
8ZK9	2	31068	31068	31068
8ZR8	3	31113	31113	31113
8ZWD	30	31114	31114	31114
9PQ5	4	31147	31147	31147
9PQ6	4	31147	31147	31147
9PQ7	3	31147	31147	31147
9CPF	16	31151	31151	31151
9BAU	6	31153	31153	31153
9BAV	6	31153	31153	31153
8RPK	12	31157	31157	31157
8RPL	12	31157	31157	31157
9LTK	6	31162	31162	31162
9JAX	4	31171	31171	31171
9PW7	1	31174	31174	31174
8RZ6	6	31183	31183	31183
9CPN	14	31194	31194	31194
8Y20	1	31196	31196	31196
8YOX	1	31220	31220	31220
8YO8	1	31220	31220	31220
8YOQ	1	31220	31220	31220
9ZGL	4	31234	31234	31234
9KW9	6	31235	31235	31235
9BWP	4	31278	31278	31278
9BWK	2	31278	31278	31278
9BWO	2	31278	31278	31278
9BWL	6	31278	31278	31278
9QZ6	6	31291	31291	31291
9EV3	3	31306	31306	31306
9V6A	3	31312	31312	31312
9V6C	3	31319	31319	31319
9V69	3	31319	31319	31319
21KB	12	31319	31319	31319
9V6B	3	31319	31319	31319
9FZ0	2	31340	31340	31340
8VA7	6	31344	31344	31344
8S4P	8	31359	31359	31359
9BCG	3	31369	31369	31369
9CXO	2	31379	31379	31379
8ZNM	12	31389	31389	31389
9OVH	4	31390	31390	31390
9EV6	4	31416	31416	31416
9N4Y	14	31442	31442	31442
9QZ5	6	31448	31448	31448
8Y0S	4	31460	31460	31460
8Z5L	4	31460	31460	31460
9EV4	3	31483	31483	31483
9EV5	4	31483	31483	31483
9QZ7	6	31486	31486	31486
9QZ4	2	31493	31493	31493
8YJX	2	31524	31524	31524
9BCE	10	31553	31553	31553
9EAF	6	31589	31589	31589
9F1A	7	31601	31601	31601
9YD7	3	31613	31613	31613
9GN5	3	31615	31615	31615
9KJQ	2	31635	31635	31635
9KJO	6	31635	31635	31635
9KJH	2	31635	31635	31635
9KJD	2	31635	31635	31635
9KJI	2	31635	31635	31635
9KJK	6	31635	31635	31635
9KJP	2	31635	31635	31635
9KJM	6	31635	31635	31635
9KJF	8	31635	31635	31635
9KJE	8	31635	31635	31635
9KJL	8	31635	31635	31635
9KJS	6	31635	31635	31635
9KJG	2	31635	31635	31635
9KJN	6	31635	31635	31635
9H2I	2	31660	31660	31660
9F7J	3	31662	31662	31662
9GXB	1	31671	31671	31671
9GXC	1	31672	31672	31672
8S5B	3	31674	31674	31674
9DP8	3	31675	31675	31675
9FL6	4	31693	31693	31693
8Y1T	2	31718	31718	31718
9GX9	3	31721	31721	31721
8VS5	1	31749	31749	31749
8VZK	2	31773	31773	31773
8S1X	3	31822	31822	31822
8Z1V	4	31822	34740	37933
8Z1W	4	31832	34740	37933
8Z1X	4	31832	34740	37933
8Z2O	3	31853	31853	31853
9G5M	4	31855	31855	31855
9GV8	3	31855	31855	31855
9B8N	2	31870	31870	31870
8RHR	3	31877	31877	31877
9B8M	2	31913	31913	31913
9FGE	2	31923	31923	31923
9WTD	36	31932	31932	31932
9GH9	6	31937	31937	31937
9GNF	6	31937	31937	31937
8VBU	6	31956	31956	31956
8VBV	6	31956	31956	31956
8VBT	6	31956	31956	31956
8VBW	2	31956	31956	31956
9NJT	24	31961	31961	31961
9T3J	6	31977	31977	31977
9UF7	2	31984	31984	31984
9UEI	2	32018	32018	32018
9FFK	2	32025	32025	32025
9F14	6	32036	32036	32036
9FDD	24	32036	32036	32036
9UFI	2	32050	32050	32050
9IYW	3	32052	32052	32052
9CV1	3	32072	32072	32072
8YH1	9	32096	32096	32096
9DQI	12	32099	32099	32099
8Z21	4	32099	35843	38281
9EPA	1	32103	32103	32103
8XFW	2	32108	32108	32108
9DSN	12	32115	32115	32115
9UOW	3	32160	32160	32160
8VDX	6	32169	32169	32169
9HU9	12	32174	32174	32174
8ZHS	2	32183	32183	32183
8XJU	2	32194	32194	32194
8XFH	2	32198	32198	32198
9YS0	6	32290	32290	32290
9YT5	2	32290	32290	32290
9YS1	2	32290	32290	32290
9YRU	2	32290	32290	32290
9YT3	6	32290	32290	32290
9YT2	6	32290	32290	32290
9YRW	6	32290	32290	32290
9Z4D	2	32290	32290	32290
9YS2	2	32290	32290	32290
9YRX	6	32290	32290	32290
9YRZ	6	32290	32290	32290
9C5D	12	32310	32310	32310
8V9G	6	32312	32312	32312
9IZ5	2	32313	32313	32313
9X5U	4	32322	32322	32322
8VRG	3	32328	32328	32328
8YNZ	2	32356	32356	32356
9KHN	4	32374	32374	32374
8XXQ	4	32383	32383	32383
9GEZ	6	32408	32408	32408
9G92	6	32408	32408	32408
9DTV	12	32413	32413	32413
8ZOO	2	32437	32437	32437
8ZON	2	32437	32437	32437
8ZOK	4	32437	32437	32437
9MK7	3	32448	32448	32448
9EJP	3	32448	32448	32448
9DTA	6	32448	32448	32448
9EJO	3	32448	32448	32448
9DTB	3	32448	32448	32448
9IZV	4	32451	32451	32451
9H9C	12	32451	32451	32451
9IZW	4	32463	32463	32463
9IZU	2	32471	32471	32471
8YP7	1	32481	32481	32481
9DVG	3	32489	32489	32489
9ZB7	4	32489	32489	32489
9W61	4	32500	32500	32500
9W60	2	32500	32500	32500
9J2K	10	32508	32508	32508
8W0Z	8	32520	32520	32520
8RDB	3	32523	32523	32523
9HWF	3	32539	32539	32539
9L7L	1	32549	32549	32549
9J7D	2	32550	32550	32550
9J7C	6	32550	32550	32550
9IQH	6	32560	32560	32560
8XBC	1	32562	32562	32562
8XBA	1	32562	32562	32562
8XBB	1	32562	32562	32562
8ZPE	4	32565	32565	32565
8ZPG	4	32565	32565	32565
9JT7	4	32565	32565	32565
8ZPH	4	32565	32565	32565
8ZPF	4	32565	32565	32565
9DAM	3	32572	32572	32572
8YYQ	3	32576	32576	32576
9H11	6	32586	32586	32586
9H12	6	32586	32586	32586
9G79	2	32591	32591	32591
8W0U	4	32592	32592	32592
8W0T	4	32592	32592	32592
9ENO	6	32602	32602	32602
8RTZ	3	32603	32603	32603
8VRI	13	32606	32606	32606
9JQ5	4	32616	32616	32616
9JQ4	4	32616	32616	32616
9F1Z	3	32638	32638	32638
9JQ3	4	32644	32644	32644
9VSM	12	32646	32646	32646
9Q4D	3	32654	32654	32654
9GJ9	6	32663	32663	32663
9HAQ	40	32663	32663	32663
8S33	20	32688	32688	32688
9MD0	3	32690	32690	32690
9MCZ	3	32690	32690	32690
8Y7S	12	32693	32693	32693
9AXJ	3	32701	32701	32701
9HDE	24	32703	32703	32703
8RCY	4	32708	32708	32708
9G6W	2	32708	32708	32708
9WPO	4	32711	32711	32711
9WPN	6	32711	32711	32711
8RFZ	1	32720	32720	32720
8RII	1	32720	32720	32720
9DPF	6	32727	32727	32727
9HPV	6	32730	32730	32730
9H15	6	32730	32730	32730
9H14	6	32730	32730	32730
9H13	6	32730	32730	32730
8Y8M	1	32735	32735	32735
9HEE	8	32736	32736	32736
8RKR	6	32737	32737	32737
8RKQ	4	32737	32737	32737
9H16	6	32738	32738	32738
9H17	6	32738	32738	32738
9H18	6	32738	32738	32738
9KVA	6	32741	32741	32741
9QM6	4	32749	32749	32749
9QI7	1	32764	32764	32764
8RG2	3	32778	32778	32778
9UPA	2	32783	32783	32783
9HCK	3	32784	32784	32784
9QI5	6	32784	32784	32784
9J4Y	20	32796	32796	32796
9J7Q	3	32814	32814	32814
8VBZ	3	32834	32834	32834
9J7R	6	32834	32834	32834
9J7P	3	32835	32835	32835
8VEP	3	32839	32839	32839
8VEQ	1	32839	32839	32839
8VEN	3	32839	32839	32839
9Z5T	3	32839	32839	32839
9IFE	20	32843	32843	32843
9IFJ	16	32843	32843	32843
9IFH	20	32843	32843	32843
9IFG	20	32843	32843	32843
9IFF	20	32843	32843	32843
9IFN	12	32843	32843	32843
9IFI	8	32843	32843	32843
9IFL	20	32843	32843	32843
9KP1	2	32845	33758	33758
9RTL	2	32859	32859	32859
8YYR	3	32871	32871	32871
9AZK	18	32884	32884	32884
9E83	3	32889	32889	32889
9DMI	6	32895	32895	32895
9QI3	7	32912	32912	32912
9JPK	2	32914	32914	32914
9JPL	2	32914	32914	32914
9CU3	6	32932	32932	32932
9EPN	6	32938	32938	32938
9LFF	1	32940	32940	32940
9LFJ	1	32940	32940	32940
9JZO	2	32942	32942	32942
9KFY	3	32966	32966	32966
9ZNB	3	32976	32976	32976
9Q0D	12	32987	32987	32987
9CUN	3	33027	33027	33027
9QI6	4	33043	33043	33043
9G65	3	33047	33047	33047
9IUV	4	33069	33069	33069
8VK6	3	33074	33074	33074
9KB1	1	33077	33077	33077
9HIT	3	33124	33124	33124
8YU6	6	33136	33136	33136
8YU5	6	33136	33136	33136
8ZLV	2	33146	33146	33146
9NX6	1	33177	33177	33177
9HJ2	4	33177	33177	33177
8ZRO	2	33194	33194	33194
8ZRF	1	33194	33194	33194
9ZM4	6	33240	33240	33240
9S3L	4	33241	33241	33241
9E9B	1	33242	33242	33242
9MNN	3	33242	33242	33242
9DB5	3	33245	33245	33245
9FKH	7	33249	33249	33249
9FKK	4	33249	33249	33249
9FKL	6	33249	33249	33249
9FKJ	6	33249	33249	33249
9FKI	6	33249	33249	33249
8RMA	4	33249	33249	33249
9R6Y	4	33255	33255	33255
9OU1	6	33269	33269	33269
9S8I	6	33276	33276	33276
8Z77	9	33280	33280	33280
8Z76	9	33280	33280	33280
8YOU	6	33280	33280	33280
8Z75	9	33280	33280	33280
8ZR6	1	33310	33310	33310
8RAY	2	33319	33319	33319
9JRP	2	33320	33320	33320
9JT6	2	33320	33320	33320
9JT4	2	33320	33320	33320
8VQ1	3	33363	33363	33363
8VPW	3	33363	33363	33363
9MXP	6	33365	33365	33365
9MXY	6	33365	33365	33365
9RTM	2	33379	33379	33379
9WFI	2	33389	33389	33389
9MXN	8	33390	33390	33390
9S35	3	33393	33393	33393
9S36	1	33393	33393	33393
9KHA	4	33397	33397	33397
8ZJ6	3	33405	33405	33405
8ZJ8	12	33405	33405	33405
8ZJ9	3	33405	33405	33405
8ZJA	3	33405	33405	33405
8V8M	10	33420	33420	33420
8YP9	3	33439	33439	33439
9EVQ	4	33457	33457	33457
9FZO	3	33465	33465	33465
9FZ7	3	33465	33465	33465
9FZ8	3	33465	33465	33465
9FZE	3	33465	33465	33465
9FZP	1	33465	33465	33465
9VPF	4	33467	33467	33467
8RFB	1	33470	33470	33470
9FND	2	33470	33503	33503
9LI3	2	33477	33477	33477
9FB3	3	33485	33485	33485
9IJB	4	33487	33487	33487
8XBO	1	33495	33495	33495
8XBQ	1	33503	33503	33503
9JFI	2	33514	33514	33514
8VW1	3	33516	33516	33516
8VW0	3	33516	33516	33516
8V8W	4	33516	33516	33516
9DQW	3	33516	33516	33516
9QIT	8	33516	33516	33516
8V8X	1	33516	33516	33516
9QGZ	8	33516	33516	33516
9BN9	4	33516	33516	33516
8VW2	3	33516	33516	33516
9BN8	3	33516	33516	33516
9QFU	12	33526	33526	33526
8XBR	1	33526	33526	33526
8YP2	5	33539	33539	33539
8ZKV	4	33541	33541	33541
9FYV	3	33547	33547	33547
8RD5	6	33559	33559	33559
9F95	3	33576	33576	33576
9F92	3	33576	33576	33576
9F93	3	33576	33576	33576
9F94	4	33576	33576	33576
9F96	3	33576	33576	33576
9PH2	6	33583	33583	33583
9FFD	6	33588	33588	33588
8S7S	3	33598	33598	33598
8RB6	6	33603	33603	33603
8S7W	2	33607	33607	33607
8S7U	2	33611	33611	33611
8S7N	2	33611	33611	33611
9R70	3	33618	33618	33618
8S7T	3	33621	33621	33621
9AUB	3	33623	33623	33623
9QFV	12	33623	33623	33623
8S7Q	2	33624	33624	33624
9IZX	4	33625	33625	33625
8S7R	7	33627	33627	33627
9JRU	2	33629	33629	33629
8YEN	2	33636	33636	33636
8S7P	3	33637	33637	33637
9JQF	3	33660	33660	33660
9ZH8	12	33665	33665	33665
8S8V	2	33679	33679	33679
9JT5	2	33697	33697	33697
9GX8	6	33701	33701	33701
8S8Y	6	33703	33703	33703
9EM4	6	33708	33708	33708
9EM5	3	33708	33708	33708
9EM6	6	33708	33708	33708
9EM2	6	33721	33721	33721
9EM3	1	33721	33721	33721
9EM0	2	33721	33721	33721
8RRJ	6	33738	33738	33738
9FCP	2	33742	33742	33742
9FCN	2	33742	33742	33742
9GP0	2	33779	33779	33779
9GOZ	6	33779	33779	33779
9GOV	2	33779	33779	33779
9R73	3	33786	33786	33786
9L8H	3	33799	33799	33799
9N32	4	33810	33810	33810
9JL9	1	33871	33871	33871
8RX4	2	33873	33873	33873
9GQY	2	33876	33876	33876
9GMP	3	33879	33879	33879
8Z6E	2	33932	33932	33932
8RX6	6	33932	33932	33932
8RX5	6	33932	33932	33932
9C9O	7	33944	33944	33948
9C0P	6	33944	33944	33944
9C1V	6	33944	33944	33944
9C2R	6	33944	33944	33944
9LC9	2	33946	33946	33946
9QY1	3	33953	33953	33953
9PL2	6	33961	33961	33961
9YAA	4	33961	33961	33961
9R74	3	33972	33972	33972
9GJ0	3	33993	33993	33993
8ROV	2	33994	33994	33994
9JJ3	2	34008	34008	34008
9H8P	24	34020	34020	34020
9GQL	4	34032	34032	34032
9Q2N	4	34043	40396	40396
9Q2Q	4	34043	40396	40396
9AUA	3	34088	34088	34088
9N61	2	34122	38332	38332
9N62	2	34122	38332	38332
9N66	2	34122	38332	38332
9N65	2	34122	38332	38332
9N64	2	34122	38293	38293
9N63	2	34122	38293	38293
9MBN	6	34136	34136	34136
9MBM	8	34136	34136	34136
9MBH	7	34136	34136	34136
9MBG	7	34136	34136	34136
9MBI	8	34136	34136	34136
9MBK	6	34136	34136	34136
9MBJ	6	34136	34136	34136
9MBL	6	34136	34136	34136
9H0N	1	34161	34161	34161
9H0O	1	34161	34161	34161
9H0P	1	34161	34161	34161
9MBF	10	34166	34166	34166
9MBE	10	34166	34166	34166
9KK8	1	34176	34176	34176
9KK9	3	34176	34176	34176
9GY1	1	34187	34187	34187
9GNB	1	34203	34203	34203
8XNI	1	34218	34218	34218
9KKA	2	34246	34246	34246
9EKD	2	34254	34254	34254
9EKE	2	34254	34254	34254
9VWT	1	34304	34304	34304
9H8Q	24	34304	34304	34304
9JTI	3	34311	34311	34311
9BKG	1	34318	34318	34318
9BKF	1	34318	34318	34318
9FKM	3	34320	34320	34320
9FL5	3	34320	34320	34320
9FL4	3	34320	34320	34320
9FKV	3	34320	34320	34320
9FKG	3	34320	34320	34320
9FKW	3	34320	34320	34320
9FKE	3	34320	34320	34320
9FIM	3	34320	34320	34320
8Z0G	1	34322	34322	34322
9AWQ	1	34324	34324	34324
9KK4	3	34324	34324	34324
9AW1	1	34324	34324	34324
9BOM	1	34324	34324	34324
9AWR	1	34324	34324	34324
9AWM	1	34324	34324	34324
9AW4	1	34324	34324	34324
9AWH	1	34324	34324	34324
9AVZ	1	34324	34324	34324
9AWA	1	34324	34324	34324
9AWU	1	34324	34324	34324
9AW2	1	34324	34324	34324
9AWL	1	34324	34324	34324
9AWZ	1	34324	34324	34324
9AW8	1	34324	34324	34324
9AWO	1	34324	34324	34324
9AWG	1	34324	34324	34324
9AWI	1	34324	34324	34324
9AWC	1	34324	34324	34324
9AWS	1	34324	34324	34324
9AVX	1	34324	34324	34324
9AWB	1	34324	34324	34324
9AWF	1	34324	34324	34324
9AW9	1	34324	34324	34324
9AWV	1	34324	34324	34324
9AWD	1	34324	34324	34324
9AWN	1	34324	34324	34324
9AWP	1	34324	34324	34324
9AW0	1	34324	34324	34324
8XNJ	1	34324	34324	34324
9KK5	3	34324	34324	34324
9AVY	1	34324	34324	34324
9BOK	1	34324	34324	34324
9R97	8	34332	34332	34332
9R98	8	34332	34332	34332
9R7O	8	34332	34332	34332
9R99	8	34332	34332	34332
9KUH	4	34336	34336	34336
9FH7	4	34336	34336	34336
9IGL	8	34366	34366	34366
9KVX	2	34369	34369	34369
9KVY	2	34369	34369	34369
9KVZ	2	34369	34369	34369
9IMS	6	34370	34370	34370
9EVI	6	34381	34381	34381
9IMR	6	34386	34386	34386
9KUQ	1	34386	34386	34386
9IMQ	2	34386	34386	34386
9FOV	8	34442	34442	34442
9C3W	8	34484	34484	34484
9C3X	6	34484	34484	34484
9P6I	12	34489	34489	34489
9C50	2	34499	34499	34499
8YT0	2	34523	34523	34523
9D9M	1	34523	34523	34523
8YST	2	34523	34523	34523
9D9K	1	34523	34523	34523
8YSP	2	34523	34523	34523
8YW7	2	34523	34523	34523
9KSS	1	34530	34530	34530
9KSW	1	34530	34530	34530
9KSY	1	34530	34530	34530
9KSM	1	34530	34530	34530
9QGB	6	34536	34536	34536
9QGD	4	34538	34538	34538
9R11	6	34539	34539	34539
9QGE	6	34549	34549	34549
9QGF	7	34550	34550	34550
9VK4	2	34555	34555	34555
9QGC	3	34576	34576	34576
9P0N	7	34582	34582	34582
9I24	3	34585	34585	34585
9FYU	6	34591	34591	34591
8XYR	1	34602	34602	34602
8VCN	3	34609	34609	34609
8V8N	2	34618	34618	34618
9KPX	4	34642	34642	34642
9KPW	4	34642	34642	34642
9JL6	2	34663	34663	34663
8XYU	1	34669	34669	34669
8XVO	1	34674	34674	34674
9YGW	8	34694	34694	34694
9YFS	10	34694	34694	34694
9YZW	6	34694	34694	34694
9YB6	6	34733	34733	34733
9JJ2	2	34737	34737	34737
9JJ1	2	34737	34737	34737
9YKF	8	34746	34746	34746
9PDA	12	34749	34749	34749
9PCT	4	34749	34749	34749
9FLZ	4	34751	34751	34751
9DWY	1	34761	34761	34761
9IGK	14	34770	34770	34770
9L6J	1	34810	34810	34810
9VLF	1	34810	34810	34810
9HJ5	6	34854	34854	34854
9C5P	3	34877	34877	34877
9H79	4	34907	34907	34907
9R8Q	3	34907	34907	34907
9H5N	2	34907	34907	34907
9F5M	6	34930	34930	34930
9F49	3	34930	34930	34930
9F6H	3	35031	35031	35031
9FP4	8	35040	35040	35040
9FPP	12	35040	35040	35040
9H5Z	6	35042	35042	35042
9H5Q	6	35042	35042	35042
9H5P	2	35042	35042	35042
9H64	2	35042	35042	35042
9R8R	3	35045	35045	35045
9Q9R	1	35071	35071	35071
9Q9O	4	35071	35071	35071
9Q9P	1	35071	35071	35071
9Q9Q	2	35071	35071	35071
9LF7	2	35077	35077	35077
8VKT	3	35083	35083	35083
8ZRG	1	35114	35114	35114
9Q2R	4	35116	40396	40396
9BOT	3	35161	35161	35161
9BOS	3	35161	35161	35161
10FM	4	35181	35181	35181
9IX8	12	35191	35191	35191
8Z6D	2	35197	35197	35197
9Q1Y	4	35200	40396	40396
9G8I	2	35219	35219	35219
9L1U	2	35230	35230	35230
9K6V	6	35230	35230	35230
9K6W	2	35230	35230	35230
9KSR	1	35242	35242	35242
9KSX	1	35242	35242	35242
9KSO	1	35242	35242	35242
9S6B	12	35247	35247	35247
9BIQ	2	35249	35249	35249
9BL7	2	35249	35249	35249
9BII	2	35249	35249	35249
9BIN	2	35249	35249	35249
9ZPU	6	35279	35279	35279
8XIY	2	35302	35302	35302
9C3Y	8	35310	35310	35310
7HMN	3	35321	35321	35321
7HME	3	35321	35321	35321
7HN8	3	35321	35321	35321
7HMA	3	35321	35321	35321
7HNG	3	35321	35321	35321
7HNF	3	35321	35321	35321
7HLR	3	35321	35321	35321
7HNZ	3	35321	35321	35321
7HN2	3	35321	35321	35321
7HLN	3	35321	35321	35321
7HLA	3	35321	35321	35321
7HLS	3	35321	35321	35321
7HN5	3	35321	35321	35321
7HNY	3	35321	35321	35321
7HLW	3	35321	35321	35321
7HM9	3	35321	35321	35321
7HNH	3	35321	35321	35321
7HMS	3	35321	35321	35321
7HND	3	35321	35321	35321
7HN9	3	35321	35321	35321
7HNL	3	35321	35321	35321
7HMW	3	35321	35321	35321
7HML	3	35321	35321	35321
7HLG	3	35321	35321	35321
7HNI	3	35321	35321	35321
7HNS	3	35321	35321	35321
7HMV	3	35321	35321	35321
7HLM	3	35321	35321	35321
7HMZ	3	35321	35321	35321
7HMT	3	35321	35321	35321
7HMC	3	35321	35321	35321
7HLP	3	35321	35321	35321
7HNP	3	35321	35321	35321
7HLL	3	35321	35321	35321
7HNE	3	35321	35321	35321
7HN6	3	35321	35321	35321
7HMO	3	35321	35321	35321
7HLI	3	35321	35321	35321
7HMG	3	35321	35321	35321
7HLY	3	35321	35321	35321
7HLH	3	35321	35321	35321
7HO3	3	35321	35321	35321
7HOB	3	35321	35321	35321
7HLO	3	35321	35321	35321
7HMY	3	35321	35321	35321
7HO5	3	35321	35321	35321
7HNN	3	35321	35321	35321
7HMH	3	35321	35321	35321
7HNU	3	35321	35321	35321
7HN4	3	35321	35321	35321
7HNQ	3	35321	35321	35321
7HO4	3	35321	35321	35321
7HMJ	3	35321	35321	35321
7HLX	3	35321	35321	35321
7HO6	3	35321	35321	35321
7HLC	3	35321	35321	35321
7HM3	3	35321	35321	35321
7HMB	3	35321	35321	35321
7HN1	3	35321	35321	35321
7HLV	3	35321	35321	35321
7HNM	3	35321	35321	35321
7HMF	3	35321	35321	35321
7HLD	3	35321	35321	35321
7HO7	3	35321	35321	35321
7HN7	3	35321	35321	35321
7HLU	3	35321	35321	35321
7HN3	3	35321	35321	35321
7HLQ	3	35321	35321	35321
7HOA	3	35321	35321	35321
7HM7	3	35321	35321	35321
7HLB	3	35321	35321	35321
7HNT	3	35321	35321	35321
7HMM	3	35321	35321	35321
7HMQ	3	35321	35321	35321
7HO8	3	35321	35321	35321
7HO1	3	35321	35321	35321
7HO0	3	35321	35321	35321
7HLE	3	35321	35321	35321
7HO2	3	35321	35321	35321
7HNR	3	35321	35321	35321
7HNC	3	35321	35321	35321
7HM8	3	35321	35321	35321
7HMI	3	35321	35321	35321
7HMX	3	35321	35321	35321
7HNK	3	35321	35321	35321
7HMD	3	35321	35321	35321
7HNW	3	35321	35321	35321
7HLK	3	35321	35321	35321
7HLT	3	35321	35321	35321
7HM1	3	35321	35321	35321
7HLF	3	35321	35321	35321
7HMP	3	35321	35321	35321
7HNA	3	35321	35321	35321
7HM2	3	35321	35321	35321
9GTE	3	35321	35321	35321
7HMK	3	35321	35321	35321
7HNV	3	35321	35321	35321
7HN0	3	35321	35321	35321
7HLZ	3	35321	35321	35321
7HM6	3	35321	35321	35321
7HNJ	3	35321	35321	35321
7HM5	3	35321	35321	35321
7HMR	3	35321	35321	35321
7HNB	3	35321	35321	35321
7HMU	3	35321	35321	35321
7HNX	3	35321	35321	35321
7HLJ	3	35321	35321	35321
7HM4	3	35321	35321	35321
7HNO	3	35321	35321	35321
7HO9	3	35321	35321	35321
7HM0	3	35321	35321	35321
9C1C	3	35323	35348	35348
9CG0	3	35342	35342	35342
9CGG	3	35342	35342	35342
9CFY	3	35342	35342	35342
9CGD	4	35342	35342	35342
9CFO	4	35342	35342	35342
9CGE	3	35342	35342	35342
9C1D	9	35348	35348	35348
9HIN	3	35367	35367	35367
9J0W	4	35413	35413	35413
8ZCX	4	35413	35413	35413
9J0S	4	35413	35413	35413
9K6U	8	35413	35413	35413
9IG2	2	35418	35418	35418
9DU5	12	35442	35442	35442
9IXO	6	35458	35458	35458
9JEP	4	35484	35484	35484
9JVK	4	35484	35484	35484
9JV6	4	35484	35484	35484
9JEM	4	35484	35484	35484
9JVL	4	35484	35484	35484
9VKN	2	35489	35489	35489
8Z6Z	1	35493	35493	35493
9S3A	2	35509	35509	35509
8Z6Y	1	35520	35520	35520
9IXQ	2	35522	35522	35522
9IUN	12	35569	35569	35569
9H8M	3	35581	35581	35581
9H8Z	3	35581	35581	35581
9J9A	3	35587	35587	35587
8ZIJ	2	35590	35590	35590
8ZIL	2	35590	35590	35590
8ZIF	6	35590	35590	35590
9KB4	1	35591	35591	35591
9KB3	1	35591	35591	35591
9JL8	1	35632	35632	35632
9JVS	1	35638	35638	35638
9JVY	4	35638	35638	35638
9JW2	1	35638	35638	35638
9D1S	3	35687	35687	35687
9KQ4	2	35690	35690	35690
9D1M	3	35695	35695	35695
9D1Q	3	35695	35695	35695
9D1O	3	35703	35703	35703
9D1T	3	35718	35718	35718
9D1L	3	35723	35723	35723
9KPR	2	35726	35726	35726
9HPW	1	35730	35730	35730
9HPU	1	35730	35730	35730
9HPT	1	35730	35730	35730
9HPY	1	35730	35730	35730
9D1P	3	35730	35730	35730
9D1N	3	35733	35733	35733
9KHU	1	35734	35734	35734
9MJ9	2	35744	35744	35744
9B7Z	2	35744	35744	35744
9I0T	1	35754	35754	35754
9KMP	5	35759	35759	35759
9K94	5	35759	35759	35759
9JO7	5	35759	35759	35759
9KMS	5	35759	35759	35759
9U3F	2	35759	35759	35759
9JNY	5	35759	35759	35759
9U4E	5	35759	35759	35759
9FNM	1	35763	35763	35763
9D1R	3	35773	35773	35773
9D1J	1	35785	35785	35785
9U3E	6	35789	35789	35789
9DUC	2	35792	35792	35792
9DVZ	8	35792	35792	35792
9CWU	6	35833	35833	35833
9CVB	6	35833	35833	35833
9CVA	6	35833	35833	35833
8Y21	4	35840	37552	37552
8Y7P	2	35850	35850	35850
9U3D	7	35869	35869	35869
9U3B	7	35869	35869	35869
9U3C	6	35869	35869	35869
10PW	20	35882	35882	35882
9CUP	2	35913	37371	37371
9CUR	2	35913	37371	37371
9CUS	2	35913	37371	37371
9BAA	2	35919	35919	35919
9KSA	4	35919	35919	35919
8VP5	2	35919	35919	35919
8VP3	2	35919	35919	35919
8VPB	2	35919	35919	35919
9L7A	4	35919	35919	35919
8VP6	2	35919	35919	35919
8VPA	2	35919	35919	35919
9L77	4	35919	35919	35919
9AZL	2	35919	35919	35919
8VP8	2	35919	35919	35919
9II5	1	35976	35976	35976
9N80	4	35978	35978	35978
9V0L	1	35980	35980	35980
9V0W	2	35980	35980	35980
8VP9	2	35983	35983	35983
9IXP	2	36087	36087	36087
9IXR	2	36087	36087	36087
9M3N	1	36089	36089	36089
9FXR	24	36090	36090	36090
9FRT	24	36090	36090	36090
9FTK	24	36090	36090	36090
9EK5	1	36104	36104	36104
9IYG	14	36107	36107	36107
9U54	18	36107	36107	36107
9QBA	3	36110	36110	36110
9IXN	6	36125	36125	36125
9UJD	4	36142	36142	36142
9ER3	19	36150	36150	36150
9VV4	2	36207	36207	36207
8ZI7	3	36213	36213	36213
8ZI6	7	36213	36213	36213
9RGL	2	36238	36238	36238
9IR6	6	36266	36266	36266
9IR5	3	36266	36266	36266
8RPG	1	36281	36281	36281
8ZN2	18	36309	36309	36309
9KPY	18	36309	36309	36309
9IYF	18	36309	36309	36309
8ZN3	18	36309	36309	36309
9IYH	18	36309	36309	36309
9IYE	18	36309	36309	36309
8Y58	3	36339	36339	36339
8Y59	3	36339	36339	36339
8Y5B	3	36339	36339	36339
9K8U	4	36340	36340	36340
9K6N	4	36344	36344	36344
9E68	7	36356	36356	36356
9BSH	6	36357	36357	36357
9BSM	3	36388	36388	36388
8VOU	12	36389	36389	36389
8RI0	6	36397	36397	36397
8Z9F	8	36409	36409	36409
8Z0X	8	36409	36409	36409
9K7Q	6	36409	36409	36409
8Z9G	8	36409	36409	36409
9FDE	6	36471	36556	36556
9DDY	6	36500	36500	36500
8RIC	6	36526	36526	36526
8RID	3	36526	36526	36526
8RIE	4	36526	36526	36526
9ZJQ	3	36528	36528	36528
9JFF	3	36546	36546	36546
9K2J	3	36546	36546	36546
9JFB	3	36546	36546	36546
8VP1	2	36549	36549	36549
8VOW	2	36549	36549	36549
8VOZ	2	36549	36549	36549
8VOX	2	36549	36549	36549
8RPF	4	36552	36552	36552
9AVH	3	36559	36559	36559
8Z17	1	36579	36579	36579
9N1C	3	36587	36587	36587
9N1D	3	36587	36587	36587
9N1B	3	36587	36587	36587
9YH8	4	36613	36613	36613
8Z15	1	36614	36614	36614
8Z12	1	36614	36614	36614
8Z14	1	36614	36614	36614
8Z13	1	36614	36614	36614
9J5E	1	36626	36626	36626
9CGF	3	36631	36631	36631
9CFI	4	36631	36631	36631
9YFR	4	36631	36631	36631
9CFQ	4	36631	36631	36631
9YGX	4	36631	36631	36631
9CGB	4	36631	36631	36631
9CMY	4	36631	36631	36631
9YCU	5	36631	36631	36631
9CFZ	3	36631	36631	36631
9YZV	3	36631	36631	36631
9CMX	3	36631	36631	36631
9CFM	4	36631	36631	36631
9CGA	4	36631	36631	36631
9CEI	4	36631	36631	36631
9B7A	2	36642	36642	36642
9LNH	2	36642	36642	36642
9LG0	2	36642	36642	36642
9LQ0	3	36660	36660	36660
9IMI	1	36693	36693	36693
8Z16	1	36694	36694	36694
9RFA	4	36694	36694	36694
9RB2	12	36694	36694	36694
9F5V	2	36717	36717	36717
8RP7	5	36731	36731	36731
9PCS	28	36743	36743	36743
9XUB	4	36744	36744	36744
9Z2C	6	36751	36751	36751
9FHD	2	36751	36751	36751
9Z2B	2	36751	36751	36751
9Z28	6	36751	36751	36751
9Z2A	6	36751	36751	36751
9FHE	2	36751	36751	36751
9Z29	6	36751	36751	36751
9F64	1	36761	36761	36761
9F65	2	36761	36761	36761
9D7J	6	36829	36829	36829
9NYO	8	36829	36829	36829
8XYT	4	36831	36831	36831
9LHF	6	36851	36851	36851
8YGY	1	36856	36856	36856
9G2S	2	36892	38216	38216
9MUK	4	36918	36918	36918
9JDQ	2	36924	36924	36924
9K1T	4	36948	36948	36948
8ZOP	1	36951	36951	36951
9FM8	1	36954	36954	36954
9FM7	1	36954	36954	36954
9DGZ	18	36968	36968	36968
9DH0	6	36968	36968	36968
9AUE	3	36974	36974	36974
9RAV	24	36992	36992	36992
9RAZ	24	36992	36992	36992
9RAS	32	36992	36992	36992
9RAU	24	36992	36992	36992
9RB1	24	36992	36992	36992
9AU3	3	36995	36995	36995
9B0C	3	36995	36995	36995
9L8J	6	37001	37001	37001
8VRH	12	37017	37017	37017
9J1E	3	37027	37027	37027
9J5B	3	37027	37027	37027
9J57	3	37027	37027	37027
9J5A	4	37027	37027	37027
9J5C	3	37027	37027	37027
9J1V	3	37027	37027	37027
9J58	3	37027	37027	37027
9J59	3	37027	37027	37027
9J1G	3	37027	37027	37027
9J5D	3	37027	37027	37027
9RF5	3	37044	37044	37044
9RF2	4	37044	37044	37044
9K05	2	37047	37047	37047
9CIW	4	37048	37048	37048
9CSI	3	37061	37061	37061
9H7Z	6	37069	37069	37069
9DHL	6	37076	37076	37076
9C84	6	37076	37076	37076
9C6P	4	37076	37076	37076
9C81	6	37076	37076	37076
9E97	6	37076	37076	37076
9C83	2	37076	37076	37076
9E9J	12	37076	37076	37076
9RHW	4	37129	37129	37129
9JWX	1	37134	37134	37134
9AZB	1	37156	37156	37156
8YKS	2	37194	37194	37194
8YKU	1	37194	37194	37194
9GSJ	2	37210	37210	37210
8RGN	2	37210	37210	37210
8RF1	2	37210	37210	37210
8RGA	2	37210	37210	37210
8REZ	2	37210	37210	37210
8RI1	2	37210	37210	37210
8RG7	2	37210	37210	37210
8RIA	2	37210	37210	37210
9BKQ	4	37232	37232	37232
9AVB	6	37253	37253	37253
9L35	2	37285	37285	37285
9P1B	6	37288	37288	37288
9JLA	1	37339	37339	37339
9NXL	6	37356	37356	37356
9J5T	1	37374	37374	37374
9J5Q	1	37374	37374	37374
9DLB	4	37376	37376	37376
9DLA	4	37376	37376	37376
9DLC	4	37376	37376	37376
9VNW	1	37387	37387	37387
9AZA	1	37402	37402	37402
9JCN	2	37468	37468	37468
8W1J	7	37468	37468	37468
8W1K	9	37468	37468	37468
9P6Q	3	37488	37488	37488
9JCM	2	37500	37500	37500
9VF7	12	37501	37501	37501
9IBE	12	37547	37547	37547
9HI5	12	37565	37565	37565
9IQF	2	37568	37722	37722
9IQE	2	37568	37722	37722
9IQG	2	37568	37722	37722
9DP3	6	37577	37577	37577
9KWI	2	37581	37717	37717
9K35	3	37597	37597	37597
8XSS	2	37601	37722	37722
8XSR	2	37601	37722	37722
8XST	2	37601	37722	37722
8YLF	1	37611	37611	37611
8YLL	1	37611	37611	37611
8YLK	1	37611	37611	37611
8XSV	6	37632	37632	37632
8ZM7	12	37657	37657	37657
9O9X	4	37676	44588	44588
9O9Y	4	37676	44588	44588
9WRI	2	37679	37679	37679
9DP1	2	37702	37702	37702
9DP2	4	37702	37702	37702
9NT6	6	37710	37710	37710
9G2P	2	37786	38001	38001
9FW3	2	37786	38216	38216
9G36	2	37788	38454	38454
9G2Y	2	37788	38193	38193
9G2Z	2	37788	38193	38193
9G2V	2	37788	38193	38193
9G2X	2	37788	38193	38193
9FXC	2	37788	39299	39299
9G37	2	37788	38454	38454
9G2L	2	37788	39314	39314
9G2K	2	37788	39314	39314
9G2M	2	37788	39314	39314
8Z0E	2	37793	37793	37793
8ZVX	6	37818	37933	37933
8ZVS	1	37818	37818	37818
9GL3	2	37856	38216	38216
9G2T	2	37856	38216	38216
9PHG	6	37903	37903	37903
9KW1	1	37910	37910	37910
9FTY	1	37910	37910	37910
9ODW	3	37910	37910	37910
9FU1	1	37910	37910	37910
9DHO	3	37910	37910	37910
9FTX	1	37910	37910	37910
9ODV	3	37910	37910	37910
9FUZ	2	37927	37927	37927
8VD9	1	37929	37929	37929
8VDA	1	37929	37929	37929
9F7K	6	37962	37962	37962
9FUQ	2	37963	37963	37963
9FUV	2	37963	37963	37963
9FV8	2	37963	37963	37963
9FUW	2	37963	37963	37963
9FV1	2	37963	37963	37963
9FV5	2	37963	37963	37963
9FV7	2	37963	37963	37963
9FV3	2	37963	37963	37963
9FUT	2	37963	37963	37963
9FVA	2	37963	37963	37963
9FUR	2	37963	37963	37963
9FUY	2	37963	37963	37963
9FV0	2	37963	37963	37963
9FV4	2	37963	37963	37963
9FV9	2	37963	37963	37963
9FUU	2	37963	37963	37963
9FUS	2	37963	37963	37963
9FV2	2	37963	37963	37963
9FV6	2	37963	37963	37963
9IJL	4	37984	37984	37984
9IVE	4	37984	37984	37984
8YQJ	2	37990	37990	37990
8YQP	2	37990	37990	37990
8VDB	4	38002	38002	38002
8S2Y	6	38029	38029	38029
9E6A	4	38030	38030	38030
9KA2	6	38044	38044	38044
9T1M	3	38058	38058	38058
9IZT	2	38083	38083	38083
9KA6	6	38116	38116	38116
9KA5	3	38116	38116	38116
9KA7	2	38116	38116	38116
8VJF	3	38118	38118	38118
8VJE	3	38118	38118	38118
8VJD	6	38118	38118	38118
8VJG	1	38118	38118	38118
8W11	2	38123	38123	38123
8VZ3	3	38123	38123	38123
8VZ5	1	38123	38123	38123
9G73	6	38164	38164	38164
8Z3B	2	38192	38192	38192
9KXN	1	38193	38193	38193
9KXI	1	38193	38193	38193
9KGO	3	38193	38193	38193
9JZU	1	38193	38193	38193
9JYR	1	38193	38193	38193
9KXD	1	38193	38193	38193
9KX7	1	38193	38193	38193
9KG9	3	38193	38193	38193
9KEZ	3	38193	38193	38193
9KXF	3	38193	38193	38193
9KXJ	3	38193	38193	38193
9JZS	1	38193	38193	38193
9KEB	3	38193	38193	38193
9JYO	1	38193	38193	38193
9KFZ	3	38193	38193	38193
9JYP	3	38193	38193	38193
9KE9	1	38193	38193	38193
9KEY	3	38193	38193	38193
9KE7	1	38193	38193	38193
9KXC	3	38193	38193	38193
9KXK	3	38193	38193	38193
9KEQ	1	38193	38193	38193
9KXM	3	38193	38193	38193
9KFC	3	38193	38193	38193
9KXQ	3	38193	38193	38193
9KFH	3	38193	38193	38193
9JZV	3	38193	38193	38193
9KXG	3	38193	38193	38193
9KXE	3	38193	38193	38193
9KES	3	38193	38193	38193
9INR	2	38193	38193	38193
9KF0	3	38193	38193	38193
9KXP	3	38193	38193	38193
9KEW	3	38193	38193	38193
9KEC	3	38193	38193	38193
9KX9	1	38193	38193	38193
9JZ6	1	38193	38193	38193
9KEL	3	38193	38193	38193
9JYS	1	38193	38193	38193
9V92	1	38193	38193	38193
9KXL	3	38193	38193	38193
9KX1	3	38193	38193	38193
9JZ2	1	38193	38193	38193
9JZG	1	38193	38193	38193
9JZ3	1	38193	38193	38193
9JYT	3	38193	38193	38193
9KXO	3	38193	38193	38193
9JYV	1	38193	38193	38193
9KXH	3	38193	38193	38193
9KE5	1	38193	38193	38193
9JZ4	1	38193	38193	38193
9IT1	1	38203	38203	38203
8XRW	12	38209	38209	38209
8XSC	2	38209	38209	38209
8XSK	2	38209	38209	38209
9NT5	3	38211	38211	38211
9NT4	8	38211	38211	38211
9NT3	4	38211	38211	38211
9D6W	8	38211	38211	38211
9D6Z	6	38211	38211	38211
9D6X	8	38211	38211	38211
9RXH	3	38213	38213	38213
9BXN	6	38220	38220	38220
9BXM	2	38220	38220	38220
9BXL	6	38220	38220	38220
9T28	3	38226	38226	38226
9MUA	6	38229	38229	38229
9MUP	1	38229	38229	38229
9R76	6	38266	38266	38266
9R7A	2	38266	38266	38266
9R79	6	38266	38266	38266
9O9D	2	38293	38688	38688
9O94	2	38293	38688	38688
9OCJ	2	38293	38688	38688
9I2T	36	38301	38301	38301
9I34	36	38301	38301	38301
9I33	36	38301	38301	38301
9I2X	36	38301	38301	38301
9I2U	36	38301	38301	38301
9I35	36	38301	38301	38301
9I2V	36	38301	38301	38301
9I31	36	38301	38301	38301
9I2W	36	38301	38301	38301
9I32	36	38301	38301	38301
9I30	36	38301	38301	38301
9I36	36	38301	38301	38301
9I2Z	36	38301	38301	38301
9NAD	1	38307	38307	38307
9VVS	2	38310	38310	38310
8YEB	16	38312	38312	38312
8YEC	48	38312	38312	38312
9P6K	4	38317	38317	38317
9OCG	2	38332	38777	38777
9VW7	2	38334	38334	38334
9GBY	3	38345	38345	38345
9GC8	3	38345	38345	38345
9GCA	3	38345	38345	38345
9NY7	12	38377	38377	38377
9H4F	2	38395	38395	38395
9AZU	3	38399	38399	38399
8VSI	2	38406	38538	38538
9BD7	2	38409	38409	38409
9BD6	2	38409	38409	38409
8RMW	6	38415	38415	38415
9ISW	1	38458	38458	38458
9UKV	1	38468	38468	38468
8ZE9	3	38485	38485	38485
9KBC	3	38508	38508	38508
9IXL	6	38514	38514	38514
9KB0	2	38529	38529	38529
9KKI	6	38537	38537	38537
9MDE	4	38545	38545	38545
9D71	4	38545	38545	38545
9MDH	12	38545	38545	38545
9MDF	4	38545	38545	38545
9D6Y	2	38545	38545	38545
9KBB	1	38545	38545	38545
9OMS	2	38559	38559	38559
9OMT	6	38559	38559	38559
9W96	4	38594	38594	38594
9AVE	1	38618	38618	38618
8RLY	15	38619	38619	38619
8YR4	2	38626	38626	38626
8YR3	2	38626	38626	38626
9VQK	4	38645	38645	38645
9WF1	4	38645	38645	38645
8RP3	6	38659	38659	38659
9J6E	4	38661	38661	38661
8RP5	6	38676	38676	38676
9K06	2	38683	38683	38683
8YFY	3	38693	38693	38693
8YFZ	3	38696	38696	38696
9KSZ	1	38701	38701	38701
9KSV	1	38701	38701	38701
9K1J	12	38715	38715	38715
9JX6	4	38715	38715	38715
8YVH	2	38717	38717	38717
8XRZ	4	38718	38718	38718
9JXC	4	38728	38728	38728
8VWK	1	38751	38751	38751
9SNJ	6	38754	38754	38754
9SND	6	38754	38754	38754
8YXY	2	38755	38755	38755
9F6R	6	38761	38761	38761
8RP4	6	38766	38766	38766
9KT0	1	38767	38767	38767
9M0T	3	38771	38771	38771
9M0V	3	38771	38771	38771
8YXQ	2	38777	38777	38777
9J67	2	38777	38777	38777
8Y12	2	38777	38777	38777
9J6C	2	38784	38784	38784
8YMA	4	38785	38785	38785
9ATU	4	38803	38803	38803
8VK5	3	38803	38803	38803
9SI4	3	38803	38803	38803
9ASS	1	38803	38803	38803
9ATK	8	38803	39035	39035
9ASX	2	38803	39035	39035
9J6L	1	38804	38804	38804
9V14	4	38805	38805	38805
8YWO	3	38805	38805	38805
9J6A	2	38812	38812	38812
8S6D	1	38813	38813	38813
8W2C	6	38834	38834	38834
9JS9	3	38854	38854	38854
9KG5	6	38854	38854	38854
9M7L	1	38864	38864	38864
9M7M	3	38864	38864	38864
9JU4	1	38864	38864	38864
9J0E	2	38876	38876	38876
9JZZ	1	38894	38894	38894
9JZY	1	38894	38894	38894
8XYS	4	38896	38896	38896
9DSB	6	38908	38908	38908
9K02	8	38924	38924	38924
9K01	8	38924	38924	38924
9K00	6	38924	38924	38924
9C0A	3	38975	38975	38975
9DDL	4	38975	38975	38975
9K04	6	38981	38981	38981
9K03	6	38981	38981	38981
9GRB	6	39006	39006	39006
9KWM	1	39008	39008	39008
9W6V	11	39016	39016	39016
9KWL	1	39028	39028	39028
9U53	1	39055	39055	39055
7H6H	3	39092	39092	39092
7H6G	6	39092	39092	39092
8VZ7	1	39094	39094	39094
9G1P	6	39099	39099	39099
9RPX	6	39099	39099	39099
9G1A	6	39099	39099	39099
9G1L	6	39099	39099	39099
9RQ7	6	39099	39099	39099
9G1F	6	39099	39099	39099
9RQB	6	39099	39099	39099
9G1O	6	39099	39099	39099
9RQF	6	39099	39099	39099
9RQ6	6	39099	39099	39099
9RQC	6	39099	39099	39099
9G1C	6	39099	39099	39099
9G1I	6	39099	39099	39099
9G1D	6	39099	39099	39099
9G1Q	6	39099	39099	39099
9RQ9	6	39099	39099	39099
9RQE	6	39099	39099	39099
9RQH	6	39099	39099	39099
9RQ2	6	39099	39099	39099
9S5B	8	39099	39099	39099
9RQ3	6	39099	39099	39099
9RQ0	6	39099	39099	39099
9G1E	6	39099	39099	39099
9RQ4	6	39099	39099	39099
9RQG	6	39099	39099	39099
9G1R	6	39099	39099	39099
9RQ5	6	39099	39099	39099
9G1S	6	39099	39099	39099
9RQ1	6	39099	39099	39099
9RPY	6	39099	39099	39099
9G1J	6	39099	39099	39099
9RPZ	8	39099	39099	39099
9G1G	6	39099	39099	39099
9RQA	6	39099	39099	39099
9RQD	6	39099	39099	39099
9G1K	6	39099	39099	39099
9G1H	6	39099	39099	39099
9RQ8	6	39099	39099	39099
9G1M	6	39099	39099	39099
9G1N	6	39099	39099	39099
9G1B	6	39099	39099	39099
9H7X	2	39127	39127	39127
9JMY	2	39176	39176	39176
9JMX	2	39182	39182	39182
8XXB	3	39236	39236	39236
8VX0	1	39238	39238	39238
9L7R	2	39269	39269	39269
9L7Q	2	39269	39269	39269
9CJG	2	39293	39293	39293
8Y4M	3	39331	39331	39331
8Y4K	2	39331	39331	39331
8Y4I	8	39331	39331	39331
9DBQ	2	39349	39349	39349
9BKA	1	39371	39371	39371
9I02	3	39400	39400	39400
9R3C	3	39400	39400	39400
9R3B	3	39400	39400	39400
9R9E	3	39400	39400	39400
9I5Q	3	39400	39400	39400
9I5P	3	39400	39400	39400
9SL8	3	39400	39400	39400
9R9D	3	39400	39400	39400
9I4W	3	39400	39400	39400
9SPC	3	39400	39400	39400
9I03	3	39400	39400	39400
9EWU	3	39400	39400	39400
9GCQ	3	39400	39400	39400
9I5O	3	39400	39400	39400
9QPU	3	39400	39400	39400
9SL9	3	39400	39400	39400
9GCR	3	39400	39400	39400
9MTO	6	39412	39412	39412
9JQM	2	39439	39439	39439
9IVH	4	39441	39441	39441
9GC1	1	39447	39447	39447
9GC9	1	39447	39447	39447
9GCD	1	39447	39447	39447
9GCC	1	39447	39447	39447
9GBH	3	39447	39447	39447
8XSH	1	39451	39451	39451
8XSG	1	39451	39451	39451
8ZXB	4	39463	39463	39463
9BK9	6	39492	39492	39492
9JLY	2	39493	39493	39493
9JM9	2	39493	39493	39493
9JI7	2	39493	39493	39493
9JJ4	2	39493	39493	39493
9JML	2	39493	39493	39493
9JLK	2	39493	39493	39493
10UH	9	39506	39506	39506
9ZAV	5	39506	39506	39506
10UI	12	39506	39506	39506
9HGZ	8	39536	39536	39536
9HH0	8	39536	39536	39536
7H64	3	39570	39570	39570
7H62	3	39570	39570	39570
7H69	3	39570	39570	39570
7H67	3	39570	39570	39570
7H66	3	39570	39570	39570
7H6E	3	39570	39570	39570
7H6C	3	39570	39570	39570
7H6I	3	39570	39570	39570
7H63	3	39570	39570	39570
7H6D	3	39570	39570	39570
7H60	3	39570	39570	39570
7H68	4	39570	39570	39570
7H6F	3	39570	39570	39570
7H65	3	39570	39570	39570
7H61	3	39570	39570	39570
7H6A	3	39570	39570	39570
8XIV	3	39588	39588	39588
7H6B	1	39589	39589	39589
9CV8	6	39626	39626	39626
9D1K	10	39645	39645	39645
9S7F	2	39681	39681	39681
9SI5	2	39681	39681	39681
8RTV	2	39682	39682	39682
9MC1	1	39703	39703	39703
8XVW	6	39724	39724	39724
8ZXU	12	39724	39724	39724
9MY6	6	39731	39731	39731
9JL5	3	39756	39756	39756
9KW2	3	39756	39756	39756
9JKZ	3	39756	39756	39756
9VL0	3	39756	39756	39756
9JIP	3	39756	39756	39756
9KW5	3	39756	39756	39756
9KW3	3	39756	39756	39756
9JKW	3	39756	39756	39756
9JI6	3	39756	39756	39756
9KW4	3	39756	39756	39756
9JHW	3	39757	39757	39757
9JI1	3	39757	39757	39757
9LN5	3	39764	39764	39764
8YZA	1	39769	39769	39769
8YZ8	2	39769	39769	39769
8YYP	2	39769	39769	39769
8YXT	1	39769	39769	39769
9AYD	6	39769	39769	39769
8YY7	2	39769	39769	39769
9AVC	6	39769	39769	39769
8Z9S	1	39782	39782	39782
9MY7	6	39802	39802	39802
9BR7	4	39806	39806	39806
9MMH	8	39818	39818	39818
9J32	9	39819	39819	39819
9BR6	2	39830	39830	39830
8ZWT	6	39831	39831	39831
9KPP	1	39845	39845	39845
9LOW	6	39850	39850	39850
9MY5	6	39857	39857	39857
9DCG	6	39860	39860	39860
8XY8	1	39866	39866	39866
9KPU	2	39867	39867	39867
9O9I	3	39901	39901	39901
8VOD	3	39901	39901	39901
8RAI	3	39903	39903	39903
8RAF	3	39903	39903	39903
9AYE	1	39905	39905	39905
9AVD	1	39905	39905	39905
8YHN	1	39916	39916	39916
8XJ1	1	39940	39940	39940
8XIX	1	39940	39940	39940
8YRT	3	39974	39974	39974
8YRV	3	39974	39974	39974
8YRU	4	39974	39974	39974
9NZ6	8	40049	40049	40049
9O35	2	40053	40053	40053
8ZN9	18	40071	40071	40071
9C9E	3	40097	40097	40097
9EBY	3	40104	40104	40104
9DUJ	3	40132	40132	40132
8YLH	6	40164	40164	40164
8YLJ	1	40164	40164	40164
9O57	2	40165	40165	40165
9RLK	5	40179	41389	46047
9RLI	5	40179	41389	46047
8VB3	6	40196	40196	40196
9M47	3	40203	40203	40203
9JQ9	1	40216	40216	40216
9AZY	3	40220	40220	40220
9AZW	1	40220	40220	40220
9UYC	2	40246	40246	40246
8ZTB	6	40251	40251	40251
9LW0	3	40259	40259	40259
8S4M	7	40280	40280	40280
8V8Y	3	40334	40334	40334
9IRE	2	40357	40357	40357
8VXG	3	40384	40384	40384
8VXI	1	40391	40391	40391
9YVV	3	40430	40430	40430
9G9S	6	40430	40430	40430
9MS3	3	40430	40430	40430
9YV5	1	40430	40430	40430
9G9R	6	40430	40430	40430
9G9Q	2	40430	40430	40430
9JP8	6	40463	40463	40463
9JNQ	2	40465	40465	40465
9JNR	2	40481	40481	40481
9GTV	4	40482	40482	40482
9BW8	9	40484	40484	40484
8S53	3	40530	40530	40530
9JXT	3	40544	40544	40544
9JX7	3	40544	40544	40544
9EQD	3	40549	40549	40549
9FF3	1	40552	40552	40552
9FA0	1	40552	40552	40552
8YRC	9	40580	40580	40580
8VF0	3	40599	40599	40599
9FN0	12	40619	41286	41286
9FUN	12	40619	41286	41286
9FOL	12	40619	41286	41286
8VFR	3	40636	40636	40636
8VFP	3	40636	40636	40636
8VF3	3	40636	40636	40636
8VOC	3	40639	40639	40639
8VKF	3	40639	40639	40639
8VOK	3	40639	40639	40639
8VOT	4	40639	40639	40639
9DOE	3	40639	40639	40639
8VL0	3	40639	40639	40639
9VNV	2	40656	40656	40656
9DX9	4	40657	40657	40657
9DZR	7	40657	40657	40657
9DWR	3	40657	40657	40657
9DX8	3	40657	40657	40657
9DYC	3	40667	40667	40667
9DY9	3	40667	40667	40667
9DXW	3	40667	40667	40667
9DY5	3	40667	40667	40667
9KAU	2	40690	40690	40690
9K71	2	40690	40690	40690
8Z1I	2	40722	40722	40722
9KOJ	2	40722	40722	40722
8YO2	6	40738	40738	40738
9L7F	6	40738	40738	40738
9BKC	6	40791	40791	40791
8W39	2	40863	40863	40863
9MHD	4	40876	43879	43879
9MHZ	4	40876	43879	43879
9CFL	4	40876	43812	43812
9CFP	12	40876	43879	43879
9MHU	4	40876	43879	43879
9J0V	3	40878	40878	40878
9J0U	1	40878	40878	40878
9BLE	12	40923	40923	40923
9BLD	12	40923	40923	40923
8ZOV	3	40935	40935	40935
8ZO3	2	40935	40935	40935
8ZPO	2	40935	40935	40935
9D2D	1	40963	40963	40963
9MTW	6	41026	41026	41026
9MTU	6	41026	41026	41026
8XR4	8	41054	41054	41054
8XR3	2	41054	41054	41054
8XR2	16	41054	41054	41054
9RLF	5	41094	41707	46041
9RLE	5	41094	41707	46047
8ZA2	2	41118	41118	41118
9MTV	6	41146	41146	41146
9MFY	2	41148	41148	41148
9BHY	2	41148	41148	41148
9BHZ	2	41148	41148	41148
9FVT	4	41154	41154	41154
9L9G	4	41155	41155	41155
9LKA	4	41155	41155	41155
9N2W	6	41162	41162	41162
8Y9O	3	41189	41189	41189
9RF1	2	41218	41218	41218
8RMZ	1	41223	41223	41223
9ONH	1	41223	41223	41223
9NJW	1	41223	41223	41223
9WAT	1	41236	41236	41236
8ZTP	2	41239	41239	41239
8ZVO	4	41257	41257	41257
8ZVN	3	41257	41257	41257
9M1Q	2	41272	41272	41272
9M1V	4	41272	41272	41272
9RJP	12	41285	41285	41285
9RJI	18	41285	41285	41285
9RJH	18	41285	41285	41285
9RJL	18	41285	41285	41285
9RJN	12	41285	41285	41285
9RJG	18	41285	41285	41285
9RJJ	18	41285	41285	41285
9RJM	18	41285	41285	41285
9RJK	12	41285	41285	41285
8XBP	2	41381	41381	41381
8XBN	6	41381	41381	41381
8XZU	3	41382	41382	41382
8YCV	1	41382	41382	41382
8XB7	3	41382	41382	41382
9GVK	4	41389	46150	46150
9RLC	4	41389	46041	46041
9RLJ	4	41389	46041	46041
9GRC	4	41389	46140	46140
9RLD	4	41389	46041	46041
8Z0C	2	41449	41449	41449
9C0L	3	41526	41526	41526
9C0M	1	41526	41526	41526
9Y1L	6	41577	41577	41577
9DTL	3	41604	41604	41604
9DWP	3	41604	41604	41604
9DWO	3	41604	41604	41604
9FH0	2	41619	41619	41619
9FGZ	6	41619	41619	41619
9O90	6	41631	41631	41631
9YFB	3	41631	41631	41631
9YFK	6	41631	41631	41631
9YGK	6	41631	41631	41631
9YFI	6	41631	41631	41631
8YZ7	1	41646	41646	41646
9S5K	6	41646	41646	41646
9S5L	6	41646	41646	41646
9S5M	6	41646	41646	41646
9H5W	6	41649	41735	41735
9H5R	6	41649	41735	41735
9H6R	6	41649	41735	41735
8YQO	1	41656	41656	41656
8Y2S	1	41662	41662	41662
9BAT	2	41688	41688	41688
9GUH	1	41714	41714	41714
9GUG	2	41714	41714	41714
9GQU	2	41714	41714	41714
8XKG	2	41725	41725	41725
8YNW	4	41727	41727	41727
9FVE	12	41732	41732	41732
9EOY	21	41779	41779	41779
9FCR	2	41780	41780	41780
9IPT	2	41780	41780	41780
8YVW	4	41839	41839	41839
9C5K	12	41854	41854	41854
9C5L	12	41854	41854	41854
9C5M	24	41854	41854	41854
9C5N	12	41854	41854	41854
8Z53	2	41907	41907	41907
9MMI	8	41925	41925	41925
8YNV	4	41979	41979	41979
9JQG	6	42063	42063	42063
8VD3	2	42072	42072	42072
8ZA1	3	42079	42079	42079
9EHY	7	42086	42086	42086
8ZA5	6	42121	42121	42121
9FE6	5	42158	42158	42158
9FEB	15	42158	42158	42158
8ZF2	6	42181	42181	42181
9JWC	2	42195	42195	42195
8ZA3	3	42195	42195	42195
8Y54	2	42195	42195	42195
9JVA	2	42195	42195	42195
9M0Q	2	42197	42197	42197
9IY1	6	42239	42239	42239
9C2G	6	42257	42257	42257
8ZF3	6	42311	42311	42311
9EXV	2	42335	42335	42335
9HT4	4	42398	42398	42398
9HT3	2	42398	42398	42398
9H0Z	14	42433	42433	42433
8XT8	4	42450	42966	42966
8XU0	4	42450	42966	42966
8XTA	4	42450	42966	42966
9DAY	2	42453	42453	42453
9IY3	1	42455	42455	42455
9IY4	1	42455	42455	42455
9U5X	6	42469	42469	42469
9C9F	8	42470	42470	42470
9BH3	4	42505	42505	42505
9J90	2	42506	42506	42506
8Y4J	12	42546	42546	42546
9BHF	4	42549	42549	42549
9JE9	2	42569	42569	42569
8S7Z	12	42570	42570	42570
9JFC	4	42575	42575	42575
9QHC	2	42577	42577	42577
8XWK	12	42605	42605	42605
9CM0	60	42609	42609	42609
9GIZ	2	42631	42631	42631
9DSY	3	42676	42676	42676
9DY3	3	42676	42676	42676
21BK	2	42682	42682	42682
9C5J	6	42692	42692	42692
9C5H	12	42692	42692	42692
9C5I	4	42692	42692	42692
8XAC	4	42778	42778	42778
9FZW	2	42810	42810	42810
8Y46	12	42819	42819	42819
8Y4B	8	42819	42819	42819
8Y11	8	42819	42819	42819
8V90	12	42842	42842	42842
8VD1	3	42849	42849	42849
8VCZ	1	42849	42849	42849
9WLV	6	42912	42912	42912
8XTC	2	42921	42921	42921
9FUL	3	42929	42929	42929
8XTB	2	42931	42931	42931
9K1K	6	42945	42945	42945
8ZP6	1	42955	42955	42955
8VLJ	6	42973	42973	42973
8VLK	12	42973	42973	42973
9FUO	3	42984	42984	42984
9FUG	3	42984	42984	42984
8VLL	6	43005	43005	43005
9SMZ	6	43126	43126	43126
9QDR	6	43126	43126	43126
9KZM	3	43127	43127	43127
8ZWN	4	43130	43130	43130
8YSB	1	43145	43145	43145
9DTW	3	43192	43192	43192
9C5O	12	43198	43198	43198
9KUJ	2	43210	43210	43210
9GWW	2	43237	43237	43237
9GWV	6	43237	43237	43237
9GWU	6	43237	43237	43237
8RQH	4	43248	43248	43248
9JRW	2	43263	43263	43263
9K8Q	9	43299	43299	43299
9K8R	2	43299	43299	43299
8YV7	4	43346	43346	43346
8VTC	3	43348	43348	43348
9YK4	3	43351	43351	43351
9U4L	6	43356	43356	43356
9COR	3	43363	43363	43363
9COU	3	43363	43363	43363
9COS	3	43363	43363	43363
9BBB	1	43363	43363	43363
9COT	3	43363	43363	43363
9PLK	3	43363	43363	43363
9COX	3	43363	43363	43363
9COW	3	43363	43363	43363
9COV	3	43363	43363	43363
9COY	3	43363	43363	43363
9PLJ	3	43363	43363	43363
9EDJ	2	43388	43388	43388
9COM	3	43388	43388	43388
9DRO	6	43388	43388	43388
9EBF	4	43388	43388	43388
9D87	1	43388	43388	43388
9ISU	4	43409	43409	43409
9IST	2	43418	43418	43418
9BV9	1	43425	43425	43425
9BVB	1	43425	43425	43425
9BVA	1	43425	43425	43425
9BV7	1	43425	43425	43425
9BV5	1	43425	43425	43425
9MS1	1	43425	43425	43425
9BVC	1	43425	43425	43425
9BV6	3	43425	43425	43425
9BV8	1	43425	43425	43425
9ISS	6	43426	43426	43426
9NNJ	1	43431	43431	43431
9NNM	4	43431	43431	43431
9NNO	4	43431	43431	43431
9NNI	4	43431	43431	43431
9NNE	4	43431	43431	43431
9NNA	4	43431	43431	43431
9KGP	2	43442	43442	43442
9PGW	3	43446	43446	43446
9PGX	3	43446	43446	43446
9PGY	3	43446	43446	43446
9KOV	8	43452	43452	43452
9FZ1	4	43455	43455	43455
9FVF	2	43455	43455	43455
9FW1	2	43455	43455	43455
9GK1	1	43504	43504	43504
9L7V	2	43543	43543	43543
9UE2	6	43650	43650	43650
8YB2	6	43663	43663	43663
8YAY	6	43663	43663	43663
8YB0	6	43663	43663	43663
8YAZ	6	43664	43664	43664
8YB3	6	43664	43664	43664
8YB1	6	43664	43664	43664
9L7U	4	43665	43665	43665
9L7S	8	43675	43675	43675
9L7T	6	43675	43675	43675
9MGS	1	43689	43689	43689
9MGU	1	43689	43689	43689
9U9U	8	43716	43716	43716
9KT5	6	43737	43737	43737
9R40	3	43807	43807	43807
9MS2	2	43821	43821	43821
9MGT	6	43937	43937	43937
9MH3	6	43937	43937	43937
9MH7	8	43937	43937	43937
9MH6	8	43937	43937	43937
9MH5	6	43937	43937	43937
9DCM	2	44048	44048	44048
9KD2	6	44062	44062	44062
9KD1	8	44062	44062	44062
9C17	3	44096	44096	44096
9C16	3	44096	44096	44096
9C18	6	44096	44096	44096
9IVN	24	44110	44110	44110
9IVO	12	44110	44110	44110
9DRH	1	44144	44144	44144
9EDL	6	44159	44159	44159
9BI7	3	44172	44172	44172
8VRF	6	44226	44226	44226
9BQ0	4	44260	44260	44260
9JDT	16	44274	44274	44274
9BD4	6	44283	44283	44283
9NI0	7	44300	44300	44300
9JHA	1	44310	44310	44310
9KZ4	2	44324	44324	44324
9PXC	3	44353	44353	44353
9NJO	3	44353	44353	44353
8YPU	4	44388	52515	52515
8YPT	4	44425	52515	52515
8VZ4	8	44440	44440	44440
9CLR	2	44447	44447	44447
9DAR	3	44454	44454	44454
9DAQ	3	44454	44454	44454
9PWK	3	44485	44485	44485
9HH3	12	44518	44518	44518
8ZTZ	5	44518	44518	44518
9IJF	8	44518	44518	44518
9PFM	3	44537	44537	44537
9PWM	4	44571	44571	44571
9PFL	6	44616	44616	44616
9C0N	3	44627	44627	44627
9R72	12	44675	44675	44675
9HH2	6	44678	44678	44678
9HH4	12	44678	44678	44678
8YIA	12	44682	44682	44682
8Y83	2	44734	44734	44734
8Y7R	2	44734	44734	44734
8W0N	6	44755	44755	44755
8YAG	8	44770	44770	44770
8YAK	8	44891	44891	44891
9K2F	2	44893	44893	44893
9HJW	3	44908	44908	44908
9HKE	3	44908	44908	44908
9HJV	3	44908	44908	44908
9HTX	4	44939	44939	44939
9HUA	12	44939	44939	44939
9GWA	2	44957	44957	44957
9H5E	6	44957	44957	44957
9H5O	6	44957	44957	44957
9H4Z	6	44957	44957	44957
8W0O	24	45043	45043	45043
8YJ4	14	45112	45112	45112
8ZRY	6	45314	45314	45314
8ZRX	6	45314	45314	45314
8ZRU	6	45314	45314	45314
8ZRV	6	45314	45314	45314
8ZRW	6	45314	45314	45314
9GVM	6	45386	45386	45386
9GVW	6	45386	45386	45386
9HI0	6	45388	45388	45388
9HI1	8	45396	45396	45396
8XVN	8	45453	45453	45453
9AZO	6	45608	45608	45608
9HI2	3	45698	45698	45698
9JVE	6	45723	45723	45723
9HJN	6	45784	45784	45784
9FTC	6	45818	45818	45818
9FTB	3	45818	45818	45818
8RHT	1	45888	45888	45888
8YAV	4	45935	45935	45935
8ZAX	2	45935	45935	45935
8YAI	4	45968	45968	45968
8YAU	6	45979	45979	45979
9R84	2	46068	46421	46421
9ULC	3	46154	46154	46154
9ULD	3	46154	46154	46154
9ULA	18	46154	46154	46154
9UL8	9	46154	46154	46154
9UL9	9	46154	46154	46154
9ULB	3	46154	46154	46154
9L5X	12	46205	46205	46205
9CM8	6	46232	46232	46232
8YHM	6	46314	46314	46314
8YHG	6	46314	46314	46314
8YI8	12	46314	46314	46314
9L75	2	46357	46357	46357
9S5X	6	46445	46445	46445
9DK4	4	46592	46592	46592
9JFJ	4	46694	46694	46694
9IJK	4	46734	46734	46734
9LDQ	4	46758	46758	46758
9JUX	3	46780	46780	46780
9CLY	6	46785	46785	46785
8Y97	12	46895	47681	47681
8Y96	12	46895	47681	47681
8Y98	12	46895	47681	47681
9I68	3	46993	46993	46993
9I69	3	46993	46993	46993
9I6A	1	46993	46993	46993
9FO1	1	47182	47182	47182
9KQ1	2	47248	47248	47248
9CKX	2	47322	47322	47322
8VSQ	2	47483	47483	47483
9IQ3	4	47744	47744	47744
9IQM	1	47952	47952	47952
9IQ5	2	47952	47952	47952
9IQK	6	48021	48021	48021
9IQ7	2	48021	48021	48021
9IQL	6	48021	48021	48021
9IQN	1	48158	48158	48158
8W3V	2	48284	48284	48284
8Z6G	3	48338	48338	48338
9HUT	12	48394	48394	48394
8RHW	12	48394	48394	48394
8RHU	12	48394	48394	48394
8RHY	12	48394	48394	48394
8RHV	12	48394	48394	48394
9HUV	12	48394	48394	48394
9HUP	12	48394	48394	48394
8RHX	12	48394	48394	48394
9HUU	12	48394	48394	48394
9HUW	12	48394	48394	48394
9IQD	4	48522	48522	48522
8Z3H	1	49061	49061	49061
8Z3J	1	49061	49061	49061
9KOQ	6	49109	49109	49109
9IY5	6	49153	49153	49153
9H48	3	50237	50237	50237
9FN5	2	50315	50315	50315
9F8J	16	50760	50760	50760
9F8M	12	50760	50760	50760
9F8N	8	50760	50760	50760
9F8P	6	50760	50760	50760
9F8L	9	50760	50760	50760
9F8O	12	50760	50760	50760
9F8S	6	50760	50760	50760
9F8Q	6	50760	50760	50760
9F8K	8	50760	50760	50760
9F8H	6	50760	50760	50760
9F8I	12	50760	50760	50760
9F8R	14	50760	50760	50760
8ZAV	2	50789	50789	50789
9G4O	3	50925	50925	50925
8RZ3	3	50928	50928	50928
9Z6R	6	51055	51055	51055
9M3K	4	51350	51350	51350
9GSR	6	51374	51374	51374
9BGR	8	51457	51457	51457
9BGP	6	51464	51464	51464
9XZO	3	51488	51488	51488
8VR3	6	51580	51580	51580
8VR5	12	51614	51614	51614
9IQZ	2	52093	52093	52093
9IR0	2	52093	52093	52093
9GSC	4	52516	52516	52516
9GPI	4	52516	52516	52516
9GZG	6	52796	52796	52796
9AR1	6	53872	53872	53872
8W3U	6	54122	54122	54122
10KE	12	54261	54261	54261
9PMN	8	54261	54261	54261
8RDH	2	54672	54672	54672
8RDG	6	54672	54672	54672
8RDI	4	54681	54681	54681
8VR2	12	55373	55373	55373
9KFO	3	55583	55583	55583
9UXM	3	55583	55583	55583
9KD4	6	55583	55583	55583
9J20	6	55583	55583	55583
9L0V	1	55583	55583	55583
9L0T	2	55583	55583	55583
9UXG	3	55583	55583	55583
9KFN	3	55583	55583	55583
9KD5	6	55583	55583	55583
9UXJ	3	55583	55583	55583
9KFM	4	55583	55583	55583
9VN5	6	55583	55583	55583
9JWV	2	55652	55652	55652
9UK4	1	55791	55791	55791
9UK3	3	55791	55791	55791
9UK1	1	55791	55791	55791
9KQS	3	55791	55791	55791
9UK7	3	55791	55791	55791
9UJZ	1	55791	55791	55791
8YDD	3	55791	55791	55791
9UJR	1	55791	55791	55791
9D5Z	6	55860	55860	55860
9BBA	12	56505	56505	56505
9BEP	6	56505	56505	56505
9K7U	1	57941	57941	57941
9H6B	2	58341	58341	58341
9H6A	2	58341	58341	58341
9H6D	2	58341	58341	58341
9H6C	2	58341	58341	58341
9NCV	12	58644	58644	58644
9NCW	12	58644	58644	58644
9NCT	6	58644	58644	58644
9EKP	7	58816	58816	58816
8VSR	2	58960	58960	58960
